"año","Id_municipio","Municipio","Subregion","Id_cultivo","Cultivo","Ciclo","Produccion_toneladas"
"2022","76233","Dagua","Sur","2045801","Plátano","Anual","14.088"
"2022","76100","Bolivar","Norte","2045801","Plátano","Anual","6.578"
"2022","76243","El Aguila","Norte","2045801","Plátano","Anual","26.000"
"2022","76001","Cali","Sur","2045801","Plátano","Anual","186"
"2022","76275","Florida","Sur","2045801","Plátano","Anual","2.124,4"
"2022","76400","La Unión","Norte","2045801","Plátano","Anual","416"
"2022","76306","Ginebra","Sur","2045801","Plátano","Anual","1.110"
"2022","76020","Alcalá","Norte","2045801","Plátano","Anual","12.000"
"2022","76250","El Dovio","Norte","2045801","Plátano","Anual","1.957"
"2022","76403","La Victoria","Norte","2045801","Plátano","Anual","1.176"
"2022","76246","El Cairo","Norte","2045801","Plátano","Anual","23.700"
"2022","76036","Andalucia","Centro","2045801","Plátano","Anual","1.062,72"
"2022","76147","Cartago","Norte","2045801","Plátano","Anual","2.550"
"2022","76622","Roldanillo","Norte","2045801","Plátano","Anual","1.440"
"2022","76054","Argelia","Norte","2045801","Plátano","Anual","9.780"
"2022","76041","Ansermanuevo","Norte","2045801","Plátano","Anual","8.006,6"
"2022","76823","Toro","Norte","2045801","Plátano","Anual","1.410"
"2022","76109","Buenaventura","Pacifico","2045801","Plátano","Anual","465"
"2022","76111","Buga","Centro","2045801","Plátano","Anual","280"
"2022","76113","Bugalagrande","Centro","2045801","Plátano","Anual","2.064"
"2022","76126","Calima Darién","Centro","2045801","Plátano","Anual","3.462,94"
"2022","76122","Caicedonia","Centro","2045801","Plátano","Anual","23.352"
"2022","76130","Candelaria","Sur","2045801","Plátano","Anual","56,8"
"2022","76828","Trujillo","Centro","2045801","Plátano","Anual","38.786"
"2022","76834","Tuluá","Centro","2045801","Plátano","Anual","4.194"
"2022","76670","San Pedro","Centro","2045801","Plátano","Anual","265"
"2022","76736","Sevilla","Centro","2045801","Plátano","Anual","77.832"
"2022","76890","Yotoco","Centro","2045801","Plátano","Anual","12.540,36"
"2022","76318","Guacarí","Centro","2045801","Plátano","Anual","1.848"
"2022","76895","Zarzal","Norte","2045801","Plátano","Anual","33,48"
"2022","76364","Jamundí","Sur","2045801","Plátano","Anual","625"
"2022","76892","Yumbo","Sur","2045801","Plátano","Anual","387"
"2022","76377","La Cumbre","Sur","2045801","Plátano","Anual","2.984,8"
"2022","76845","Ulloa","Norte","2045801","Plátano","Anual","2.545,2"
"2022","76497","Obando","Norte","2045801","Plátano","Anual","4.920"
"2022","76863","Versalles","Norte","2045801","Plátano","Anual","4.519"
"2021","76863","Versalles","Norte","2045801","Plátano","Anual","4.539"
"2022","76520","Palmira","Sur","2045801","Plátano","Anual","1.590,25"
"2022","76869","Vijes","Sur","2045801","Plátano","Anual","1.288"
"2021","76869","Vijes","Sur","2045801","Plátano","Anual","1.200"
"2022","76563","Pradera","Sur","2045801","Plátano","Anual","120"
"2022","76606","Restrepo","Centro","2045801","Plátano","Anual","5.176"
"2022","76616","Riofrío","Centro","2045801","Plátano","Anual","32.184"
"2021","76890","Yotoco","Centro","2045801","Plátano","Anual","14.378"
"2021","76828","Trujillo","Centro","2045801","Plátano","Anual","34.960"
"2021","76834","Tuluá","Centro","2045801","Plátano","Anual","4.221"
"2021","76845","Ulloa","Norte","2045801","Plátano","Anual","2.545"
"2021","76892","Yumbo","Sur","2045801","Plátano","Anual","305"
"2021","76895","Zarzal","Norte","2045801","Plátano","Anual","56"
"2021","76563","Pradera","Sur","2045801","Plátano","Anual","90"
"2021","76520","Palmira","Sur","2045801","Plátano","Anual","1.600"
"2021","76403","La Victoria","Norte","2045801","Plátano","Anual","800"
"2021","76497","Obando","Norte","2045801","Plátano","Anual","899"
"2021","76736","Sevilla","Centro","2045801","Plátano","Anual","30.101"
"2021","76823","Toro","Norte","2045801","Plátano","Anual","1.360"
"2021","76616","Riofrío","Centro","2045801","Plátano","Anual","30.584"
"2021","76622","Roldanillo","Norte","2045801","Plátano","Anual","910"
"2021","76670","San Pedro","Centro","2045801","Plátano","Anual","300"
"2021","76001","Cali","Sur","2045801","Plátano","Anual","198"
"2021","76246","El Cairo","Norte","2045801","Plátano","Anual","23.730"
"2021","76275","Florida","Sur","2045801","Plátano","Anual","2.224"
"2021","76250","El Dovio","Norte","2045801","Plátano","Anual","1.925"
"2021","76147","Cartago","Norte","2045801","Plátano","Anual","1.841"
"2021","76233","Dagua","Sur","2045801","Plátano","Anual","7.044"
"2021","76243","El Aguila","Norte","2045801","Plátano","Anual","26.000"
"2021","76377","La Cumbre","Sur","2045801","Plátano","Anual","2.977"
"2021","76364","Jamundí","Sur","2045801","Plátano","Anual","750"
"2021","76400","La Unión","Norte","2045801","Plátano","Anual","333"
"2021","76306","Ginebra","Sur","2045801","Plátano","Anual","261"
"2021","76318","Guacarí","Centro","2045801","Plátano","Anual","2.136"
"2021","76054","Argelia","Norte","2045801","Plátano","Anual","11.592"
"2021","76109","Buenaventura","Pacifico","2045801","Plátano","Anual","1.330"
"2021","76100","Bolivar","Norte","2045801","Plátano","Anual","6.058"
"2021","76036","Andalucia","Centro","2045801","Plátano","Anual","823"
"2021","76020","Alcalá","Norte","2045801","Plátano","Anual","15.288"
"2021","76041","Ansermanuevo","Norte","2045801","Plátano","Anual","8.007"
"2021","76126","Calima Darién","Centro","2045801","Plátano","Anual","3.243"
"2021","76122","Caicedonia","Centro","2045801","Plátano","Anual","25.371"
"2021","76130","Candelaria","Sur","2045801","Plátano","Anual","89"
"2021","76111","Buga","Centro","2045801","Plátano","Anual","280"
"2021","76113","Bugalagrande","Centro","2045801","Plátano","Anual","2.024"
"2020","76895","Zarzal","Norte","2045801","Plátano","Anual","33"
"2020","76890","Yotoco","Centro","2045801","Plátano","Anual","7.954"
"2020","76892","Yumbo","Sur","2045801","Plátano","Anual","195"
"2020","76670","San Pedro","Centro","2045801","Plátano","Anual","300"
"2020","76823","Toro","Norte","2045801","Plátano","Anual","1.360"
"2020","76736","Sevilla","Centro","2045801","Plátano","Anual","30.198"
"2020","76616","Riofrío","Centro","2045801","Plátano","Anual","29.929"
"2020","76622","Roldanillo","Norte","2045801","Plátano","Anual","930"
"2020","76863","Versalles","Norte","2045801","Plátano","Anual","2.588"
"2020","76845","Ulloa","Norte","2045801","Plátano","Anual","2.545"
"2020","76869","Vijes","Sur","2045801","Plátano","Anual","1.200"
"2020","76828","Trujillo","Centro","2045801","Plátano","Anual","27.800"
"2020","76834","Tuluá","Centro","2045801","Plátano","Anual","4.212"
"2020","76020","Alcalá","Norte","2045801","Plátano","Anual","12.540"
"2020","76036","Andalucia","Centro","2045801","Plátano","Anual","451"
"2020","76001","Cali","Sur","2045801","Plátano","Anual","198"
"2020","76109","Buenaventura","Pacifico","2045801","Plátano","Anual","1.302"
"2020","76111","Buga","Centro","2045801","Plátano","Anual","224"
"2020","76054","Argelia","Norte","2045801","Plátano","Anual","11.004"
"2020","76041","Ansermanuevo","Norte","2045801","Plátano","Anual","7.307"
"2020","76100","Bolivar","Norte","2045801","Plátano","Anual","5.109"
"2020","76377","La Cumbre","Sur","2045801","Plátano","Anual","2.071"
"2020","76400","La Unión","Norte","2045801","Plátano","Anual","104"
"2020","76364","Jamundí","Sur","2045801","Plátano","Anual","495"
"2020","76306","Ginebra","Sur","2045801","Plátano","Anual","432"
"2020","76318","Guacarí","Centro","2045801","Plátano","Anual","570"
"2020","76563","Pradera","Sur","2045801","Plátano","Anual","150"
"2020","76606","Restrepo","Centro","2045801","Plátano","Anual","5.176"
"2020","76520","Palmira","Sur","2045801","Plátano","Anual","1.920"
"2020","76403","La Victoria","Norte","2045801","Plátano","Anual","640"
"2020","76497","Obando","Norte","2045801","Plátano","Anual","2.265"
"2020","76130","Candelaria","Sur","2045801","Plátano","Anual","52"
"2020","76147","Cartago","Norte","2045801","Plátano","Anual","1.548"
"2020","76113","Bugalagrande","Centro","2045801","Plátano","Anual","2.024"
"2020","76126","Calima Darién","Centro","2045801","Plátano","Anual","1.736"
"2020","76122","Caicedonia","Centro","2045801","Plátano","Anual","25.371"
"2020","76250","El Dovio","Norte","2045801","Plátano","Anual","2.143"
"2020","76275","Florida","Sur","2045801","Plátano","Anual","3.252"
"2020","76243","El Aguila","Norte","2045801","Plátano","Anual","16.250"
"2020","76233","Dagua","Sur","2045801","Plátano","Anual","20.322"
"2020","76246","El Cairo","Norte","2045801","Plátano","Anual","10.461"
"2019","76828","Trujillo","Centro","2045801","Plátano","Anual","27.816"
"2019","76845","Ulloa","Norte","2045801","Plátano","Anual","2.346"
"2019","76834","Tuluá","Centro","2045801","Plátano","Anual","4.230"
"2019","76736","Sevilla","Centro","2045801","Plátano","Anual","40.830"
"2019","76823","Toro","Norte","2045801","Plátano","Anual","1.280"
"2019","76890","Yotoco","Centro","2045801","Plátano","Anual","7.952"
"2019","76895","Zarzal","Norte","2045801","Plátano","Anual","43"
"2019","76892","Yumbo","Sur","2045801","Plátano","Anual","254"
"2019","76863","Versalles","Norte","2045801","Plátano","Anual","2.888"
"2019","76869","Vijes","Sur","2045801","Plátano","Anual","1.232"
"2019","76100","Bolivar","Norte","2045801","Plátano","Anual","5.174"
"2019","76109","Buenaventura","Pacifico","2045801","Plátano","Anual","1.232"
"2019","76036","Andalucia","Centro","2045801","Plátano","Anual","1.680"
"2019","76054","Argelia","Norte","2045801","Plátano","Anual","11.004"
"2019","76041","Ansermanuevo","Norte","2045801","Plátano","Anual","7.086"
"2019","76122","Caicedonia","Centro","2045801","Plátano","Anual","23.594"
"2019","76130","Candelaria","Sur","2045801","Plátano","Anual","69"
"2019","76126","Calima Darién","Centro","2045801","Plátano","Anual","1.672"
"2019","76111","Buga","Centro","2045801","Plátano","Anual","156"
"2019","76113","Bugalagrande","Centro","2045801","Plátano","Anual","2.024"
"2019","76001","Cali","Sur","2045801","Plátano","Anual","198"
"2019","76020","Alcalá","Norte","2045801","Plátano","Anual","12.540"
"2019","76497","Obando","Norte","2045801","Plátano","Anual","1.582"
"2019","76520","Palmira","Sur","2045801","Plátano","Anual","1.416"
"2019","76400","La Unión","Norte","2045801","Plátano","Anual","309"
"2019","76377","La Cumbre","Sur","2045801","Plátano","Anual","2.263"
"2019","76403","La Victoria","Norte","2045801","Plátano","Anual","640"
"2019","76622","Roldanillo","Norte","2045801","Plátano","Anual","966"
"2019","76606","Restrepo","Centro","2045801","Plátano","Anual","3.942"
"2019","76563","Pradera","Sur","2045801","Plátano","Anual","100"
"2019","76616","Riofrío","Centro","2045801","Plátano","Anual","30.152"
"2019","76246","El Cairo","Norte","2045801","Plátano","Anual","23.745"
"2019","76243","El Aguila","Norte","2045801","Plátano","Anual","16.170"
"2019","76147","Cartago","Norte","2045801","Plátano","Anual","1.548"
"2019","76233","Dagua","Sur","2045801","Plátano","Anual","16.560"
"2019","76318","Guacarí","Centro","2045801","Plátano","Anual","420"
"2019","76364","Jamundí","Sur","2045801","Plátano","Anual","476"
"2019","76275","Florida","Sur","2045801","Plátano","Anual","3.252"
"2019","76250","El Dovio","Norte","2045801","Plátano","Anual","1.045"
"2019","76306","Ginebra","Sur","2045801","Plátano","Anual","392"
"2018","76828","Trujillo","Centro","2045801","Plátano","Anual","36.718"
"2018","76845","Ulloa","Norte","2045801","Plátano","Anual","2.852"
"2018","76834","Tuluá","Centro","2045801","Plátano","Anual","4.221"
"2018","76736","Sevilla","Centro","2045801","Plátano","Anual","76.464"
"2018","76823","Toro","Norte","2045801","Plátano","Anual","1.450"
"2018","76890","Yotoco","Centro","2045801","Plátano","Anual","9.352"
"2018","76895","Zarzal","Norte","2045801","Plátano","Anual","63"
"2018","76892","Yumbo","Sur","2045801","Plátano","Anual","160"
"2018","76863","Versalles","Norte","2045801","Plátano","Anual","1.978"
"2018","76869","Vijes","Sur","2045801","Plátano","Anual","1.256"
"2018","76054","Argelia","Norte","2045801","Plátano","Anual","10.584"
"2018","76109","Buenaventura","Pacifico","2045801","Plátano","Anual","1.162"
"2018","76100","Bolivar","Norte","2045801","Plátano","Anual","5.356"
"2018","76036","Andalucia","Centro","2045801","Plátano","Anual","1.650"
"2018","76041","Ansermanuevo","Norte","2045801","Plátano","Anual","7.086"
"2018","76122","Caicedonia","Centro","2045801","Plátano","Anual","23.474"
"2018","76126","Calima Darién","Centro","2045801","Plátano","Anual","1.672"
"2018","76111","Buga","Centro","2045801","Plátano","Anual","132"
"2018","76113","Bugalagrande","Centro","2045801","Plátano","Anual","1.992"
"2018","76020","Alcalá","Norte","2045801","Plátano","Anual","11.205"
"2018","76001","Cali","Sur","2045801","Plátano","Anual","198"
"2018","76497","Obando","Norte","2045801","Plátano","Anual","4.666"
"2018","76520","Palmira","Sur","2045801","Plátano","Anual","1.416"
"2018","76403","La Victoria","Norte","2045801","Plátano","Anual","760"
"2018","76377","La Cumbre","Sur","2045801","Plátano","Anual","3.777"
"2018","76400","La Unión","Norte","2045801","Plátano","Anual","252"
"2018","76616","Riofrío","Centro","2045801","Plátano","Anual","29.912"
"2018","76622","Roldanillo","Norte","2045801","Plátano","Anual","930"
"2018","76563","Pradera","Sur","2045801","Plátano","Anual","100"
"2018","76606","Restrepo","Centro","2045801","Plátano","Anual","3.839"
"2018","76243","El Aguila","Norte","2045801","Plátano","Anual","15.870"
"2018","76246","El Cairo","Norte","2045801","Plátano","Anual","23.745"
"2018","76130","Candelaria","Sur","2045801","Plátano","Anual","75"
"2018","76233","Dagua","Sur","2045801","Plátano","Anual","16.485"
"2018","76147","Cartago","Norte","2045801","Plátano","Anual","1.548"
"2018","76318","Guacarí","Centro","2045801","Plátano","Anual","270"
"2018","76364","Jamundí","Sur","2045801","Plátano","Anual","486"
"2018","76250","El Dovio","Norte","2045801","Plátano","Anual","745"
"2018","76306","Ginebra","Sur","2045801","Plátano","Anual","392"
"2018","76275","Florida","Sur","2045801","Plátano","Anual","3.240"
"2017","76845","Ulloa","Norte","2045801","Plátano","Anual","1.767"
"2017","76834","Tuluá","Centro","2045801","Plátano","Anual","3.704"
"2017","76863","Versalles","Norte","2045801","Plátano","Anual","1.856"
"2017","76823","Toro","Norte","2045801","Plátano","Anual","1.420"
"2017","76828","Trujillo","Centro","2045801","Plátano","Anual","38.533"
"2017","76895","Zarzal","Norte","2045801","Plátano","Anual","87"
"2017","76892","Yumbo","Sur","2045801","Plátano","Anual","120"
"2017","76869","Vijes","Sur","2045801","Plátano","Anual","1.424"
"2017","76890","Yotoco","Centro","2045801","Plátano","Anual","10.416"
"2017","76109","Buenaventura","Pacifico","2045801","Plátano","Anual","1.162"
"2017","76100","Bolivar","Norte","2045801","Plátano","Anual","4.966"
"2017","76111","Buga","Centro","2045801","Plátano","Anual","210"
"2017","76041","Ansermanuevo","Norte","2045801","Plátano","Anual","4.656"
"2017","76054","Argelia","Norte","2045801","Plátano","Anual","10.320"
"2017","76126","Calima Darién","Centro","2045801","Plátano","Anual","1.536"
"2017","76130","Candelaria","Sur","2045801","Plátano","Anual","80"
"2017","76113","Bugalagrande","Centro","2045801","Plátano","Anual","1.992"
"2017","76122","Caicedonia","Centro","2045801","Plátano","Anual","26.055"
"2017","76020","Alcalá","Norte","2045801","Plátano","Anual","11.205"
"2017","76001","Cali","Sur","2045801","Plátano","Anual","231"
"2017","76036","Andalucia","Centro","2045801","Plátano","Anual","1.020"
"2017","76147","Cartago","Norte","2045801","Plátano","Anual","1.548"
"2017","76520","Palmira","Sur","2045801","Plátano","Anual","1.416"
"2017","76563","Pradera","Sur","2045801","Plátano","Anual","100"
"2017","76403","La Victoria","Norte","2045801","Plátano","Anual","1.184"
"2017","76497","Obando","Norte","2045801","Plátano","Anual","4.416"
"2017","76606","Restrepo","Centro","2045801","Plátano","Anual","3.818"
"2017","76736","Sevilla","Centro","2045801","Plátano","Anual","43.200"
"2017","76616","Riofrío","Centro","2045801","Plátano","Anual","29.788"
"2017","76622","Roldanillo","Norte","2045801","Plátano","Anual","660"
"2017","76400","La Unión","Norte","2045801","Plátano","Anual","252"
"2017","76246","El Cairo","Norte","2045801","Plátano","Anual","30.792"
"2017","76250","El Dovio","Norte","2045801","Plátano","Anual","730"
"2017","76233","Dagua","Sur","2045801","Plátano","Anual","4.375"
"2017","76243","El Aguila","Norte","2045801","Plátano","Anual","13.000"
"2017","76275","Florida","Sur","2045801","Plátano","Anual","5.400"
"2017","76364","Jamundí","Sur","2045801","Plátano","Anual","651"
"2017","76377","La Cumbre","Sur","2045801","Plátano","Anual","2.184"
"2017","76306","Ginebra","Sur","2045801","Plátano","Anual","400"
"2017","76318","Guacarí","Centro","2045801","Plátano","Anual","992"
"2016","76892","Yumbo","Sur","2045801","Plátano","Anual","40"
"2016","76895","Zarzal","Norte","2045801","Plátano","Anual","87"
"2016","76823","Toro","Norte","2045801","Plátano","Anual","1.230"
"2016","76736","Sevilla","Centro","2045801","Plátano","Anual","46.176"
"2016","76828","Trujillo","Centro","2045801","Plátano","Anual","38.522"
"2016","76622","Roldanillo","Norte","2045801","Plátano","Anual","684"
"2016","76869","Vijes","Sur","2045801","Plátano","Anual","1.408"
"2016","76863","Versalles","Norte","2045801","Plátano","Anual","1.730"
"2016","76890","Yotoco","Centro","2045801","Plátano","Anual","9.968"
"2016","76834","Tuluá","Centro","2045801","Plátano","Anual","3.704"
"2016","76845","Ulloa","Norte","2045801","Plátano","Anual","2.655"
"2016","76054","Argelia","Norte","2045801","Plátano","Anual","9.600"
"2016","76100","Bolivar","Norte","2045801","Plátano","Anual","5.551"
"2016","76036","Andalucia","Centro","2045801","Plátano","Anual","150"
"2016","76041","Ansermanuevo","Norte","2045801","Plátano","Anual","4.554"
"2016","76113","Bugalagrande","Centro","2045801","Plátano","Anual","1.960"
"2016","76126","Calima Darién","Centro","2045801","Plátano","Anual","1.504"
"2016","76122","Caicedonia","Centro","2045801","Plátano","Anual","26.514"
"2016","76109","Buenaventura","Pacifico","2045801","Plátano","Anual","1.218"
"2016","76111","Buga","Centro","2045801","Plátano","Anual","210"
"2016","76020","Alcalá","Norte","2045801","Plátano","Anual","10.000"
"2016","76001","Cali","Sur","2045801","Plátano","Anual","161"
"2016","76400","La Unión","Norte","2045801","Plátano","Anual","179"
"2016","76403","La Victoria","Norte","2045801","Plátano","Anual","2.440"
"2016","76364","Jamundí","Sur","2045801","Plátano","Anual","1.208"
"2016","76377","La Cumbre","Sur","2045801","Plátano","Anual","2.152"
"2016","76606","Restrepo","Centro","2045801","Plátano","Anual","5.184"
"2016","76616","Riofrío","Centro","2045801","Plátano","Anual","28.112"
"2016","76497","Obando","Norte","2045801","Plátano","Anual","3.348"
"2016","76563","Pradera","Sur","2045801","Plátano","Anual","70"
"2016","76520","Palmira","Sur","2045801","Plátano","Anual","1.692"
"2016","76233","Dagua","Sur","2045801","Plátano","Anual","22.374"
"2016","76246","El Cairo","Norte","2045801","Plátano","Anual","66.420"
"2016","76243","El Aguila","Norte","2045801","Plátano","Anual","15.210"
"2016","76130","Candelaria","Sur","2045801","Plátano","Anual","80"
"2016","76147","Cartago","Norte","2045801","Plátano","Anual","1.494"
"2016","76306","Ginebra","Sur","2045801","Plátano","Anual","1.071"
"2016","76275","Florida","Sur","2045801","Plátano","Anual","3.276"
"2016","76318","Guacarí","Centro","2045801","Plátano","Anual","712"
"2016","76250","El Dovio","Norte","2045801","Plátano","Anual","650"
"2015","76892","Yumbo","Sur","2045801","Plátano","Anual","75"
"2015","76895","Zarzal","Norte","2045801","Plátano","Anual","99"
"2015","76823","Toro","Norte","2045801","Plátano","Anual","1.000"
"2015","76828","Trujillo","Centro","2045801","Plátano","Anual","34.030"
"2015","76622","Roldanillo","Norte","2045801","Plátano","Anual","624"
"2015","76736","Sevilla","Centro","2045801","Plátano","Anual","18.250"
"2015","76869","Vijes","Sur","2045801","Plátano","Anual","1.225"
"2015","76890","Yotoco","Centro","2045801","Plátano","Anual","9.930"
"2015","76834","Tuluá","Centro","2045801","Plátano","Anual","3.696"
"2015","76845","Ulloa","Norte","2045801","Plátano","Anual","5.200"
"2015","76863","Versalles","Norte","2045801","Plátano","Anual","1.824"
"2015","76100","Bolivar","Norte","2045801","Plátano","Anual","4.992"
"2015","76109","Buenaventura","Pacifico","2045801","Plátano","Anual","910"
"2015","76054","Argelia","Norte","2045801","Plátano","Anual","18.552"
"2015","76036","Andalucia","Centro","2045801","Plátano","Anual","500"
"2015","76041","Ansermanuevo","Norte","2045801","Plátano","Anual","8.280"
"2015","76122","Caicedonia","Centro","2045801","Plátano","Anual","24.723"
"2015","76126","Calima Darién","Centro","2045801","Plátano","Anual","1.560"
"2015","76111","Buga","Centro","2045801","Plátano","Anual","210"
"2015","76113","Bugalagrande","Centro","2045801","Plátano","Anual","1.960"
"2015","76001","Cali","Sur","2045801","Plátano","Anual","173"
"2015","76020","Alcalá","Norte","2045801","Plátano","Anual","5.275"
"2015","76403","La Victoria","Norte","2045801","Plátano","Anual","1.842"
"2015","76497","Obando","Norte","2045801","Plátano","Anual","3.990"
"2015","76364","Jamundí","Sur","2045801","Plátano","Anual","714"
"2015","76377","La Cumbre","Sur","2045801","Plátano","Anual","2.152"
"2015","76400","La Unión","Norte","2045801","Plátano","Anual","171"
"2015","76616","Riofrío","Centro","2045801","Plátano","Anual","34.210"
"2015","76606","Restrepo","Centro","2045801","Plátano","Anual","3.888"
"2015","76520","Palmira","Sur","2045801","Plátano","Anual","1.368"
"2015","76563","Pradera","Sur","2045801","Plátano","Anual","70"
"2015","76243","El Aguila","Norte","2045801","Plátano","Anual","6.808"
"2015","76246","El Cairo","Norte","2045801","Plátano","Anual","31.320"
"2015","76233","Dagua","Sur","2045801","Plátano","Anual","26.400"
"2015","76130","Candelaria","Sur","2045801","Plátano","Anual","95"
"2015","76147","Cartago","Norte","2045801","Plátano","Anual","1.440"
"2015","76306","Ginebra","Sur","2045801","Plátano","Anual","666"
"2015","76318","Guacarí","Centro","2045801","Plátano","Anual","735"
"2015","76250","El Dovio","Norte","2045801","Plátano","Anual","850"
"2015","76275","Florida","Sur","2045801","Plátano","Anual","2.856"
"2014","76892","Yumbo","Sur","2045801","Plátano","Anual","100"
"2014","76895","Zarzal","Norte","2045801","Plátano","Anual","108"
"2014","76736","Sevilla","Centro","2045801","Plátano","Anual","24.858"
"2014","76823","Toro","Norte","2045801","Plátano","Anual","1.030"
"2014","76622","Roldanillo","Norte","2045801","Plátano","Anual","672"
"2014","76828","Trujillo","Centro","2045801","Plátano","Anual","41.760"
"2014","76863","Versalles","Norte","2045801","Plátano","Anual","3.340"
"2014","76869","Vijes","Sur","2045801","Plátano","Anual","1.211"
"2014","76890","Yotoco","Centro","2045801","Plátano","Anual","10.520"
"2014","76834","Tuluá","Centro","2045801","Plátano","Anual","3.776"
"2014","76845","Ulloa","Norte","2045801","Plátano","Anual","5.200"
"2014","76054","Argelia","Norte","2045801","Plátano","Anual","22.995"
"2014","76100","Bolivar","Norte","2045801","Plátano","Anual","4.888"
"2014","76036","Andalucia","Centro","2045801","Plátano","Anual","760"
"2014","76041","Ansermanuevo","Norte","2045801","Plátano","Anual","8.280"
"2014","76109","Buenaventura","Pacifico","2045801","Plátano","Anual","840"
"2014","76122","Caicedonia","Centro","2045801","Plátano","Anual","24.228"
"2014","76126","Calima Darién","Centro","2045801","Plátano","Anual","1.604"
"2014","76113","Bugalagrande","Centro","2045801","Plátano","Anual","1.960"
"2014","76111","Buga","Centro","2045801","Plátano","Anual","210"
"2014","76020","Alcalá","Norte","2045801","Plátano","Anual","2.750"
"2014","76001","Cali","Sur","2045801","Plátano","Anual","248"
"2014","76400","La Unión","Norte","2045801","Plátano","Anual","221"
"2014","76403","La Victoria","Norte","2045801","Plátano","Anual","1.818"
"2014","76364","Jamundí","Sur","2045801","Plátano","Anual","952"
"2014","76377","La Cumbre","Sur","2045801","Plátano","Anual","2.132"
"2014","76606","Restrepo","Centro","2045801","Plátano","Anual","3.405"
"2014","76616","Riofrío","Centro","2045801","Plátano","Anual","41.112"
"2014","76497","Obando","Norte","2045801","Plátano","Anual","3.720"
"2014","76563","Pradera","Sur","2045801","Plátano","Anual","70"
"2014","76520","Palmira","Sur","2045801","Plátano","Anual","1.368"
"2014","76233","Dagua","Sur","2045801","Plátano","Anual","27.600"
"2014","76246","El Cairo","Norte","2045801","Plátano","Anual","30.800"
"2014","76243","El Aguila","Norte","2045801","Plátano","Anual","5.844"
"2014","76130","Candelaria","Sur","2045801","Plátano","Anual","85"
"2014","76147","Cartago","Norte","2045801","Plátano","Anual","1.440"
"2014","76306","Ginebra","Sur","2045801","Plátano","Anual","1.100"
"2014","76318","Guacarí","Centro","2045801","Plátano","Anual","704"
"2014","76275","Florida","Sur","2045801","Plátano","Anual","5.600"
"2014","76250","El Dovio","Norte","2045801","Plátano","Anual","900"
"2013","76863","Versalles","Norte","2045801","Plátano","Anual","3.280"
"2013","76845","Ulloa","Norte","2045801","Plátano","Anual","13.629"
"2013","76869","Vijes","Sur","2045801","Plátano","Anual","1.183"
"2013","76828","Trujillo","Centro","2045801","Plátano","Anual","79.650"
"2013","76834","Tuluá","Centro","2045801","Plátano","Anual","3.776"
"2013","76895","Zarzal","Norte","2045801","Plátano","Anual","92"
"2013","76890","Yotoco","Centro","2045801","Plátano","Anual","9.269"
"2013","76892","Yumbo","Sur","2045801","Plátano","Anual","100"
"2013","76563","Pradera","Sur","2045801","Plátano","Anual","70"
"2013","76606","Restrepo","Centro","2045801","Plátano","Anual","3.466"
"2013","76497","Obando","Norte","2045801","Plátano","Anual","3.528"
"2013","76520","Palmira","Sur","2045801","Plátano","Anual","1.320"
"2013","76736","Sevilla","Centro","2045801","Plátano","Anual","18.250"
"2013","76823","Toro","Norte","2045801","Plátano","Anual","1.020"
"2013","76616","Riofrío","Centro","2045801","Plátano","Anual","79.650"
"2013","76622","Roldanillo","Norte","2045801","Plátano","Anual","636"
"2013","76403","La Victoria","Norte","2045801","Plátano","Anual","1.818"
"2013","76001","Cali","Sur","2045801","Plátano","Anual","248"
"2013","76020","Alcalá","Norte","2045801","Plátano","Anual","480"
"2013","76054","Argelia","Norte","2045801","Plátano","Anual","22.335"
"2013","76109","Buenaventura","Pacifico","2045801","Plátano","Anual","959"
"2013","76100","Bolivar","Norte","2045801","Plátano","Anual","4.758"
"2013","76036","Andalucia","Centro","2045801","Plátano","Anual","800"
"2013","76041","Ansermanuevo","Norte","2045801","Plátano","Anual","6.322"
"2013","76275","Florida","Sur","2045801","Plátano","Anual","5.300"
"2013","76306","Ginebra","Sur","2045801","Plátano","Anual","1.176"
"2013","76246","El Cairo","Norte","2045801","Plátano","Anual","30.720"
"2013","76250","El Dovio","Norte","2045801","Plátano","Anual","1.680"
"2013","76377","La Cumbre","Sur","2045801","Plátano","Anual","2.132"
"2013","76400","La Unión","Norte","2045801","Plátano","Anual","242"
"2013","76318","Guacarí","Centro","2045801","Plátano","Anual","856"
"2013","76364","Jamundí","Sur","2045801","Plátano","Anual","922"
"2013","76113","Bugalagrande","Centro","2045801","Plátano","Anual","1.960"
"2013","76122","Caicedonia","Centro","2045801","Plátano","Anual","22.606"
"2013","76111","Buga","Centro","2045801","Plátano","Anual","210"
"2013","76233","Dagua","Sur","2045801","Plátano","Anual","27.600"
"2013","76243","El Aguila","Norte","2045801","Plátano","Anual","6.325"
"2013","76130","Candelaria","Sur","2045801","Plátano","Anual","80"
"2013","76126","Calima Darién","Centro","2045801","Plátano","Anual","1.353"
"2013","76147","Cartago","Norte","2045801","Plátano","Anual","1.440"
"2012","76863","Versalles","Norte","2045801","Plátano","Anual","2.760"
"2012","76869","Vijes","Sur","2045801","Plátano","Anual","3.080"
"2012","76845","Ulloa","Norte","2045801","Plátano","Anual","10.774"
"2012","76828","Trujillo","Centro","2045801","Plátano","Anual","7.003"
"2012","76834","Tuluá","Centro","2045801","Plátano","Anual","3.776"
"2012","76895","Zarzal","Norte","2045801","Plátano","Anual","82"
"2012","76890","Yotoco","Centro","2045801","Plátano","Anual","8.115"
"2012","76892","Yumbo","Sur","2045801","Plátano","Anual","90"
"2012","76606","Restrepo","Centro","2045801","Plátano","Anual","3.487"
"2012","76616","Riofrío","Centro","2045801","Plátano","Anual","10.838"
"2012","76563","Pradera","Sur","2045801","Plátano","Anual","70"
"2012","76497","Obando","Norte","2045801","Plátano","Anual","3.480"
"2012","76520","Palmira","Sur","2045801","Plátano","Anual","1.980"
"2012","76736","Sevilla","Centro","2045801","Plátano","Anual","105.000"
"2012","76823","Toro","Norte","2045801","Plátano","Anual","2.980"
"2012","76622","Roldanillo","Norte","2045801","Plátano","Anual","396"
"2012","76670","San Pedro","Centro","2045801","Plátano","Anual","1.413"
"2012","76001","Cali","Sur","2045801","Plátano","Anual","144"
"2012","76020","Alcalá","Norte","2045801","Plátano","Anual","1.090"
"2012","76100","Bolivar","Norte","2045801","Plátano","Anual","4.784"
"2012","76109","Buenaventura","Pacifico","2045801","Plátano","Anual","994"
"2012","76041","Ansermanuevo","Norte","2045801","Plátano","Anual","5.254"
"2012","76054","Argelia","Norte","2045801","Plátano","Anual","22.080"
"2012","76306","Ginebra","Sur","2045801","Plátano","Anual","1.519"
"2012","76318","Guacarí","Centro","2045801","Plátano","Anual","680"
"2012","76250","El Dovio","Norte","2045801","Plátano","Anual","1.022"
"2012","76275","Florida","Sur","2045801","Plátano","Anual","4.120"
"2012","76400","La Unión","Norte","2045801","Plátano","Anual","242"
"2012","76403","La Victoria","Norte","2045801","Plátano","Anual","1.722"
"2012","76364","Jamundí","Sur","2045801","Plátano","Anual","662"
"2012","76377","La Cumbre","Sur","2045801","Plátano","Anual","2.161"
"2012","76122","Caicedonia","Centro","2045801","Plátano","Anual","15.622"
"2012","76126","Calima Darién","Centro","2045801","Plátano","Anual","1.269"
"2012","76111","Buga","Centro","2045801","Plátano","Anual","6.300"
"2012","76113","Bugalagrande","Centro","2045801","Plátano","Anual","1.960"
"2012","76243","El Aguila","Norte","2045801","Plátano","Anual","4.410"
"2012","76246","El Cairo","Norte","2045801","Plátano","Anual","42.080"
"2012","76233","Dagua","Sur","2045801","Plátano","Anual","3.952"
"2012","76130","Candelaria","Sur","2045801","Plátano","Anual","70"
"2012","76147","Cartago","Norte","2045801","Plátano","Anual","1.422"
"2011","76863","Versalles","Norte","2045801","Plátano","Anual","1.836"
"2011","76869","Vijes","Sur","2045801","Plátano","Anual","1.001"
"2011","76890","Yotoco","Centro","2045801","Plátano","Anual","7.992"
"2011","76834","Tuluá","Centro","2045801","Plátano","Anual","3.672"
"2011","76845","Ulloa","Norte","2045801","Plátano","Anual","9.638"
"2011","76892","Yumbo","Sur","2045801","Plátano","Anual","180"
"2011","76895","Zarzal","Norte","2045801","Plátano","Anual","136"
"2011","76616","Riofrío","Centro","2045801","Plátano","Anual","10.804"
"2011","76520","Palmira","Sur","2045801","Plátano","Anual","2.160"
"2011","76606","Restrepo","Centro","2045801","Plátano","Anual","3.229"
"2011","76563","Pradera","Sur","2045801","Plátano","Anual","70"
"2011","76622","Roldanillo","Norte","2045801","Plátano","Anual","237"
"2011","76823","Toro","Norte","2045801","Plátano","Anual","2.990"
"2011","76828","Trujillo","Centro","2045801","Plátano","Anual","6.795"
"2011","76670","San Pedro","Centro","2045801","Plátano","Anual","1.413"
"2011","76736","Sevilla","Centro","2045801","Plátano","Anual","68.240"
"2011","76020","Alcalá","Norte","2045801","Plátano","Anual","846"
"2011","76041","Ansermanuevo","Norte","2045801","Plátano","Anual","5.790"
"2011","76001","Cali","Sur","2045801","Plátano","Anual","456"
"2011","76109","Buenaventura","Pacifico","2045801","Plátano","Anual","994"
"2011","76111","Buga","Centro","2045801","Plátano","Anual","6.300"
"2011","76054","Argelia","Norte","2045801","Plátano","Anual","16.080"
"2011","76100","Bolivar","Norte","2045801","Plátano","Anual","4.459"
"2011","76306","Ginebra","Sur","2045801","Plátano","Anual","1.240"
"2011","76318","Guacarí","Centro","2045801","Plátano","Anual","980"
"2011","76250","El Dovio","Norte","2045801","Plátano","Anual","340"
"2011","76275","Florida","Sur","2045801","Plátano","Anual","4.120"
"2011","76403","La Victoria","Norte","2045801","Plátano","Anual","1.722"
"2011","76497","Obando","Norte","2045801","Plátano","Anual","3.116"
"2011","76377","La Cumbre","Sur","2045801","Plátano","Anual","2.061"
"2011","76364","Jamundí","Sur","2045801","Plátano","Anual","1.500"
"2011","76400","La Unión","Norte","2045801","Plátano","Anual","299"
"2011","76126","Calima Darién","Centro","2045801","Plátano","Anual","1.194"
"2011","76130","Candelaria","Sur","2045801","Plátano","Anual","60"
"2011","76113","Bugalagrande","Centro","2045801","Plátano","Anual","1.960"
"2011","76122","Caicedonia","Centro","2045801","Plátano","Anual","8.490"
"2011","76246","El Cairo","Norte","2045801","Plátano","Anual","42.095"
"2011","76147","Cartago","Norte","2045801","Plátano","Anual","1.377"
"2011","76233","Dagua","Sur","2045801","Plátano","Anual","456"
"2011","76243","El Aguila","Norte","2045801","Plátano","Anual","6.340"
"2010","76869","Vijes","Sur","2045801","Plátano","Anual","959"
"2010","76890","Yotoco","Centro","2045801","Plátano","Anual","7.931"
"2010","76863","Versalles","Norte","2045801","Plátano","Anual","2.238"
"2010","76834","Tuluá","Centro","2045801","Plátano","Anual","3.728"
"2010","76845","Ulloa","Norte","2045801","Plátano","Anual","9.802"
"2010","76892","Yumbo","Sur","2045801","Plátano","Anual","180"
"2010","76895","Zarzal","Norte","2045801","Plátano","Anual","126"
"2010","76606","Restrepo","Centro","2045801","Plátano","Anual","3.091"
"2010","76616","Riofrío","Centro","2045801","Plátano","Anual","10.804"
"2010","76497","Obando","Norte","2045801","Plátano","Anual","2.949"
"2010","76520","Palmira","Sur","2045801","Plátano","Anual","2.160"
"2010","76563","Pradera","Sur","2045801","Plátano","Anual","70"
"2010","76823","Toro","Norte","2045801","Plátano","Anual","2.860"
"2010","76828","Trujillo","Centro","2045801","Plátano","Anual","6.795"
"2010","76736","Sevilla","Centro","2045801","Plátano","Anual","47.208"
"2010","76622","Roldanillo","Norte","2045801","Plátano","Anual","456"
"2010","76670","San Pedro","Centro","2045801","Plátano","Anual","1.413"
"2010","76036","Andalucia","Centro","2045801","Plátano","Anual","600"
"2010","76020","Alcalá","Norte","2045801","Plátano","Anual","2.040"
"2010","76001","Cali","Sur","2045801","Plátano","Anual","504"
"2010","76109","Buenaventura","Pacifico","2045801","Plátano","Anual","735"
"2010","76111","Buga","Centro","2045801","Plátano","Anual","3.700"
"2010","76100","Bolivar","Norte","2045801","Plátano","Anual","4.693"
"2010","76041","Ansermanuevo","Norte","2045801","Plátano","Anual","4.969"
"2010","76054","Argelia","Norte","2045801","Plátano","Anual","19.080"
"2010","76306","Ginebra","Sur","2045801","Plátano","Anual","994"
"2010","76318","Guacarí","Centro","2045801","Plátano","Anual","980"
"2010","76250","El Dovio","Norte","2045801","Plátano","Anual","400"
"2010","76275","Florida","Sur","2045801","Plátano","Anual","4.120"
"2010","76403","La Victoria","Norte","2045801","Plátano","Anual","1.740"
"2010","76400","La Unión","Norte","2045801","Plátano","Anual","230"
"2010","76364","Jamundí","Sur","2045801","Plátano","Anual","3.664"
"2010","76377","La Cumbre","Sur","2045801","Plátano","Anual","2.021"
"2010","76126","Calima Darién","Centro","2045801","Plátano","Anual","1.236"
"2010","76130","Candelaria","Sur","2045801","Plátano","Anual","60"
"2010","76113","Bugalagrande","Centro","2045801","Plátano","Anual","1.960"
"2010","76122","Caicedonia","Centro","2045801","Plátano","Anual","13.509"
"2010","76243","El Aguila","Norte","2045801","Plátano","Anual","6.662"
"2010","76246","El Cairo","Norte","2045801","Plátano","Anual","31.740"
"2010","76147","Cartago","Norte","2045801","Plátano","Anual","1.368"
"2010","76233","Dagua","Sur","2045801","Plátano","Anual","3.952"
"2009","76869","Vijes","Sur","2045801","Plátano","Anual","889"
"2009","76890","Yotoco","Centro","2045801","Plátano","Anual","5.682"
"2009","76863","Versalles","Norte","2045801","Plátano","Anual","3.220"
"2009","76834","Tuluá","Centro","2045801","Plátano","Anual","3.728"
"2009","76845","Ulloa","Norte","2045801","Plátano","Anual","4.185"
"2009","76892","Yumbo","Sur","2045801","Plátano","Anual","192"
"2009","76895","Zarzal","Norte","2045801","Plátano","Anual","98"
"2009","76828","Trujillo","Centro","2045801","Plátano","Anual","5.882"
"2009","76606","Restrepo","Centro","2045801","Plátano","Anual","3.003"
"2009","76616","Riofrío","Centro","2045801","Plátano","Anual","10.802"
"2009","76497","Obando","Norte","2045801","Plátano","Anual","2.700"
"2009","76563","Pradera","Sur","2045801","Plátano","Anual","70"
"2009","76520","Palmira","Sur","2045801","Plátano","Anual","2.160"
"2009","76736","Sevilla","Centro","2045801","Plátano","Anual","12.249"
"2009","76823","Toro","Norte","2045801","Plátano","Anual","2.830"
"2009","76622","Roldanillo","Norte","2045801","Plátano","Anual","456"
"2009","76670","San Pedro","Centro","2045801","Plátano","Anual","1.395"
"2009","76020","Alcalá","Norte","2045801","Plátano","Anual","1.071"
"2009","76036","Andalucia","Centro","2045801","Plátano","Anual","560"
"2009","76001","Cali","Sur","2045801","Plátano","Anual","300"
"2009","76100","Bolivar","Norte","2045801","Plátano","Anual","4.238"
"2009","76109","Buenaventura","Pacifico","2045801","Plátano","Anual","735"
"2009","76041","Ansermanuevo","Norte","2045801","Plátano","Anual","4.966"
"2009","76054","Argelia","Norte","2045801","Plátano","Anual","16.080"
"2009","76111","Buga","Centro","2045801","Plátano","Anual","2.737"
"2009","76306","Ginebra","Sur","2045801","Plátano","Anual","994"
"2009","76318","Guacarí","Centro","2045801","Plátano","Anual","465"
"2009","76250","El Dovio","Norte","2045801","Plátano","Anual","400"
"2009","76275","Florida","Sur","2045801","Plátano","Anual","3.330"
"2009","76403","La Victoria","Norte","2045801","Plátano","Anual","1.680"
"2009","76400","La Unión","Norte","2045801","Plátano","Anual","173"
"2009","76364","Jamundí","Sur","2045801","Plátano","Anual","1.128"
"2009","76377","La Cumbre","Sur","2045801","Plátano","Anual","2.028"
"2009","76126","Calima Darién","Centro","2045801","Plátano","Anual","1.212"
"2009","76130","Candelaria","Sur","2045801","Plátano","Anual","100"
"2009","76122","Caicedonia","Centro","2045801","Plátano","Anual","16.359"
"2009","76113","Bugalagrande","Centro","2045801","Plátano","Anual","2.320"
"2009","76243","El Aguila","Norte","2045801","Plátano","Anual","6.333"
"2009","76246","El Cairo","Norte","2045801","Plátano","Anual","31.366"
"2009","76248","El Cerrito","Sur","2045801","Plátano","Anual","60"
"2009","76147","Cartago","Norte","2045801","Plátano","Anual","1.206"
"2009","76233","Dagua","Sur","2045801","Plátano","Anual","2.945"
"2008","76863","Versalles","Norte","2045801","Plátano","Anual","1.764"
"2008","76869","Vijes","Sur","2045801","Plátano","Anual","896"
"2008","76890","Yotoco","Centro","2045801","Plátano","Anual","2.448"
"2008","76828","Trujillo","Centro","2045801","Plátano","Anual","5.760"
"2008","76845","Ulloa","Norte","2045801","Plátano","Anual","2.121"
"2008","76834","Tuluá","Centro","2045801","Plátano","Anual","2.160"
"2008","76892","Yumbo","Sur","2045801","Plátano","Anual","192"
"2008","76895","Zarzal","Norte","2045801","Plátano","Anual","182"
"2008","76606","Restrepo","Centro","2045801","Plátano","Anual","2.915"
"2008","76616","Riofrío","Centro","2045801","Plátano","Anual","8.996"
"2008","76497","Obando","Norte","2045801","Plátano","Anual","2.700"
"2008","76563","Pradera","Sur","2045801","Plátano","Anual","70"
"2008","76520","Palmira","Sur","2045801","Plátano","Anual","2.160"
"2008","76736","Sevilla","Centro","2045801","Plátano","Anual","12.960"
"2008","76823","Toro","Norte","2045801","Plátano","Anual","2.830"
"2008","76622","Roldanillo","Norte","2045801","Plátano","Anual","690"
"2008","76670","San Pedro","Centro","2045801","Plátano","Anual","1.395"
"2008","76020","Alcalá","Norte","2045801","Plátano","Anual","2.633"
"2008","76036","Andalucia","Centro","2045801","Plátano","Anual","270"
"2008","76001","Cali","Sur","2045801","Plátano","Anual","69"
"2008","76109","Buenaventura","Pacifico","2045801","Plátano","Anual","770"
"2008","76100","Bolivar","Norte","2045801","Plátano","Anual","3.926"
"2008","76111","Buga","Centro","2045801","Plátano","Anual","4.420"
"2008","76041","Ansermanuevo","Norte","2045801","Plátano","Anual","2.831"
"2008","76054","Argelia","Norte","2045801","Plátano","Anual","14.290"
"2008","76306","Ginebra","Sur","2045801","Plátano","Anual","828"
"2008","76318","Guacarí","Centro","2045801","Plátano","Anual","465"
"2008","76250","El Dovio","Norte","2045801","Plátano","Anual","1.359"
"2008","76275","Florida","Sur","2045801","Plátano","Anual","3.450"
"2008","76400","La Unión","Norte","2045801","Plátano","Anual","299"
"2008","76403","La Victoria","Norte","2045801","Plátano","Anual","1.692"
"2008","76364","Jamundí","Sur","2045801","Plátano","Anual","750"
"2008","76377","La Cumbre","Sur","2045801","Plátano","Anual","465"
"2008","76126","Calima Darién","Centro","2045801","Plátano","Anual","1.200"
"2008","76130","Candelaria","Sur","2045801","Plátano","Anual","100"
"2008","76113","Bugalagrande","Centro","2045801","Plátano","Anual","2.440"
"2008","76122","Caicedonia","Centro","2045801","Plátano","Anual","16.781"
"2008","76246","El Cairo","Norte","2045801","Plátano","Anual","15.471"
"2008","76243","El Aguila","Norte","2045801","Plátano","Anual","5.746"
"2008","76248","El Cerrito","Sur","2045801","Plátano","Anual","60"
"2008","76147","Cartago","Norte","2045801","Plátano","Anual","1.206"
"2008","76233","Dagua","Sur","2045801","Plátano","Anual","4.370"
"2007","76890","Yotoco","Centro","2045801","Plátano","Anual","4.710"
"2007","76892","Yumbo","Sur","2045801","Plátano","Anual","240"
"2007","76845","Ulloa","Norte","2045801","Plátano","Anual","1.310"
"2007","76863","Versalles","Norte","2045801","Plátano","Anual","2.520"
"2007","76869","Vijes","Sur","2045801","Plátano","Anual","780"
"2007","76895","Zarzal","Norte","2045801","Plátano","Anual","182"
"2007","76616","Riofrío","Centro","2045801","Plátano","Anual","16.268"
"2007","76622","Roldanillo","Norte","2045801","Plátano","Anual","680"
"2007","76563","Pradera","Sur","2045801","Plátano","Anual","100"
"2007","76520","Palmira","Sur","2045801","Plátano","Anual","2.160"
"2007","76606","Restrepo","Centro","2045801","Plátano","Anual","3.180"
"2007","76828","Trujillo","Centro","2045801","Plátano","Anual","6.300"
"2007","76834","Tuluá","Centro","2045801","Plátano","Anual","800"
"2007","76670","San Pedro","Centro","2045801","Plátano","Anual","1.395"
"2007","76736","Sevilla","Centro","2045801","Plátano","Anual","12.960"
"2007","76823","Toro","Norte","2045801","Plátano","Anual","1.981"
"2007","76036","Andalucia","Centro","2045801","Plátano","Anual","592"
"2007","76041","Ansermanuevo","Norte","2045801","Plátano","Anual","3.920"
"2007","76020","Alcalá","Norte","2045801","Plátano","Anual","3.762"
"2007","76001","Cali","Sur","2045801","Plátano","Anual","390"
"2007","76109","Buenaventura","Pacifico","2045801","Plátano","Anual","770"
"2007","76111","Buga","Centro","2045801","Plátano","Anual","5.520"
"2007","76054","Argelia","Norte","2045801","Plátano","Anual","20.560"
"2007","76100","Bolivar","Norte","2045801","Plátano","Anual","3.770"
"2007","76318","Guacarí","Centro","2045801","Plátano","Anual","840"
"2007","76364","Jamundí","Sur","2045801","Plátano","Anual","1.173"
"2007","76275","Florida","Sur","2045801","Plátano","Anual","3.120"
"2007","76306","Ginebra","Sur","2045801","Plátano","Anual","828"
"2007","76377","La Cumbre","Sur","2045801","Plátano","Anual","1.628"
"2007","76403","La Victoria","Norte","2045801","Plátano","Anual","1.698"
"2007","76497","Obando","Norte","2045801","Plátano","Anual","5.168"
"2007","76400","La Unión","Norte","2045801","Plátano","Anual","550"
"2007","76147","Cartago","Norte","2045801","Plátano","Anual","1.305"
"2007","76233","Dagua","Sur","2045801","Plátano","Anual","5.966"
"2007","76122","Caicedonia","Centro","2045801","Plátano","Anual","20.472"
"2007","76113","Bugalagrande","Centro","2045801","Plátano","Anual","2.560"
"2007","76130","Candelaria","Sur","2045801","Plátano","Anual","100"
"2007","76248","El Cerrito","Sur","2045801","Plátano","Anual","215"
"2007","76250","El Dovio","Norte","2045801","Plátano","Anual","1.200"
"2007","76126","Calima Darién","Centro","2045801","Plátano","Anual","1.200"
"2007","76243","El Aguila","Norte","2045801","Plátano","Anual","2.880"
"2007","76246","El Cairo","Norte","2045801","Plátano","Anual","6.525"
"2006","76890","Yotoco","Centro","2045801","Plátano","Anual","4.812"
"2006","76892","Yumbo","Sur","2045801","Plátano","Anual","184"
"2006","76895","Zarzal","Norte","2045801","Plátano","Anual","299"
"2006","76863","Versalles","Norte","2045801","Plátano","Anual","2.380"
"2006","76869","Vijes","Sur","2045801","Plátano","Anual","1.080"
"2006","76622","Roldanillo","Norte","2045801","Plátano","Anual","680"
"2006","76670","San Pedro","Centro","2045801","Plátano","Anual","1.575"
"2006","76606","Restrepo","Centro","2045801","Plátano","Anual","3.150"
"2006","76616","Riofrío","Centro","2045801","Plátano","Anual","9.800"
"2006","76828","Trujillo","Centro","2045801","Plátano","Anual","5.850"
"2006","76845","Ulloa","Norte","2045801","Plátano","Anual","1.100"
"2006","76834","Tuluá","Centro","2045801","Plátano","Anual","6.000"
"2006","76736","Sevilla","Centro","2045801","Plátano","Anual","14.840"
"2006","76823","Toro","Norte","2045801","Plátano","Anual","1.960"
"2006","76041","Ansermanuevo","Norte","2045801","Plátano","Anual","3.800"
"2006","76054","Argelia","Norte","2045801","Plátano","Anual","21.210"
"2006","76020","Alcalá","Norte","2045801","Plátano","Anual","6.372"
"2006","76001","Cali","Sur","2045801","Plátano","Anual","1.440"
"2006","76036","Andalucia","Centro","2045801","Plátano","Anual","500"
"2006","76111","Buga","Centro","2045801","Plátano","Anual","5.316"
"2006","76122","Caicedonia","Centro","2045801","Plátano","Anual","21.299"
"2006","76113","Bugalagrande","Centro","2045801","Plátano","Anual","2.296"
"2006","76100","Bolivar","Norte","2045801","Plátano","Anual","3.770"
"2006","76109","Buenaventura","Pacifico","2045801","Plátano","Anual","770"
"2006","76364","Jamundí","Sur","2045801","Plátano","Anual","1.260"
"2006","76377","La Cumbre","Sur","2045801","Plátano","Anual","1.820"
"2006","76306","Ginebra","Sur","2045801","Plátano","Anual","828"
"2006","76318","Guacarí","Centro","2045801","Plátano","Anual","840"
"2006","76497","Obando","Norte","2045801","Plátano","Anual","3.920"
"2006","76563","Pradera","Sur","2045801","Plátano","Anual","100"
"2006","76520","Palmira","Sur","2045801","Plátano","Anual","2.550"
"2006","76400","La Unión","Norte","2045801","Plátano","Anual","550"
"2006","76403","La Victoria","Norte","2045801","Plátano","Anual","1.680"
"2006","76233","Dagua","Sur","2045801","Plátano","Anual","4.345"
"2006","76126","Calima Darién","Centro","2045801","Plátano","Anual","1.200"
"2006","76243","El Aguila","Norte","2045801","Plátano","Anual","2.880"
"2006","76130","Candelaria","Sur","2045801","Plátano","Anual","100"
"2006","76147","Cartago","Norte","2045801","Plátano","Anual","1.827"
"2006","76250","El Dovio","Norte","2045801","Plátano","Anual","1.480"
"2006","76275","Florida","Sur","2045801","Plátano","Anual","286"
"2006","76246","El Cairo","Norte","2045801","Plátano","Anual","6.364"
"2006","76248","El Cerrito","Sur","2045801","Plátano","Anual","200"
"2005","76892","Yumbo","Sur","2045801","Plátano","Anual","188"
"2005","76895","Zarzal","Norte","2045801","Plátano","Anual","140"
"2005","76890","Yotoco","Centro","2045801","Plátano","Anual","5.348"
"2005","76863","Versalles","Norte","2045801","Plátano","Anual","2.412"
"2005","76869","Vijes","Sur","2045801","Plátano","Anual","1.064"
"2005","76845","Ulloa","Norte","2045801","Plátano","Anual","985"
"2005","76616","Riofrío","Centro","2045801","Plátano","Anual","9.800"
"2005","76622","Roldanillo","Norte","2045801","Plátano","Anual","840"
"2005","76563","Pradera","Sur","2045801","Plátano","Anual","100"
"2005","76606","Restrepo","Centro","2045801","Plátano","Anual","3.090"
"2005","76828","Trujillo","Centro","2045801","Plátano","Anual","5.130"
"2005","76834","Tuluá","Centro","2045801","Plátano","Anual","4.000"
"2005","76736","Sevilla","Centro","2045801","Plátano","Anual","14.560"
"2005","76670","San Pedro","Centro","2045801","Plátano","Anual","1.647"
"2005","76823","Toro","Norte","2045801","Plátano","Anual","1.960"
"2005","76520","Palmira","Sur","2045801","Plátano","Anual","6.155"
"2005","76001","Cali","Sur","2045801","Plátano","Anual","1.243"
"2005","76020","Alcalá","Norte","2045801","Plátano","Anual","2.745"
"2005","76054","Argelia","Norte","2045801","Plátano","Anual","21.084"
"2005","76109","Buenaventura","Pacifico","2045801","Plátano","Anual","1.523"
"2005","76100","Bolivar","Norte","2045801","Plátano","Anual","3.250"
"2005","76036","Andalucia","Centro","2045801","Plátano","Anual","428"
"2005","76041","Ansermanuevo","Norte","2045801","Plátano","Anual","3.719"
"2005","76318","Guacarí","Centro","2045801","Plátano","Anual","875"
"2005","76364","Jamundí","Sur","2045801","Plátano","Anual","1.001"
"2005","76275","Florida","Sur","2045801","Plátano","Anual","3.053"
"2005","76306","Ginebra","Sur","2045801","Plátano","Anual","1.105"
"2005","76403","La Victoria","Norte","2045801","Plátano","Anual","1.680"
"2005","76497","Obando","Norte","2045801","Plátano","Anual","3.912"
"2005","76377","La Cumbre","Sur","2045801","Plátano","Anual","1.785"
"2005","76400","La Unión","Norte","2045801","Plátano","Anual","673"
"2005","76250","El Dovio","Norte","2045801","Plátano","Anual","1.615"
"2005","76130","Candelaria","Sur","2045801","Plátano","Anual","74"
"2005","76122","Caicedonia","Centro","2045801","Plátano","Anual","10.421"
"2005","76147","Cartago","Norte","2045801","Plátano","Anual","1.827"
"2005","76111","Buga","Centro","2045801","Plátano","Anual","5.184"
"2005","76113","Bugalagrande","Centro","2045801","Plátano","Anual","2.624"
"2005","76246","El Cairo","Norte","2045801","Plátano","Anual","6.364"
"2005","76248","El Cerrito","Sur","2045801","Plátano","Anual","200"
"2005","76243","El Aguila","Norte","2045801","Plátano","Anual","2.800"
"2005","76233","Dagua","Sur","2045801","Plátano","Anual","5.000"
"2005","76126","Calima Darién","Centro","2045801","Plátano","Anual","1.200"
"2004","76895","Zarzal","Norte","2045801","Plátano","Anual","131"
"2004","76892","Yumbo","Sur","2045801","Plátano","Anual","184"
"2004","76736","Sevilla","Centro","2045801","Plátano","Anual","10.951"
"2004","76823","Toro","Norte","2045801","Plátano","Anual","2.199"
"2004","76622","Roldanillo","Norte","2045801","Plátano","Anual","875"
"2004","76670","San Pedro","Centro","2045801","Plátano","Anual","1.647"
"2004","76869","Vijes","Sur","2045801","Plátano","Anual","665"
"2004","76863","Versalles","Norte","2045801","Plátano","Anual","2.412"
"2004","76890","Yotoco","Centro","2045801","Plátano","Anual","5.207"
"2004","76828","Trujillo","Centro","2045801","Plátano","Anual","4.266"
"2004","76845","Ulloa","Norte","2045801","Plátano","Anual","972"
"2004","76834","Tuluá","Centro","2045801","Plátano","Anual","3.856"
"2004","76020","Alcalá","Norte","2045801","Plátano","Anual","838"
"2004","76041","Ansermanuevo","Norte","2045801","Plátano","Anual","3.662"
"2004","76036","Andalucia","Centro","2045801","Plátano","Anual","248"
"2004","76001","Cali","Sur","2045801","Plátano","Anual","1.043"
"2004","76111","Buga","Centro","2045801","Plátano","Anual","4.994"
"2004","76109","Buenaventura","Pacifico","2045801","Plátano","Anual","862"
"2004","76113","Bugalagrande","Centro","2045801","Plátano","Anual","3.240"
"2004","76054","Argelia","Norte","2045801","Plátano","Anual","7.554"
"2004","76100","Bolivar","Norte","2045801","Plátano","Anual","3.522"
"2004","76400","La Unión","Norte","2045801","Plátano","Anual","673"
"2004","76377","La Cumbre","Sur","2045801","Plátano","Anual","1.750"
"2004","76403","La Victoria","Norte","2045801","Plátano","Anual","1.669"
"2004","76318","Guacarí","Centro","2045801","Plátano","Anual","2.639"
"2004","76364","Jamundí","Sur","2045801","Plátano","Anual","505"
"2004","76606","Restrepo","Centro","2045801","Plátano","Anual","2.879"
"2004","76563","Pradera","Sur","2045801","Plátano","Anual","134"
"2004","76616","Riofrío","Centro","2045801","Plátano","Anual","9.081"
"2004","76497","Obando","Norte","2045801","Plátano","Anual","4.632"
"2004","76520","Palmira","Sur","2045801","Plátano","Anual","6.155"
"2004","76233","Dagua","Sur","2045801","Plátano","Anual","8.390"
"2004","76243","El Aguila","Norte","2045801","Plátano","Anual","2.106"
"2004","76126","Calima Darién","Centro","2045801","Plátano","Anual","2.111"
"2004","76130","Candelaria","Sur","2045801","Plátano","Anual","74"
"2004","76122","Caicedonia","Centro","2045801","Plátano","Anual","16.016"
"2004","76147","Cartago","Norte","2045801","Plátano","Anual","1.883"
"2004","76275","Florida","Sur","2045801","Plátano","Anual","3.135"
"2004","76306","Ginebra","Sur","2045801","Plátano","Anual","1.043"
"2004","76246","El Cairo","Norte","2045801","Plátano","Anual","6.166"
"2004","76250","El Dovio","Norte","2045801","Plátano","Anual","1.766"
"2004","76248","El Cerrito","Sur","2045801","Plátano","Anual","875"
"2003","76895","Zarzal","Norte","2045801","Plátano","Anual","220"
"2003","76890","Yotoco","Centro","2045801","Plátano","Anual","4.646"
"2003","76892","Yumbo","Sur","2045801","Plátano","Anual","184"
"2003","76869","Vijes","Sur","2045801","Plátano","Anual","645"
"2003","76622","Roldanillo","Norte","2045801","Plátano","Anual","1.243"
"2003","76670","San Pedro","Centro","2045801","Plátano","Anual","1.634"
"2003","76736","Sevilla","Centro","2045801","Plátano","Anual","9.450"
"2003","76606","Restrepo","Centro","2045801","Plátano","Anual","3.439"
"2003","76616","Riofrío","Centro","2045801","Plátano","Anual","9.081"
"2003","76845","Ulloa","Norte","2045801","Plátano","Anual","657"
"2003","76834","Tuluá","Centro","2045801","Plátano","Anual","4.121"
"2003","76863","Versalles","Norte","2045801","Plátano","Anual","2.478"
"2003","76823","Toro","Norte","2045801","Plátano","Anual","2.135"
"2003","76828","Trujillo","Centro","2045801","Plátano","Anual","4.149"
"2003","76020","Alcalá","Norte","2045801","Plátano","Anual","2.442"
"2003","76036","Andalucia","Centro","2045801","Plátano","Anual","473"
"2003","76001","Cali","Sur","2045801","Plátano","Anual","1.440"
"2003","76109","Buenaventura","Pacifico","2045801","Plátano","Anual","2.093"
"2003","76100","Bolivar","Norte","2045801","Plátano","Anual","3.835"
"2003","76111","Buga","Centro","2045801","Plátano","Anual","4.444"
"2003","76041","Ansermanuevo","Norte","2045801","Plátano","Anual","4.736"
"2003","76054","Argelia","Norte","2045801","Plátano","Anual","4.518"
"2003","76364","Jamundí","Sur","2045801","Plátano","Anual","350"
"2003","76377","La Cumbre","Sur","2045801","Plátano","Anual","1.946"
"2003","76275","Florida","Sur","2045801","Plátano","Anual","2.553"
"2003","76306","Ginebra","Sur","2045801","Plátano","Anual","1.043"
"2003","76318","Guacarí","Centro","2045801","Plátano","Anual","7.112"
"2003","76497","Obando","Norte","2045801","Plátano","Anual","3.839"
"2003","76520","Palmira","Sur","2045801","Plátano","Anual","6.156"
"2003","76563","Pradera","Sur","2045801","Plátano","Anual","130"
"2003","76400","La Unión","Norte","2045801","Plátano","Anual","653"
"2003","76403","La Victoria","Norte","2045801","Plátano","Anual","1.755"
"2003","76147","Cartago","Norte","2045801","Plátano","Anual","1.626"
"2003","76233","Dagua","Sur","2045801","Plátano","Anual","4.602"
"2003","76130","Candelaria","Sur","2045801","Plátano","Anual","72"
"2003","76113","Bugalagrande","Centro","2045801","Plátano","Anual","3.247"
"2003","76122","Caicedonia","Centro","2045801","Plátano","Anual","15.850"
"2003","76248","El Cerrito","Sur","2045801","Plátano","Anual","1.194"
"2003","76250","El Dovio","Norte","2045801","Plátano","Anual","1.950"
"2003","76126","Calima Darién","Centro","2045801","Plátano","Anual","2.049"
"2003","76246","El Cairo","Norte","2045801","Plátano","Anual","5.831"
"2003","76243","El Aguila","Norte","2045801","Plátano","Anual","2.604"
"2002","76895","Zarzal","Norte","2045801","Plátano","Anual","190"
"2002","76890","Yotoco","Centro","2045801","Plátano","Anual","4.617"
"2002","76892","Yumbo","Sur","2045801","Plátano","Anual","176"
"2002","76869","Vijes","Sur","2045801","Plátano","Anual","600"
"2002","76622","Roldanillo","Norte","2045801","Plátano","Anual","723"
"2002","76670","San Pedro","Centro","2045801","Plátano","Anual","1.409"
"2002","76736","Sevilla","Centro","2045801","Plátano","Anual","8.820"
"2002","76606","Restrepo","Centro","2045801","Plátano","Anual","2.856"
"2002","76616","Riofrío","Centro","2045801","Plátano","Anual","8.667"
"2002","76845","Ulloa","Norte","2045801","Plátano","Anual","357"
"2002","76834","Tuluá","Centro","2045801","Plátano","Anual","3.926"
"2002","76863","Versalles","Norte","2045801","Plátano","Anual","2.408"
"2002","76823","Toro","Norte","2045801","Plátano","Anual","1.890"
"2002","76828","Trujillo","Centro","2045801","Plátano","Anual","4.149"
"2002","76020","Alcalá","Norte","2045801","Plátano","Anual","2.415"
"2002","76036","Andalucia","Centro","2045801","Plátano","Anual","465"
"2002","76001","Cali","Sur","2045801","Plátano","Anual","1.650"
"2002","76109","Buenaventura","Pacifico","2045801","Plátano","Anual","1.522"
"2002","76100","Bolivar","Norte","2045801","Plátano","Anual","3.549"
"2002","76111","Buga","Centro","2045801","Plátano","Anual","4.345"
"2002","76041","Ansermanuevo","Norte","2045801","Plátano","Anual","5.310"
"2002","76054","Argelia","Norte","2045801","Plátano","Anual","3.573"
"2002","76364","Jamundí","Sur","2045801","Plátano","Anual","311"
"2002","76377","La Cumbre","Sur","2045801","Plátano","Anual","1.918"
"2002","76306","Ginebra","Sur","2045801","Plátano","Anual","1.043"
"2002","76318","Guacarí","Centro","2045801","Plátano","Anual","7.048"
"2002","76520","Palmira","Sur","2045801","Plátano","Anual","2.160"
"2002","76563","Pradera","Sur","2045801","Plátano","Anual","130"
"2002","76497","Obando","Norte","2045801","Plátano","Anual","3.619"
"2002","76400","La Unión","Norte","2045801","Plátano","Anual","590"
"2002","76403","La Victoria","Norte","2045801","Plátano","Anual","1.584"
"2002","76275","Florida","Sur","2045801","Plátano","Anual","2.424"
"2002","76147","Cartago","Norte","2045801","Plátano","Anual","1.626"
"2002","76233","Dagua","Sur","2045801","Plátano","Anual","5.310"
"2002","76113","Bugalagrande","Centro","2045801","Plátano","Anual","2.927"
"2002","76130","Candelaria","Sur","2045801","Plátano","Anual","54"
"2002","76122","Caicedonia","Centro","2045801","Plátano","Anual","15.448"
"2002","76248","El Cerrito","Sur","2045801","Plátano","Anual","1.182"
"2002","76250","El Dovio","Norte","2045801","Plátano","Anual","1.853"
"2002","76126","Calima Darién","Centro","2045801","Plátano","Anual","2.049"
"2002","76243","El Aguila","Norte","2045801","Plátano","Anual","2.683"
"2002","76246","El Cairo","Norte","2045801","Plátano","Anual","6.090"
"2001","76892","Yumbo","Sur","2045801","Plátano","Anual","160"
"2001","76895","Zarzal","Norte","2045801","Plátano","Anual","175"
"2001","76736","Sevilla","Centro","2045801","Plátano","Anual","5.544"
"2001","76823","Toro","Norte","2045801","Plátano","Anual","1.610"
"2001","76622","Roldanillo","Norte","2045801","Plátano","Anual","580"
"2001","76670","San Pedro","Centro","2045801","Plátano","Anual","1.508"
"2001","76869","Vijes","Sur","2045801","Plátano","Anual","350"
"2001","76863","Versalles","Norte","2045801","Plátano","Anual","2.450"
"2001","76890","Yotoco","Centro","2045801","Plátano","Anual","4.524"
"2001","76828","Trujillo","Centro","2045801","Plátano","Anual","4.131"
"2001","76845","Ulloa","Norte","2045801","Plátano","Anual","254"
"2001","76834","Tuluá","Centro","2045801","Plátano","Anual","3.960"
"2001","76036","Andalucia","Centro","2045801","Plátano","Anual","525"
"2001","76041","Ansermanuevo","Norte","2045801","Plátano","Anual","5.022"
"2001","76001","Cali","Sur","2045801","Plátano","Anual","1.550"
"2001","76020","Alcalá","Norte","2045801","Plátano","Anual","2.907"
"2001","76111","Buga","Centro","2045801","Plátano","Anual","4.092"
"2001","76113","Bugalagrande","Centro","2045801","Plátano","Anual","2.552"
"2001","76054","Argelia","Norte","2045801","Plátano","Anual","2.925"
"2001","76109","Buenaventura","Pacifico","2045801","Plátano","Anual","1.522"
"2001","76100","Bolivar","Norte","2045801","Plátano","Anual","3.640"
"2001","76122","Caicedonia","Centro","2045801","Plátano","Anual","10.822"
"2001","76377","La Cumbre","Sur","2045801","Plátano","Anual","1.827"
"2001","76400","La Unión","Norte","2045801","Plátano","Anual","781"
"2001","76403","La Victoria","Norte","2045801","Plátano","Anual","1.584"
"2001","76318","Guacarí","Centro","2045801","Plátano","Anual","6.648"
"2001","76364","Jamundí","Sur","2045801","Plátano","Anual","311"
"2001","76606","Restrepo","Centro","2045801","Plátano","Anual","3.036"
"2001","76563","Pradera","Sur","2045801","Plátano","Anual","130"
"2001","76616","Riofrío","Centro","2045801","Plátano","Anual","7.722"
"2001","76497","Obando","Norte","2045801","Plátano","Anual","3.729"
"2001","76520","Palmira","Sur","2045801","Plátano","Anual","2.496"
"2001","76126","Calima Darién","Centro","2045801","Plátano","Anual","1.929"
"2001","76233","Dagua","Sur","2045801","Plátano","Anual","5.310"
"2001","76243","El Aguila","Norte","2045801","Plátano","Anual","2.720"
"2001","76130","Candelaria","Sur","2045801","Plátano","Anual","113"
"2001","76147","Cartago","Norte","2045801","Plátano","Anual","1.626"
"2001","76275","Florida","Sur","2045801","Plátano","Anual","1.744"
"2001","76306","Ginebra","Sur","2045801","Plátano","Anual","763"
"2001","76246","El Cairo","Norte","2045801","Plátano","Anual","6.090"
"2001","76250","El Dovio","Norte","2045801","Plátano","Anual","1.853"
"2001","76248","El Cerrito","Sur","2045801","Plátano","Anual","1.254"
"2000","76892","Yumbo","Sur","2045801","Plátano","Anual","280"
"2000","76895","Zarzal","Norte","2045801","Plátano","Anual","180"
"2000","76736","Sevilla","Centro","2045801","Plátano","Anual","5.544"
"2000","76823","Toro","Norte","2045801","Plátano","Anual","1.890"
"2000","76622","Roldanillo","Norte","2045801","Plátano","Anual","853"
"2000","76670","San Pedro","Centro","2045801","Plátano","Anual","1.170"
"2000","76863","Versalles","Norte","2045801","Plátano","Anual","2.450"
"2000","76869","Vijes","Sur","2045801","Plátano","Anual","500"
"2000","76890","Yotoco","Centro","2045801","Plátano","Anual","4.611"
"2000","76828","Trujillo","Centro","2045801","Plátano","Anual","3.902"
"2000","76845","Ulloa","Norte","2045801","Plátano","Anual","171"
"2000","76834","Tuluá","Centro","2045801","Plátano","Anual","3.987"
"2000","76616","Riofrío","Centro","2045801","Plátano","Anual","8.410"
"2000","76036","Andalucia","Centro","2045801","Plátano","Anual","525"
"2000","76041","Ansermanuevo","Norte","2045801","Plátano","Anual","5.022"
"2000","76054","Argelia","Norte","2045801","Plátano","Anual","2.925"
"2000","76001","Cali","Sur","2045801","Plátano","Anual","1.600"
"2000","76020","Alcalá","Norte","2045801","Plátano","Anual","2.205"
"2000","76113","Bugalagrande","Centro","2045801","Plátano","Anual","3.206"
"2000","76122","Caicedonia","Centro","2045801","Plátano","Anual","27.807"
"2000","76100","Bolivar","Norte","2045801","Plátano","Anual","3.952"
"2000","76109","Buenaventura","Pacifico","2045801","Plátano","Anual","1.513"
"2000","76111","Buga","Centro","2045801","Plátano","Anual","3.575"
"2000","76377","La Cumbre","Sur","2045801","Plátano","Anual","3.380"
"2000","76400","La Unión","Norte","2045801","Plátano","Anual","191"
"2000","76318","Guacarí","Centro","2045801","Plátano","Anual","6.800"
"2000","76364","Jamundí","Sur","2045801","Plátano","Anual","150"
"2000","76403","La Victoria","Norte","2045801","Plátano","Anual","1.584"
"2000","76563","Pradera","Sur","2045801","Plátano","Anual","130"
"2000","76606","Restrepo","Centro","2045801","Plátano","Anual","3.156"
"2000","76497","Obando","Norte","2045801","Plátano","Anual","3.146"
"2000","76520","Palmira","Sur","2045801","Plátano","Anual","2.592"
"2000","76126","Calima Darién","Centro","2045801","Plátano","Anual","1.278"
"2000","76233","Dagua","Sur","2045801","Plátano","Anual","4.635"
"2000","76243","El Aguila","Norte","2045801","Plátano","Anual","2.400"
"2000","76130","Candelaria","Sur","2045801","Plátano","Anual","176"
"2000","76147","Cartago","Norte","2045801","Plátano","Anual","3.700"
"2000","76275","Florida","Sur","2045801","Plátano","Anual","4.620"
"2000","76306","Ginebra","Sur","2045801","Plátano","Anual","560"
"2000","76246","El Cairo","Norte","2045801","Plátano","Anual","6.090"
"2000","76248","El Cerrito","Sur","2045801","Plátano","Anual","1.254"
"2000","76250","El Dovio","Norte","2045801","Plátano","Anual","1.980"
"2020","76520","Palmira","Sur","20436","Cítricos","Anual","1.540"
"2020","76497","Obando","Norte","20436","Cítricos","Anual","270"
"2020","76563","Pradera","Sur","20436","Cítricos","Anual","250"
"2020","76606","Restrepo","Centro","20436","Cítricos","Anual","630"
"2020","76364","Jamundí","Sur","20436","Cítricos","Anual","13.230"
"2020","76403","La Victoria","Norte","20436","Cítricos","Anual","5.770"
"2020","76400","La Unión","Norte","20436","Cítricos","Anual","567"
"2020","76828","Trujillo","Centro","20436","Cítricos","Anual","662,5"
"2020","76823","Toro","Norte","20436","Cítricos","Anual","90"
"2020","76834","Tuluá","Centro","20436","Cítricos","Anual","612"
"2020","76845","Ulloa","Norte","20436","Cítricos","Anual","2.152"
"2020","76622","Roldanillo","Norte","20436","Cítricos","Anual","838"
"2020","76616","Riofrío","Centro","20436","Cítricos","Anual","765"
"2020","76736","Sevilla","Centro","20436","Cítricos","Anual","20.314,61"
"2020","76670","San Pedro","Centro","20436","Cítricos","Anual","2.015"
"2020","76111","Buga","Centro","20436","Cítricos","Anual","190"
"2020","76113","Bugalagrande","Centro","20436","Cítricos","Anual","15.764"
"2020","76122","Caicedonia","Centro","20436","Cítricos","Anual","26.255,68"
"2020","76036","Andalucia","Centro","20436","Cítricos","Anual","6.709,6"
"2020","76001","Cali","Sur","20436","Cítricos","Anual","885"
"2020","76020","Alcalá","Norte","20436","Cítricos","Anual","9.327,31"
"2020","76054","Argelia","Norte","20436","Cítricos","Anual","40"
"2020","76100","Bolivar","Norte","20436","Cítricos","Anual","940"
"2020","76041","Ansermanuevo","Norte","20436","Cítricos","Anual","720"
"2020","76275","Florida","Sur","20436","Cítricos","Anual","2.240"
"2020","76248","El Cerrito","Sur","20436","Cítricos","Anual","480"
"2020","76318","Guacarí","Centro","20436","Cítricos","Anual","1.440"
"2020","76147","Cartago","Norte","20436","Cítricos","Anual","12.319,2"
"2020","76130","Candelaria","Sur","20436","Cítricos","Anual","314,4"
"2020","76126","Calima Darién","Centro","20436","Cítricos","Anual","90"
"2020","76233","Dagua","Sur","20436","Cítricos","Anual","3.680"
"2020","76246","El Cairo","Norte","20436","Cítricos","Anual","119,6"
"2020","76243","El Aguila","Norte","20436","Cítricos","Anual","98"
"2020","76895","Zarzal","Norte","20436","Cítricos","Anual","2.694"
"2020","76869","Vijes","Sur","20436","Cítricos","Anual","800"
"2020","76892","Yumbo","Sur","20436","Cítricos","Anual","645,3"
"2020","76890","Yotoco","Centro","20436","Cítricos","Anual","1.170"
"2019","76563","Pradera","Sur","20436","Cítricos","Anual","250"
"2019","76497","Obando","Norte","20436","Cítricos","Anual","660"
"2019","76520","Palmira","Sur","20436","Cítricos","Anual","1.500"
"2019","76616","Riofrío","Centro","20436","Cítricos","Anual","342"
"2019","76606","Restrepo","Centro","20436","Cítricos","Anual","630"
"2019","76364","Jamundí","Sur","20436","Cítricos","Anual","14.125"
"2019","76403","La Victoria","Norte","20436","Cítricos","Anual","4.235"
"2019","76400","La Unión","Norte","20436","Cítricos","Anual","567"
"2019","76834","Tuluá","Centro","20436","Cítricos","Anual","612"
"2019","76828","Trujillo","Centro","20436","Cítricos","Anual","280"
"2019","76869","Vijes","Sur","20436","Cítricos","Anual","860"
"2019","76845","Ulloa","Norte","20436","Cítricos","Anual","1.812"
"2019","76670","San Pedro","Centro","20436","Cítricos","Anual","1.505"
"2019","76622","Roldanillo","Norte","20436","Cítricos","Anual","825"
"2019","76823","Toro","Norte","20436","Cítricos","Anual","60"
"2019","76736","Sevilla","Centro","20436","Cítricos","Anual","19.500"
"2019","76113","Bugalagrande","Centro","20436","Cítricos","Anual","15.764"
"2019","76122","Caicedonia","Centro","20436","Cítricos","Anual","42.680"
"2019","76111","Buga","Centro","20436","Cítricos","Anual","140"
"2019","76036","Andalucia","Centro","20436","Cítricos","Anual","7.280"
"2019","76001","Cali","Sur","20436","Cítricos","Anual","420"
"2019","76020","Alcalá","Norte","20436","Cítricos","Anual","7.772"
"2019","76054","Argelia","Norte","20436","Cítricos","Anual","40"
"2019","76100","Bolivar","Norte","20436","Cítricos","Anual","560"
"2019","76041","Ansermanuevo","Norte","20436","Cítricos","Anual","680"
"2019","76275","Florida","Sur","20436","Cítricos","Anual","2.200"
"2019","76248","El Cerrito","Sur","20436","Cítricos","Anual","480"
"2019","76318","Guacarí","Centro","20436","Cítricos","Anual","1.380"
"2019","76147","Cartago","Norte","20436","Cítricos","Anual","6.345"
"2019","76233","Dagua","Sur","20436","Cítricos","Anual","3.680"
"2019","76126","Calima Darién","Centro","20436","Cítricos","Anual","120"
"2019","76130","Candelaria","Sur","20436","Cítricos","Anual","261,8"
"2019","76246","El Cairo","Norte","20436","Cítricos","Anual","29,04"
"2019","76243","El Aguila","Norte","20436","Cítricos","Anual","75"
"2019","76892","Yumbo","Sur","20436","Cítricos","Anual","990,3"
"2019","76890","Yotoco","Centro","20436","Cítricos","Anual","1.188"
"2019","76895","Zarzal","Norte","20436","Cítricos","Anual","2.514"
"2018","76563","Pradera","Sur","20436","Cítricos","Anual","0"
"2018","76520","Palmira","Sur","20436","Cítricos","Anual","1.500"
"2018","76616","Riofrío","Centro","20436","Cítricos","Anual","162"
"2018","76606","Restrepo","Centro","20436","Cítricos","Anual","630"
"2018","76400","La Unión","Norte","20436","Cítricos","Anual","364,5"
"2018","76364","Jamundí","Sur","20436","Cítricos","Anual","14.090"
"2018","76497","Obando","Norte","20436","Cítricos","Anual","342"
"2018","76403","La Victoria","Norte","20436","Cítricos","Anual","4.200"
"2018","76834","Tuluá","Centro","20436","Cítricos","Anual","612"
"2018","76828","Trujillo","Centro","20436","Cítricos","Anual","290"
"2018","76845","Ulloa","Norte","20436","Cítricos","Anual","1.472"
"2018","76670","San Pedro","Centro","20436","Cítricos","Anual","1.519"
"2018","76622","Roldanillo","Norte","20436","Cítricos","Anual","800"
"2018","76823","Toro","Norte","20436","Cítricos","Anual","45"
"2018","76736","Sevilla","Centro","20436","Cítricos","Anual","13.000"
"2018","76111","Buga","Centro","20436","Cítricos","Anual","180"
"2018","76122","Caicedonia","Centro","20436","Cítricos","Anual","43.076"
"2018","76113","Bugalagrande","Centro","20436","Cítricos","Anual","15.764"
"2018","76036","Andalucia","Centro","20436","Cítricos","Anual","5.800"
"2018","76001","Cali","Sur","20436","Cítricos","Anual","224"
"2018","76020","Alcalá","Norte","20436","Cítricos","Anual","7.612"
"2018","76054","Argelia","Norte","20436","Cítricos","Anual","40"
"2018","76100","Bolivar","Norte","20436","Cítricos","Anual","520"
"2018","76041","Ansermanuevo","Norte","20436","Cítricos","Anual","680"
"2018","76275","Florida","Sur","20436","Cítricos","Anual","2.725"
"2018","76248","El Cerrito","Sur","20436","Cítricos","Anual","540"
"2018","76318","Guacarí","Centro","20436","Cítricos","Anual","1.320"
"2018","76233","Dagua","Sur","20436","Cítricos","Anual","2.980"
"2018","76130","Candelaria","Sur","20436","Cítricos","Anual","295"
"2018","76126","Calima Darién","Centro","20436","Cítricos","Anual","120"
"2018","76147","Cartago","Norte","20436","Cítricos","Anual","6.489"
"2018","76246","El Cairo","Norte","20436","Cítricos","Anual","29,436"
"2018","76243","El Aguila","Norte","20436","Cítricos","Anual","75"
"2018","76892","Yumbo","Sur","20436","Cítricos","Anual","870"
"2018","76869","Vijes","Sur","20436","Cítricos","Anual","780"
"2018","76890","Yotoco","Centro","20436","Cítricos","Anual","1.128"
"2018","76895","Zarzal","Norte","20436","Cítricos","Anual","2.559"
"2017","76563","Pradera","Sur","20436","Cítricos","Anual","250"
"2017","76520","Palmira","Sur","20436","Cítricos","Anual","1.500"
"2017","76606","Restrepo","Centro","20436","Cítricos","Anual","156"
"2017","76616","Riofrío","Centro","20436","Cítricos","Anual","144"
"2017","76400","La Unión","Norte","20436","Cítricos","Anual","364,5"
"2017","76497","Obando","Norte","20436","Cítricos","Anual","342"
"2017","76403","La Victoria","Norte","20436","Cítricos","Anual","2.940"
"2017","76834","Tuluá","Centro","20436","Cítricos","Anual","612"
"2017","76828","Trujillo","Centro","20436","Cítricos","Anual","400"
"2017","76869","Vijes","Sur","20436","Cítricos","Anual","780"
"2017","76845","Ulloa","Norte","20436","Cítricos","Anual","1.247,4"
"2017","76670","San Pedro","Centro","20436","Cítricos","Anual","406"
"2017","76622","Roldanillo","Norte","20436","Cítricos","Anual","800"
"2017","76823","Toro","Norte","20436","Cítricos","Anual","30"
"2017","76736","Sevilla","Centro","20436","Cítricos","Anual","28.000"
"2017","76364","Jamundí","Sur","20436","Cítricos","Anual","10.670"
"2017","76111","Buga","Centro","20436","Cítricos","Anual","170"
"2017","76122","Caicedonia","Centro","20436","Cítricos","Anual","48.950"
"2017","76113","Bugalagrande","Centro","20436","Cítricos","Anual","15.764"
"2017","76036","Andalucia","Centro","20436","Cítricos","Anual","6.500"
"2017","76041","Ansermanuevo","Norte","20436","Cítricos","Anual","105"
"2017","76001","Cali","Sur","20436","Cítricos","Anual","161"
"2017","76020","Alcalá","Norte","20436","Cítricos","Anual","12.410"
"2017","76100","Bolivar","Norte","20436","Cítricos","Anual","680"
"2017","76054","Argelia","Norte","20436","Cítricos","Anual","40"
"2017","76126","Calima Darién","Centro","20436","Cítricos","Anual","80"
"2017","76275","Florida","Sur","20436","Cítricos","Anual","2.850"
"2017","76318","Guacarí","Centro","20436","Cítricos","Anual","2.170"
"2017","76306","Ginebra","Sur","20436","Cítricos","Anual","540"
"2017","76233","Dagua","Sur","20436","Cítricos","Anual","1.100"
"2017","76130","Candelaria","Sur","20436","Cítricos","Anual","314,5"
"2017","76147","Cartago","Norte","20436","Cítricos","Anual","3.654"
"2017","76248","El Cerrito","Sur","20436","Cítricos","Anual","540"
"2017","76243","El Aguila","Norte","20436","Cítricos","Anual","52,5"
"2017","76892","Yumbo","Sur","20436","Cítricos","Anual","630,72"
"2017","76890","Yotoco","Centro","20436","Cítricos","Anual","1.128"
"2017","76895","Zarzal","Norte","20436","Cítricos","Anual","2.439"
"2016","76563","Pradera","Sur","20436","Cítricos","Anual","325"
"2016","76497","Obando","Norte","20436","Cítricos","Anual","468"
"2016","76520","Palmira","Sur","20436","Cítricos","Anual","1.500"
"2016","76616","Riofrío","Centro","20436","Cítricos","Anual","144"
"2016","76606","Restrepo","Centro","20436","Cítricos","Anual","192"
"2016","76364","Jamundí","Sur","20436","Cítricos","Anual","9.060"
"2016","76400","La Unión","Norte","20436","Cítricos","Anual","263"
"2016","76828","Trujillo","Centro","20436","Cítricos","Anual","400"
"2016","76845","Ulloa","Norte","20436","Cítricos","Anual","1.266"
"2016","76834","Tuluá","Centro","20436","Cítricos","Anual","636"
"2016","76622","Roldanillo","Norte","20436","Cítricos","Anual","400"
"2016","76736","Sevilla","Centro","20436","Cítricos","Anual","41.545"
"2016","76823","Toro","Norte","20436","Cítricos","Anual","30"
"2016","76670","San Pedro","Centro","20436","Cítricos","Anual","448"
"2016","76111","Buga","Centro","20436","Cítricos","Anual","120"
"2016","76122","Caicedonia","Centro","20436","Cítricos","Anual","48.725"
"2016","76113","Bugalagrande","Centro","20436","Cítricos","Anual","15.960"
"2016","76036","Andalucia","Centro","20436","Cítricos","Anual","11.200"
"2016","76041","Ansermanuevo","Norte","20436","Cítricos","Anual","25"
"2016","76001","Cali","Sur","20436","Cítricos","Anual","161"
"2016","76020","Alcalá","Norte","20436","Cítricos","Anual","7.440"
"2016","76054","Argelia","Norte","20436","Cítricos","Anual","39"
"2016","76100","Bolivar","Norte","20436","Cítricos","Anual","880"
"2016","76275","Florida","Sur","20436","Cítricos","Anual","2.820"
"2016","76248","El Cerrito","Sur","20436","Cítricos","Anual","540"
"2016","76318","Guacarí","Centro","20436","Cítricos","Anual","570"
"2016","76306","Ginebra","Sur","20436","Cítricos","Anual","348"
"2016","76147","Cartago","Norte","20436","Cítricos","Anual","2.952"
"2016","76233","Dagua","Sur","20436","Cítricos","Anual","2.046"
"2016","76126","Calima Darién","Centro","20436","Cítricos","Anual","90"
"2016","76130","Candelaria","Sur","20436","Cítricos","Anual","313"
"2016","76243","El Aguila","Norte","20436","Cítricos","Anual","105"
"2016","76890","Yotoco","Centro","20436","Cítricos","Anual","1.128"
"2016","76892","Yumbo","Sur","20436","Cítricos","Anual","453"
"2016","76869","Vijes","Sur","20436","Cítricos","Anual","336"
"2016","76895","Zarzal","Norte","20436","Cítricos","Anual","2.400"
"2015","76563","Pradera","Sur","20436","Cítricos","Anual","325"
"2015","76520","Palmira","Sur","20436","Cítricos","Anual","1.500"
"2015","76616","Riofrío","Centro","20436","Cítricos","Anual","150"
"2015","76606","Restrepo","Centro","20436","Cítricos","Anual","250"
"2015","76400","La Unión","Norte","20436","Cítricos","Anual","455"
"2015","76364","Jamundí","Sur","20436","Cítricos","Anual","9.060"
"2015","76497","Obando","Norte","20436","Cítricos","Anual","466"
"2015","76403","La Victoria","Norte","20436","Cítricos","Anual","799"
"2015","76834","Tuluá","Centro","20436","Cítricos","Anual","636"
"2015","76828","Trujillo","Centro","20436","Cítricos","Anual","330"
"2015","76845","Ulloa","Norte","20436","Cítricos","Anual","1.266"
"2015","76670","San Pedro","Centro","20436","Cítricos","Anual","448"
"2015","76622","Roldanillo","Norte","20436","Cítricos","Anual","350"
"2015","76823","Toro","Norte","20436","Cítricos","Anual","30"
"2015","76736","Sevilla","Centro","20436","Cítricos","Anual","35.460"
"2015","76111","Buga","Centro","20436","Cítricos","Anual","80"
"2015","76122","Caicedonia","Centro","20436","Cítricos","Anual","48.175"
"2015","76126","Calima Darién","Centro","20436","Cítricos","Anual","80"
"2015","76113","Bugalagrande","Centro","20436","Cítricos","Anual","16.604"
"2015","76036","Andalucia","Centro","20436","Cítricos","Anual","7.290"
"2015","76001","Cali","Sur","20436","Cítricos","Anual","140"
"2015","76020","Alcalá","Norte","20436","Cítricos","Anual","2.418"
"2015","76054","Argelia","Norte","20436","Cítricos","Anual","20"
"2015","76100","Bolivar","Norte","20436","Cítricos","Anual","860"
"2015","76041","Ansermanuevo","Norte","20436","Cítricos","Anual","60"
"2015","76275","Florida","Sur","20436","Cítricos","Anual","240"
"2015","76318","Guacarí","Centro","20436","Cítricos","Anual","427"
"2015","76306","Ginebra","Sur","20436","Cítricos","Anual","348"
"2015","76233","Dagua","Sur","20436","Cítricos","Anual","2.280"
"2015","76130","Candelaria","Sur","20436","Cítricos","Anual","326"
"2015","76147","Cartago","Norte","20436","Cítricos","Anual","2.426"
"2015","76248","El Cerrito","Sur","20436","Cítricos","Anual","500"
"2015","76243","El Aguila","Norte","20436","Cítricos","Anual","25"
"2015","76892","Yumbo","Sur","20436","Cítricos","Anual","472"
"2015","76869","Vijes","Sur","20436","Cítricos","Anual","400"
"2015","76890","Yotoco","Centro","20436","Cítricos","Anual","96"
"2015","76895","Zarzal","Norte","20436","Cítricos","Anual","10.040"
"2014","76563","Pradera","Sur","20436","Cítricos","Anual","325"
"2014","76497","Obando","Norte","20436","Cítricos","Anual","892"
"2014","76520","Palmira","Sur","20436","Cítricos","Anual","1.500"
"2014","76616","Riofrío","Centro","20436","Cítricos","Anual","210"
"2014","76606","Restrepo","Centro","20436","Cítricos","Anual","625"
"2014","76364","Jamundí","Sur","20436","Cítricos","Anual","9.060"
"2014","76403","La Victoria","Norte","20436","Cítricos","Anual","893"
"2014","76400","La Unión","Norte","20436","Cítricos","Anual","350"
"2014","76823","Toro","Norte","20436","Cítricos","Anual","36"
"2014","76828","Trujillo","Centro","20436","Cítricos","Anual","352"
"2014","76834","Tuluá","Centro","20436","Cítricos","Anual","636"
"2014","76845","Ulloa","Norte","20436","Cítricos","Anual","1.273"
"2014","76622","Roldanillo","Norte","20436","Cítricos","Anual","350"
"2014","76736","Sevilla","Centro","20436","Cítricos","Anual","35.460"
"2014","76670","San Pedro","Centro","20436","Cítricos","Anual","427"
"2014","76111","Buga","Centro","20436","Cítricos","Anual","80"
"2014","76113","Bugalagrande","Centro","20436","Cítricos","Anual","16.604"
"2014","76122","Caicedonia","Centro","20436","Cítricos","Anual","48.500"
"2014","76036","Andalucia","Centro","20436","Cítricos","Anual","11.850"
"2014","76001","Cali","Sur","20436","Cítricos","Anual","280"
"2014","76020","Alcalá","Norte","20436","Cítricos","Anual","2.976"
"2014","76054","Argelia","Norte","20436","Cítricos","Anual","20"
"2014","76100","Bolivar","Norte","20436","Cítricos","Anual","820"
"2014","76041","Ansermanuevo","Norte","20436","Cítricos","Anual","60"
"2014","76275","Florida","Sur","20436","Cítricos","Anual","2.490"
"2014","76248","El Cerrito","Sur","20436","Cítricos","Anual","500"
"2014","76318","Guacarí","Centro","20436","Cítricos","Anual","540"
"2014","76306","Ginebra","Sur","20436","Cítricos","Anual","330"
"2014","76130","Candelaria","Sur","20436","Cítricos","Anual","298"
"2014","76147","Cartago","Norte","20436","Cítricos","Anual","2.394"
"2014","76126","Calima Darién","Centro","20436","Cítricos","Anual","40"
"2014","76243","El Aguila","Norte","20436","Cítricos","Anual","35"
"2014","76233","Dagua","Sur","20436","Cítricos","Anual","1.425"
"2014","76892","Yumbo","Sur","20436","Cítricos","Anual","676"
"2014","76869","Vijes","Sur","20436","Cítricos","Anual","360"
"2014","76890","Yotoco","Centro","20436","Cítricos","Anual","112"
"2014","76895","Zarzal","Norte","20436","Cítricos","Anual","9.348"
"2013","76520","Palmira","Sur","20436","Cítricos","Anual","1.360"
"2013","76497","Obando","Norte","20436","Cítricos","Anual","1.488"
"2013","76606","Restrepo","Centro","20436","Cítricos","Anual","300"
"2013","76563","Pradera","Sur","20436","Cítricos","Anual","325"
"2013","76403","La Victoria","Norte","20436","Cítricos","Anual","447"
"2013","76364","Jamundí","Sur","20436","Cítricos","Anual","6.076"
"2013","76318","Guacarí","Centro","20436","Cítricos","Anual","560"
"2013","76400","La Unión","Norte","20436","Cítricos","Anual","350"
"2013","76823","Toro","Norte","20436","Cítricos","Anual","180"
"2013","76736","Sevilla","Centro","20436","Cítricos","Anual","35.460"
"2013","76834","Tuluá","Centro","20436","Cítricos","Anual","636"
"2013","76828","Trujillo","Centro","20436","Cítricos","Anual","302"
"2013","76616","Riofrío","Centro","20436","Cítricos","Anual","140"
"2013","76670","San Pedro","Centro","20436","Cítricos","Anual","420"
"2013","76622","Roldanillo","Norte","20436","Cítricos","Anual","350"
"2013","76113","Bugalagrande","Centro","20436","Cítricos","Anual","16.520"
"2013","76111","Buga","Centro","20436","Cítricos","Anual","40"
"2013","76036","Andalucia","Centro","20436","Cítricos","Anual","12.215"
"2013","76001","Cali","Sur","20436","Cítricos","Anual","231"
"2013","76020","Alcalá","Norte","20436","Cítricos","Anual","2.976"
"2013","76054","Argelia","Norte","20436","Cítricos","Anual","20"
"2013","76100","Bolivar","Norte","20436","Cítricos","Anual","780"
"2013","76041","Ansermanuevo","Norte","20436","Cítricos","Anual","36"
"2013","76248","El Cerrito","Sur","20436","Cítricos","Anual","350"
"2013","76306","Ginebra","Sur","20436","Cítricos","Anual","330"
"2013","76275","Florida","Sur","20436","Cítricos","Anual","2.340"
"2013","76130","Candelaria","Sur","20436","Cítricos","Anual","359"
"2013","76122","Caicedonia","Centro","20436","Cítricos","Anual","53.610"
"2013","76147","Cartago","Norte","20436","Cítricos","Anual","1.485"
"2013","76233","Dagua","Sur","20436","Cítricos","Anual","240"
"2013","76895","Zarzal","Norte","20436","Cítricos","Anual","13.853"
"2013","76869","Vijes","Sur","20436","Cítricos","Anual","330"
"2013","76845","Ulloa","Norte","20436","Cítricos","Anual","1.265"
"2013","76892","Yumbo","Sur","20436","Cítricos","Anual","680"
"2013","76890","Yotoco","Centro","20436","Cítricos","Anual","79"
"2012","76497","Obando","Norte","20436","Cítricos","Anual","2.100"
"2012","76520","Palmira","Sur","20436","Cítricos","Anual","1.360"
"2012","76606","Restrepo","Centro","20436","Cítricos","Anual","300"
"2012","76563","Pradera","Sur","20436","Cítricos","Anual","203"
"2012","76364","Jamundí","Sur","20436","Cítricos","Anual","5.964"
"2012","76403","La Victoria","Norte","20436","Cítricos","Anual","465"
"2012","76828","Trujillo","Centro","20436","Cítricos","Anual","224"
"2012","76823","Toro","Norte","20436","Cítricos","Anual","560"
"2012","76845","Ulloa","Norte","20436","Cítricos","Anual","65"
"2012","76834","Tuluá","Centro","20436","Cítricos","Anual","1.524"
"2012","76622","Roldanillo","Norte","20436","Cítricos","Anual","350"
"2012","76616","Riofrío","Centro","20436","Cítricos","Anual","1.220"
"2012","76736","Sevilla","Centro","20436","Cítricos","Anual","29.548"
"2012","76670","San Pedro","Centro","20436","Cítricos","Anual","420"
"2012","76113","Bugalagrande","Centro","20436","Cítricos","Anual","16.520"
"2012","76111","Buga","Centro","20436","Cítricos","Anual","1.050"
"2012","76020","Alcalá","Norte","20436","Cítricos","Anual","2.688"
"2012","76036","Andalucia","Centro","20436","Cítricos","Anual","4.076"
"2012","76001","Cali","Sur","20436","Cítricos","Anual","630"
"2012","76054","Argelia","Norte","20436","Cítricos","Anual","20"
"2012","76100","Bolivar","Norte","20436","Cítricos","Anual","680"
"2012","76041","Ansermanuevo","Norte","20436","Cítricos","Anual","36"
"2012","76248","El Cerrito","Sur","20436","Cítricos","Anual","256"
"2012","76306","Ginebra","Sur","20436","Cítricos","Anual","323"
"2012","76318","Guacarí","Centro","20436","Cítricos","Anual","913"
"2012","76275","Florida","Sur","20436","Cítricos","Anual","2.430"
"2012","76126","Calima Darién","Centro","20436","Cítricos","Anual","40"
"2012","76130","Candelaria","Sur","20436","Cítricos","Anual","360"
"2012","76122","Caicedonia","Centro","20436","Cítricos","Anual","42.180"
"2012","76243","El Aguila","Norte","20436","Cítricos","Anual","66"
"2012","76233","Dagua","Sur","20436","Cítricos","Anual","936"
"2012","76147","Cartago","Norte","20436","Cítricos","Anual","1.480"
"2012","76895","Zarzal","Norte","20436","Cítricos","Anual","9.827"
"2012","76869","Vijes","Sur","20436","Cítricos","Anual","223"
"2012","76890","Yotoco","Centro","20436","Cítricos","Anual","85"
"2012","76892","Yumbo","Sur","20436","Cítricos","Anual","287"
"2011","76520","Palmira","Sur","20436","Cítricos","Anual","1.216"
"2011","76497","Obando","Norte","20436","Cítricos","Anual","1.778"
"2011","76606","Restrepo","Centro","20436","Cítricos","Anual","306"
"2011","76563","Pradera","Sur","20436","Cítricos","Anual","13"
"2011","76364","Jamundí","Sur","20436","Cítricos","Anual","7.000"
"2011","76318","Guacarí","Centro","20436","Cítricos","Anual","580"
"2011","76403","La Victoria","Norte","20436","Cítricos","Anual","465"
"2011","76828","Trujillo","Centro","20436","Cítricos","Anual","56"
"2011","76823","Toro","Norte","20436","Cítricos","Anual","1.720"
"2011","76834","Tuluá","Centro","20436","Cítricos","Anual","1.688"
"2011","76622","Roldanillo","Norte","20436","Cítricos","Anual","306"
"2011","76616","Riofrío","Centro","20436","Cítricos","Anual","1.220"
"2011","76736","Sevilla","Centro","20436","Cítricos","Anual","35.157"
"2011","76670","San Pedro","Centro","20436","Cítricos","Anual","350"
"2011","76111","Buga","Centro","20436","Cítricos","Anual","1.050"
"2011","76113","Bugalagrande","Centro","20436","Cítricos","Anual","16.520"
"2011","76020","Alcalá","Norte","20436","Cítricos","Anual","1.411"
"2011","76036","Andalucia","Centro","20436","Cítricos","Anual","4.081"
"2011","76001","Cali","Sur","20436","Cítricos","Anual","508"
"2011","76054","Argelia","Norte","20436","Cítricos","Anual","20"
"2011","76100","Bolivar","Norte","20436","Cítricos","Anual","600"
"2011","76041","Ansermanuevo","Norte","20436","Cítricos","Anual","1"
"2011","76248","El Cerrito","Sur","20436","Cítricos","Anual","260"
"2011","76306","Ginebra","Sur","20436","Cítricos","Anual","7"
"2011","76275","Florida","Sur","20436","Cítricos","Anual","2.430"
"2011","76126","Calima Darién","Centro","20436","Cítricos","Anual","0"
"2011","76130","Candelaria","Sur","20436","Cítricos","Anual","334"
"2011","76122","Caicedonia","Centro","20436","Cítricos","Anual","31.140"
"2011","76243","El Aguila","Norte","20436","Cítricos","Anual","330"
"2011","76147","Cartago","Norte","20436","Cítricos","Anual","2.004"
"2011","76233","Dagua","Sur","20436","Cítricos","Anual","936"
"2011","76845","Ulloa","Norte","20436","Cítricos","Anual","6.720"
"2011","76869","Vijes","Sur","20436","Cítricos","Anual","212"
"2011","76890","Yotoco","Centro","20436","Cítricos","Anual","74"
"2011","76895","Zarzal","Norte","20436","Cítricos","Anual","9.320"
"2011","76892","Yumbo","Sur","20436","Cítricos","Anual","756"
"2010","76497","Obando","Norte","20436","Cítricos","Anual","1.050"
"2010","76520","Palmira","Sur","20436","Cítricos","Anual","1.216"
"2010","76403","La Victoria","Norte","20436","Cítricos","Anual","285"
"2010","76606","Restrepo","Centro","20436","Cítricos","Anual","276"
"2010","76563","Pradera","Sur","20436","Cítricos","Anual","330"
"2010","76364","Jamundí","Sur","20436","Cítricos","Anual","8.676"
"2010","76318","Guacarí","Centro","20436","Cítricos","Anual","580"
"2010","76828","Trujillo","Centro","20436","Cítricos","Anual","0"
"2010","76736","Sevilla","Centro","20436","Cítricos","Anual","14.027"
"2010","76823","Toro","Norte","20436","Cítricos","Anual","1.740"
"2010","76834","Tuluá","Centro","20436","Cítricos","Anual","1.706"
"2010","76616","Riofrío","Centro","20436","Cítricos","Anual","1.220"
"2010","76670","San Pedro","Centro","20436","Cítricos","Anual","350"
"2010","76622","Roldanillo","Norte","20436","Cítricos","Anual","351"
"2010","76100","Bolivar","Norte","20436","Cítricos","Anual","660"
"2010","76113","Bugalagrande","Centro","20436","Cítricos","Anual","17.080"
"2010","76111","Buga","Centro","20436","Cítricos","Anual","1.050"
"2010","76020","Alcalá","Norte","20436","Cítricos","Anual","2.352"
"2010","76036","Andalucia","Centro","20436","Cítricos","Anual","8.819"
"2010","76001","Cali","Sur","20436","Cítricos","Anual","600"
"2010","76054","Argelia","Norte","20436","Cítricos","Anual","20"
"2010","76041","Ansermanuevo","Norte","20436","Cítricos","Anual","3"
"2010","76248","El Cerrito","Sur","20436","Cítricos","Anual","260"
"2010","76243","El Aguila","Norte","20436","Cítricos","Anual","102"
"2010","76306","Ginebra","Sur","20436","Cítricos","Anual","470"
"2010","76275","Florida","Sur","20436","Cítricos","Anual","2.430"
"2010","76122","Caicedonia","Centro","20436","Cítricos","Anual","31.140"
"2010","76233","Dagua","Sur","20436","Cítricos","Anual","936"
"2010","76130","Candelaria","Sur","20436","Cítricos","Anual","334"
"2010","76147","Cartago","Norte","20436","Cítricos","Anual","1.964"
"2010","76869","Vijes","Sur","20436","Cítricos","Anual","201"
"2010","76890","Yotoco","Centro","20436","Cítricos","Anual","74"
"2010","76845","Ulloa","Norte","20436","Cítricos","Anual","6.528"
"2010","76895","Zarzal","Norte","20436","Cítricos","Anual","9.560"
"2010","76892","Yumbo","Sur","20436","Cítricos","Anual","756"
"2009","76520","Palmira","Sur","20436","Cítricos","Anual","1.216"
"2009","76497","Obando","Norte","20436","Cítricos","Anual","1.050"
"2009","76606","Restrepo","Centro","20436","Cítricos","Anual","240"
"2009","76563","Pradera","Sur","20436","Cítricos","Anual","325"
"2009","76364","Jamundí","Sur","20436","Cítricos","Anual","8.532"
"2009","76318","Guacarí","Centro","20436","Cítricos","Anual","770"
"2009","76403","La Victoria","Norte","20436","Cítricos","Anual","300"
"2009","76377","La Cumbre","Sur","20436","Cítricos","Anual","83"
"2009","76828","Trujillo","Centro","20436","Cítricos","Anual","150"
"2009","76823","Toro","Norte","20436","Cítricos","Anual","1.700"
"2009","76834","Tuluá","Centro","20436","Cítricos","Anual","1.680"
"2009","76622","Roldanillo","Norte","20436","Cítricos","Anual","341"
"2009","76616","Riofrío","Centro","20436","Cítricos","Anual","1.220"
"2009","76736","Sevilla","Centro","20436","Cítricos","Anual","23.814"
"2009","76670","San Pedro","Centro","20436","Cítricos","Anual","364"
"2009","76113","Bugalagrande","Centro","20436","Cítricos","Anual","12.880"
"2009","76111","Buga","Centro","20436","Cítricos","Anual","365"
"2009","76020","Alcalá","Norte","20436","Cítricos","Anual","2.218"
"2009","76036","Andalucia","Centro","20436","Cítricos","Anual","2.938"
"2009","76001","Cali","Sur","20436","Cítricos","Anual","450"
"2009","76054","Argelia","Norte","20436","Cítricos","Anual","20"
"2009","76100","Bolivar","Norte","20436","Cítricos","Anual","620"
"2009","76041","Ansermanuevo","Norte","20436","Cítricos","Anual","12"
"2009","76248","El Cerrito","Sur","20436","Cítricos","Anual","255"
"2009","76306","Ginebra","Sur","20436","Cítricos","Anual","470"
"2009","76275","Florida","Sur","20436","Cítricos","Anual","2.790"
"2009","76130","Candelaria","Sur","20436","Cítricos","Anual","329"
"2009","76126","Calima Darién","Centro","20436","Cítricos","Anual","200"
"2009","76122","Caicedonia","Centro","20436","Cítricos","Anual","30.540"
"2009","76243","El Aguila","Norte","20436","Cítricos","Anual","100"
"2009","76233","Dagua","Sur","20436","Cítricos","Anual","936"
"2009","76147","Cartago","Norte","20436","Cítricos","Anual","646"
"2009","76895","Zarzal","Norte","20436","Cítricos","Anual","9.400"
"2009","76869","Vijes","Sur","20436","Cítricos","Anual","187"
"2009","76890","Yotoco","Centro","20436","Cítricos","Anual","46"
"2009","76845","Ulloa","Norte","20436","Cítricos","Anual","5.915"
"2009","76892","Yumbo","Sur","20436","Cítricos","Anual","820"
"2008","76497","Obando","Norte","20436","Cítricos","Anual","1.838"
"2008","76403","La Victoria","Norte","20436","Cítricos","Anual","300"
"2008","76563","Pradera","Sur","20436","Cítricos","Anual","325"
"2008","76520","Palmira","Sur","20436","Cítricos","Anual","1.134"
"2008","76364","Jamundí","Sur","20436","Cítricos","Anual","8.496"
"2008","76318","Guacarí","Centro","20436","Cítricos","Anual","743"
"2008","76377","La Cumbre","Sur","20436","Cítricos","Anual","743"
"2008","76823","Toro","Norte","20436","Cítricos","Anual","1.700"
"2008","76736","Sevilla","Centro","20436","Cítricos","Anual","19.845"
"2008","76828","Trujillo","Centro","20436","Cítricos","Anual","80"
"2008","76834","Tuluá","Centro","20436","Cítricos","Anual","3.780"
"2008","76616","Riofrío","Centro","20436","Cítricos","Anual","1.200"
"2008","76606","Restrepo","Centro","20436","Cítricos","Anual","180"
"2008","76670","San Pedro","Centro","20436","Cítricos","Anual","343"
"2008","76622","Roldanillo","Norte","20436","Cítricos","Anual","1.848"
"2008","76113","Bugalagrande","Centro","20436","Cítricos","Anual","12.880"
"2008","76111","Buga","Centro","20436","Cítricos","Anual","720"
"2008","76020","Alcalá","Norte","20436","Cítricos","Anual","2.218"
"2008","76036","Andalucia","Centro","20436","Cítricos","Anual","3.751"
"2008","76001","Cali","Sur","20436","Cítricos","Anual","430"
"2008","76054","Argelia","Norte","20436","Cítricos","Anual","99"
"2008","76100","Bolivar","Norte","20436","Cítricos","Anual","440"
"2008","76041","Ansermanuevo","Norte","20436","Cítricos","Anual","414"
"2008","76248","El Cerrito","Sur","20436","Cítricos","Anual","255"
"2008","76306","Ginebra","Sur","20436","Cítricos","Anual","470"
"2008","76275","Florida","Sur","20436","Cítricos","Anual","3.600"
"2008","76126","Calima Darién","Centro","20436","Cítricos","Anual","200"
"2008","76130","Candelaria","Sur","20436","Cítricos","Anual","334"
"2008","76122","Caicedonia","Centro","20436","Cítricos","Anual","24.850"
"2008","76243","El Aguila","Norte","20436","Cítricos","Anual","100"
"2008","76147","Cartago","Norte","20436","Cítricos","Anual","1.890"
"2008","76233","Dagua","Sur","20436","Cítricos","Anual","910"
"2008","76869","Vijes","Sur","20436","Cítricos","Anual","174"
"2008","76890","Yotoco","Centro","20436","Cítricos","Anual","20"
"2008","76845","Ulloa","Norte","20436","Cítricos","Anual","6.019"
"2008","76895","Zarzal","Norte","20436","Cítricos","Anual","9.400"
"2008","76892","Yumbo","Sur","20436","Cítricos","Anual","936"
"2007","76497","Obando","Norte","20436","Cítricos","Anual","963"
"2007","76520","Palmira","Sur","20436","Cítricos","Anual","1.134"
"2007","76403","La Victoria","Norte","20436","Cítricos","Anual","300"
"2007","76606","Restrepo","Centro","20436","Cítricos","Anual","180"
"2007","76563","Pradera","Sur","20436","Cítricos","Anual","325"
"2007","76364","Jamundí","Sur","20436","Cítricos","Anual","10.080"
"2007","76400","La Unión","Norte","20436","Cítricos","Anual","464"
"2007","76377","La Cumbre","Sur","20436","Cítricos","Anual","37"
"2007","76828","Trujillo","Centro","20436","Cítricos","Anual","200"
"2007","76736","Sevilla","Centro","20436","Cítricos","Anual","19.845"
"2007","76823","Toro","Norte","20436","Cítricos","Anual","1.530"
"2007","76834","Tuluá","Centro","20436","Cítricos","Anual","5.100"
"2007","76616","Riofrío","Centro","20436","Cítricos","Anual","1.200"
"2007","76670","San Pedro","Centro","20436","Cítricos","Anual","343"
"2007","76622","Roldanillo","Norte","20436","Cítricos","Anual","1.760"
"2007","76111","Buga","Centro","20436","Cítricos","Anual","1.095"
"2007","76113","Bugalagrande","Centro","20436","Cítricos","Anual","11.620"
"2007","76020","Alcalá","Norte","20436","Cítricos","Anual","5.231"
"2007","76036","Andalucia","Centro","20436","Cítricos","Anual","6.365"
"2007","76001","Cali","Sur","20436","Cítricos","Anual","435"
"2007","76054","Argelia","Norte","20436","Cítricos","Anual","189"
"2007","76100","Bolivar","Norte","20436","Cítricos","Anual","388"
"2007","76041","Ansermanuevo","Norte","20436","Cítricos","Anual","326"
"2007","76250","El Dovio","Norte","20436","Cítricos","Anual","72"
"2007","76248","El Cerrito","Sur","20436","Cítricos","Anual","340"
"2007","76306","Ginebra","Sur","20436","Cítricos","Anual","470"
"2007","76275","Florida","Sur","20436","Cítricos","Anual","3.760"
"2007","76147","Cartago","Norte","20436","Cítricos","Anual","1.890"
"2007","76233","Dagua","Sur","20436","Cítricos","Anual","1.014"
"2007","76122","Caicedonia","Centro","20436","Cítricos","Anual","34.790"
"2007","76130","Candelaria","Sur","20436","Cítricos","Anual","130"
"2007","76243","El Aguila","Norte","20436","Cítricos","Anual","200"
"2007","76126","Calima Darién","Centro","20436","Cítricos","Anual","600"
"2007","76845","Ulloa","Norte","20436","Cítricos","Anual","6.460"
"2007","76869","Vijes","Sur","20436","Cítricos","Anual","192"
"2007","76890","Yotoco","Centro","20436","Cítricos","Anual","28"
"2007","76895","Zarzal","Norte","20436","Cítricos","Anual","8.800"
"2007","76892","Yumbo","Sur","20436","Cítricos","Anual","731"
"2006","76497","Obando","Norte","20436","Cítricos","Anual","1.175"
"2006","76520","Palmira","Sur","20436","Cítricos","Anual","1.134"
"2006","76403","La Victoria","Norte","20436","Cítricos","Anual","300"
"2006","76563","Pradera","Sur","20436","Cítricos","Anual","325"
"2006","76364","Jamundí","Sur","20436","Cítricos","Anual","6.380"
"2006","76318","Guacarí","Centro","20436","Cítricos","Anual","1.000"
"2006","76400","La Unión","Norte","20436","Cítricos","Anual","860"
"2006","76377","La Cumbre","Sur","20436","Cítricos","Anual","41"
"2006","76828","Trujillo","Centro","20436","Cítricos","Anual","225"
"2006","76823","Toro","Norte","20436","Cítricos","Anual","1.530"
"2006","76845","Ulloa","Norte","20436","Cítricos","Anual","6.650"
"2006","76834","Tuluá","Centro","20436","Cítricos","Anual","4.200"
"2006","76616","Riofrío","Centro","20436","Cítricos","Anual","1.200"
"2006","76622","Roldanillo","Norte","20436","Cítricos","Anual","1.600"
"2006","76606","Restrepo","Centro","20436","Cítricos","Anual","156"
"2006","76736","Sevilla","Centro","20436","Cítricos","Anual","18.585"
"2006","76670","San Pedro","Centro","20436","Cítricos","Anual","329"
"2006","76113","Bugalagrande","Centro","20436","Cítricos","Anual","11.620"
"2006","76111","Buga","Centro","20436","Cítricos","Anual","945"
"2006","76020","Alcalá","Norte","20436","Cítricos","Anual","5.219"
"2006","76036","Andalucia","Centro","20436","Cítricos","Anual","5.400"
"2006","76001","Cali","Sur","20436","Cítricos","Anual","1.600"
"2006","76054","Argelia","Norte","20436","Cítricos","Anual","180"
"2006","76100","Bolivar","Norte","20436","Cítricos","Anual","448"
"2006","76041","Ansermanuevo","Norte","20436","Cítricos","Anual","326"
"2006","76250","El Dovio","Norte","20436","Cítricos","Anual","54"
"2006","76248","El Cerrito","Sur","20436","Cítricos","Anual","340"
"2006","76306","Ginebra","Sur","20436","Cítricos","Anual","470"
"2006","76275","Florida","Sur","20436","Cítricos","Anual","3.800"
"2006","76130","Candelaria","Sur","20436","Cítricos","Anual","130"
"2006","76147","Cartago","Norte","20436","Cítricos","Anual","1.913"
"2006","76122","Caicedonia","Centro","20436","Cítricos","Anual","32.900"
"2006","76126","Calima Darién","Centro","20436","Cítricos","Anual","640"
"2006","76243","El Aguila","Norte","20436","Cítricos","Anual","200"
"2006","76233","Dagua","Sur","20436","Cítricos","Anual","1.350"
"2006","76890","Yotoco","Centro","20436","Cítricos","Anual","100"
"2006","76869","Vijes","Sur","20436","Cítricos","Anual","216"
"2006","76895","Zarzal","Norte","20436","Cítricos","Anual","9.320"
"2006","76892","Yumbo","Sur","20436","Cítricos","Anual","1.074"
"2005","76497","Obando","Norte","20436","Cítricos","Anual","1.175"
"2005","76520","Palmira","Sur","20436","Cítricos","Anual","1.134"
"2005","76403","La Victoria","Norte","20436","Cítricos","Anual","300"
"2005","76606","Restrepo","Centro","20436","Cítricos","Anual","132"
"2005","76563","Pradera","Sur","20436","Cítricos","Anual","325"
"2005","76364","Jamundí","Sur","20436","Cítricos","Anual","5.920"
"2005","76400","La Unión","Norte","20436","Cítricos","Anual","760"
"2005","76377","La Cumbre","Sur","20436","Cítricos","Anual","41"
"2005","76823","Toro","Norte","20436","Cítricos","Anual","900"
"2005","76736","Sevilla","Centro","20436","Cítricos","Anual","17.415"
"2005","76834","Tuluá","Centro","20436","Cítricos","Anual","2.500"
"2005","76828","Trujillo","Centro","20436","Cítricos","Anual","195"
"2005","76616","Riofrío","Centro","20436","Cítricos","Anual","1.429"
"2005","76670","San Pedro","Centro","20436","Cítricos","Anual","323"
"2005","76622","Roldanillo","Norte","20436","Cítricos","Anual","1.638"
"2005","76111","Buga","Centro","20436","Cítricos","Anual","855"
"2005","76113","Bugalagrande","Centro","20436","Cítricos","Anual","11.890"
"2005","76020","Alcalá","Norte","20436","Cítricos","Anual","5.219"
"2005","76036","Andalucia","Centro","20436","Cítricos","Anual","4.410"
"2005","76001","Cali","Sur","20436","Cítricos","Anual","1.800"
"2005","76054","Argelia","Norte","20436","Cítricos","Anual","84"
"2005","76100","Bolivar","Norte","20436","Cítricos","Anual","408"
"2005","76041","Ansermanuevo","Norte","20436","Cítricos","Anual","326"
"2005","76275","Florida","Sur","20436","Cítricos","Anual","3.776"
"2005","76250","El Dovio","Norte","20436","Cítricos","Anual","54"
"2005","76248","El Cerrito","Sur","20436","Cítricos","Anual","342"
"2005","76318","Guacarí","Centro","20436","Cítricos","Anual","1.171"
"2005","76306","Ginebra","Sur","20436","Cítricos","Anual","462"
"2005","76147","Cartago","Norte","20436","Cítricos","Anual","1.913"
"2005","76122","Caicedonia","Centro","20436","Cítricos","Anual","32.900"
"2005","76130","Candelaria","Sur","20436","Cítricos","Anual","150"
"2005","76243","El Aguila","Norte","20436","Cítricos","Anual","200"
"2005","76126","Calima Darién","Centro","20436","Cítricos","Anual","190"
"2005","76233","Dagua","Sur","20436","Cítricos","Anual","1.245"
"2005","76895","Zarzal","Norte","20436","Cítricos","Anual","4.240"
"2005","76869","Vijes","Sur","20436","Cítricos","Anual","270"
"2005","76845","Ulloa","Norte","20436","Cítricos","Anual","6.640"
"2005","76892","Yumbo","Sur","20436","Cítricos","Anual","855"
"2005","76890","Yotoco","Centro","20436","Cítricos","Anual","42"
"2004","76497","Obando","Norte","20436","Cítricos","Anual","1.175"
"2004","76520","Palmira","Sur","20436","Cítricos","Anual","948"
"2004","76403","La Victoria","Norte","20436","Cítricos","Anual","851"
"2004","76606","Restrepo","Centro","20436","Cítricos","Anual","132"
"2004","76563","Pradera","Sur","20436","Cítricos","Anual","465"
"2004","76364","Jamundí","Sur","20436","Cítricos","Anual","5.920"
"2004","76400","La Unión","Norte","20436","Cítricos","Anual","624"
"2004","76377","La Cumbre","Sur","20436","Cítricos","Anual","41"
"2004","76828","Trujillo","Centro","20436","Cítricos","Anual","195"
"2004","76736","Sevilla","Centro","20436","Cítricos","Anual","12.754"
"2004","76823","Toro","Norte","20436","Cítricos","Anual","612"
"2004","76834","Tuluá","Centro","20436","Cítricos","Anual","880"
"2004","76622","Roldanillo","Norte","20436","Cítricos","Anual","1.443"
"2004","76616","Riofrío","Centro","20436","Cítricos","Anual","1.397"
"2004","76670","San Pedro","Centro","20436","Cítricos","Anual","323"
"2004","76111","Buga","Centro","20436","Cítricos","Anual","755"
"2004","76113","Bugalagrande","Centro","20436","Cítricos","Anual","11.357"
"2004","76020","Alcalá","Norte","20436","Cítricos","Anual","5.219"
"2004","76036","Andalucia","Centro","20436","Cítricos","Anual","4.410"
"2004","76001","Cali","Sur","20436","Cítricos","Anual","1.717"
"2004","76054","Argelia","Norte","20436","Cítricos","Anual","14"
"2004","76100","Bolivar","Norte","20436","Cítricos","Anual","298"
"2004","76041","Ansermanuevo","Norte","20436","Cítricos","Anual","326"
"2004","76275","Florida","Sur","20436","Cítricos","Anual","3.776"
"2004","76250","El Dovio","Norte","20436","Cítricos","Anual","126"
"2004","76248","El Cerrito","Sur","20436","Cítricos","Anual","342"
"2004","76318","Guacarí","Centro","20436","Cítricos","Anual","1.525"
"2004","76306","Ginebra","Sur","20436","Cítricos","Anual","416"
"2004","76233","Dagua","Sur","20436","Cítricos","Anual","933"
"2004","76130","Candelaria","Sur","20436","Cítricos","Anual","137"
"2004","76122","Caicedonia","Centro","20436","Cítricos","Anual","31.850"
"2004","76147","Cartago","Norte","20436","Cítricos","Anual","1.913"
"2004","76243","El Aguila","Norte","20436","Cítricos","Anual","210"
"2004","76126","Calima Darién","Centro","20436","Cítricos","Anual","190"
"2004","76895","Zarzal","Norte","20436","Cítricos","Anual","2.883"
"2004","76869","Vijes","Sur","20436","Cítricos","Anual","240"
"2004","76845","Ulloa","Norte","20436","Cítricos","Anual","6.640"
"2004","76892","Yumbo","Sur","20436","Cítricos","Anual","855"
"2004","76890","Yotoco","Centro","20436","Cítricos","Anual","39"
"2003","76497","Obando","Norte","20436","Cítricos","Anual","1.206"
"2003","76403","La Victoria","Norte","20436","Cítricos","Anual","1.030"
"2003","76563","Pradera","Sur","20436","Cítricos","Anual","467"
"2003","76520","Palmira","Sur","20436","Cítricos","Anual","1.222"
"2003","76364","Jamundí","Sur","20436","Cítricos","Anual","5.684"
"2003","76318","Guacarí","Centro","20436","Cítricos","Anual","880"
"2003","76400","La Unión","Norte","20436","Cítricos","Anual","375"
"2003","76377","La Cumbre","Sur","20436","Cítricos","Anual","47"
"2003","76828","Trujillo","Centro","20436","Cítricos","Anual","160"
"2003","76736","Sevilla","Centro","20436","Cítricos","Anual","4.193"
"2003","76823","Toro","Norte","20436","Cítricos","Anual","483"
"2003","76834","Tuluá","Centro","20436","Cítricos","Anual","1.800"
"2003","76616","Riofrío","Centro","20436","Cítricos","Anual","1.276"
"2003","76606","Restrepo","Centro","20436","Cítricos","Anual","228"
"2003","76670","San Pedro","Centro","20436","Cítricos","Anual","342"
"2003","76622","Roldanillo","Norte","20436","Cítricos","Anual","1.576"
"2003","76111","Buga","Centro","20436","Cítricos","Anual","755"
"2003","76113","Bugalagrande","Centro","20436","Cítricos","Anual","11.483"
"2003","76036","Andalucia","Centro","20436","Cítricos","Anual","4.451"
"2003","76001","Cali","Sur","20436","Cítricos","Anual","1.206"
"2003","76020","Alcalá","Norte","20436","Cítricos","Anual","5.488"
"2003","76100","Bolivar","Norte","20436","Cítricos","Anual","298"
"2003","76041","Ansermanuevo","Norte","20436","Cítricos","Anual","326"
"2003","76054","Argelia","Norte","20436","Cítricos","Anual","18"
"2003","76250","El Dovio","Norte","20436","Cítricos","Anual","126"
"2003","76248","El Cerrito","Sur","20436","Cítricos","Anual","222"
"2003","76306","Ginebra","Sur","20436","Cítricos","Anual","362"
"2003","76275","Florida","Sur","20436","Cítricos","Anual","3.496"
"2003","76233","Dagua","Sur","20436","Cítricos","Anual","933"
"2003","76122","Caicedonia","Centro","20436","Cítricos","Anual","27.666"
"2003","76147","Cartago","Norte","20436","Cítricos","Anual","1.857"
"2003","76130","Candelaria","Sur","20436","Cítricos","Anual","137"
"2003","76243","El Aguila","Norte","20436","Cítricos","Anual","200"
"2003","76126","Calima Darién","Centro","20436","Cítricos","Anual","221"
"2003","76895","Zarzal","Norte","20436","Cítricos","Anual","2.341"
"2003","76869","Vijes","Sur","20436","Cítricos","Anual","240"
"2003","76845","Ulloa","Norte","20436","Cítricos","Anual","6.202"
"2003","76892","Yumbo","Sur","20436","Cítricos","Anual","912"
"2003","76890","Yotoco","Centro","20436","Cítricos","Anual","91"
"2002","76497","Obando","Norte","20436","Cítricos","Anual","1.080"
"2002","76403","La Victoria","Norte","20436","Cítricos","Anual","855"
"2002","76563","Pradera","Sur","20436","Cítricos","Anual","403"
"2002","76520","Palmira","Sur","20436","Cítricos","Anual","1.044"
"2002","76364","Jamundí","Sur","20436","Cítricos","Anual","5.094"
"2002","76318","Guacarí","Centro","20436","Cítricos","Anual","725"
"2002","76400","La Unión","Norte","20436","Cítricos","Anual","252"
"2002","76377","La Cumbre","Sur","20436","Cítricos","Anual","35"
"2002","76828","Trujillo","Centro","20436","Cítricos","Anual","150"
"2002","76736","Sevilla","Centro","20436","Cítricos","Anual","1.740"
"2002","76823","Toro","Norte","20436","Cítricos","Anual","451"
"2002","76834","Tuluá","Centro","20436","Cítricos","Anual","1.176"
"2002","76606","Restrepo","Centro","20436","Cítricos","Anual","194"
"2002","76616","Riofrío","Centro","20436","Cítricos","Anual","1.154"
"2002","76670","San Pedro","Centro","20436","Cítricos","Anual","280"
"2002","76622","Roldanillo","Norte","20436","Cítricos","Anual","1.412"
"2002","76111","Buga","Centro","20436","Cítricos","Anual","420"
"2002","76113","Bugalagrande","Centro","20436","Cítricos","Anual","11.354"
"2002","76036","Andalucia","Centro","20436","Cítricos","Anual","4.279"
"2002","76001","Cali","Sur","20436","Cítricos","Anual","1.125"
"2002","76020","Alcalá","Norte","20436","Cítricos","Anual","4.970"
"2002","76100","Bolivar","Norte","20436","Cítricos","Anual","226"
"2002","76041","Ansermanuevo","Norte","20436","Cítricos","Anual","324"
"2002","76054","Argelia","Norte","20436","Cítricos","Anual","12"
"2002","76250","El Dovio","Norte","20436","Cítricos","Anual","126"
"2002","76248","El Cerrito","Sur","20436","Cítricos","Anual","160"
"2002","76306","Ginebra","Sur","20436","Cítricos","Anual","255"
"2002","76275","Florida","Sur","20436","Cítricos","Anual","3.400"
"2002","76233","Dagua","Sur","20436","Cítricos","Anual","930"
"2002","76122","Caicedonia","Centro","20436","Cítricos","Anual","27.555"
"2002","76147","Cartago","Norte","20436","Cítricos","Anual","1.794"
"2002","76130","Candelaria","Sur","20436","Cítricos","Anual","91"
"2002","76243","El Aguila","Norte","20436","Cítricos","Anual","200"
"2002","76126","Calima Darién","Centro","20436","Cítricos","Anual","120"
"2002","76845","Ulloa","Norte","20436","Cítricos","Anual","5.533"
"2002","76895","Zarzal","Norte","20436","Cítricos","Anual","2.195"
"2002","76869","Vijes","Sur","20436","Cítricos","Anual","210"
"2002","76892","Yumbo","Sur","20436","Cítricos","Anual","855"
"2002","76890","Yotoco","Centro","20436","Cítricos","Anual","56"
"2001","76497","Obando","Norte","20436","Cítricos","Anual","1.080"
"2001","76520","Palmira","Sur","20436","Cítricos","Anual","1.044"
"2001","76403","La Victoria","Norte","20436","Cítricos","Anual","871"
"2001","76606","Restrepo","Centro","20436","Cítricos","Anual","194"
"2001","76563","Pradera","Sur","20436","Cítricos","Anual","403"
"2001","76364","Jamundí","Sur","20436","Cítricos","Anual","5.094"
"2001","76318","Guacarí","Centro","20436","Cítricos","Anual","800"
"2001","76400","La Unión","Norte","20436","Cítricos","Anual","255"
"2001","76377","La Cumbre","Sur","20436","Cítricos","Anual","35"
"2001","76828","Trujillo","Centro","20436","Cítricos","Anual","165"
"2001","76823","Toro","Norte","20436","Cítricos","Anual","451"
"2001","76845","Ulloa","Norte","20436","Cítricos","Anual","6.734"
"2001","76834","Tuluá","Centro","20436","Cítricos","Anual","1.116"
"2001","76622","Roldanillo","Norte","20436","Cítricos","Anual","1.412"
"2001","76616","Riofrío","Centro","20436","Cítricos","Anual","1.035"
"2001","76736","Sevilla","Centro","20436","Cítricos","Anual","10.440"
"2001","76670","San Pedro","Centro","20436","Cítricos","Anual","280"
"2001","76111","Buga","Centro","20436","Cítricos","Anual","564"
"2001","76113","Bugalagrande","Centro","20436","Cítricos","Anual","11.284"
"2001","76036","Andalucia","Centro","20436","Cítricos","Anual","4.279"
"2001","76001","Cali","Sur","20436","Cítricos","Anual","525"
"2001","76020","Alcalá","Norte","20436","Cítricos","Anual","3.976"
"2001","76100","Bolivar","Norte","20436","Cítricos","Anual","203"
"2001","76041","Ansermanuevo","Norte","20436","Cítricos","Anual","324"
"2001","76054","Argelia","Norte","20436","Cítricos","Anual","12"
"2001","76275","Florida","Sur","20436","Cítricos","Anual","1.820"
"2001","76250","El Dovio","Norte","20436","Cítricos","Anual","126"
"2001","76248","El Cerrito","Sur","20436","Cítricos","Anual","80"
"2001","76306","Ginebra","Sur","20436","Cítricos","Anual","170"
"2001","76233","Dagua","Sur","20436","Cítricos","Anual","899"
"2001","76122","Caicedonia","Centro","20436","Cítricos","Anual","27.255"
"2001","76130","Candelaria","Sur","20436","Cítricos","Anual","91"
"2001","76147","Cartago","Norte","20436","Cítricos","Anual","1.950"
"2001","76243","El Aguila","Norte","20436","Cítricos","Anual","200"
"2001","76126","Calima Darién","Centro","20436","Cítricos","Anual","144"
"2001","76890","Yotoco","Centro","20436","Cítricos","Anual","56"
"2001","76869","Vijes","Sur","20436","Cítricos","Anual","210"
"2001","76895","Zarzal","Norte","20436","Cítricos","Anual","2.195"
"2001","76892","Yumbo","Sur","20436","Cítricos","Anual","525"
"2000","76497","Obando","Norte","20436","Cítricos","Anual","1.080"
"2000","76520","Palmira","Sur","20436","Cítricos","Anual","630"
"2000","76403","La Victoria","Norte","20436","Cítricos","Anual","871"
"2000","76606","Restrepo","Centro","20436","Cítricos","Anual","204"
"2000","76563","Pradera","Sur","20436","Cítricos","Anual","403"
"2000","76364","Jamundí","Sur","20436","Cítricos","Anual","3.080"
"2000","76318","Guacarí","Centro","20436","Cítricos","Anual","925"
"2000","76400","La Unión","Norte","20436","Cítricos","Anual","195"
"2000","76377","La Cumbre","Sur","20436","Cítricos","Anual","150"
"2000","76828","Trujillo","Centro","20436","Cítricos","Anual","195"
"2000","76736","Sevilla","Centro","20436","Cítricos","Anual","10.440"
"2000","76823","Toro","Norte","20436","Cítricos","Anual","420,5"
"2000","76845","Ulloa","Norte","20436","Cítricos","Anual","7.088"
"2000","76834","Tuluá","Centro","20436","Cítricos","Anual","1.020"
"2000","76622","Roldanillo","Norte","20436","Cítricos","Anual","616"
"2000","76616","Riofrío","Centro","20436","Cítricos","Anual","945"
"2000","76670","San Pedro","Centro","20436","Cítricos","Anual","308"
"2000","76111","Buga","Centro","20436","Cítricos","Anual","624"
"2000","76113","Bugalagrande","Centro","20436","Cítricos","Anual","11.256"
"2000","76036","Andalucia","Centro","20436","Cítricos","Anual","3.781,85"
"2000","76001","Cali","Sur","20436","Cítricos","Anual","150"
"2000","76020","Alcalá","Norte","20436","Cítricos","Anual","4.324,8"
"2000","76100","Bolivar","Norte","20436","Cítricos","Anual","226"
"2000","76041","Ansermanuevo","Norte","20436","Cítricos","Anual","324"
"2000","76054","Argelia","Norte","20436","Cítricos","Anual","12"
"2000","76275","Florida","Sur","20436","Cítricos","Anual","1.920"
"2000","76248","El Cerrito","Sur","20436","Cítricos","Anual","0"
"2000","76250","El Dovio","Norte","20436","Cítricos","Anual","56,25"
"2000","76306","Ginebra","Sur","20436","Cítricos","Anual","324"
"2000","76233","Dagua","Sur","20436","Cítricos","Anual","1.087,5"
"2000","76122","Caicedonia","Centro","20436","Cítricos","Anual","17.790"
"2000","76130","Candelaria","Sur","20436","Cítricos","Anual","382"
"2000","76147","Cartago","Norte","20436","Cítricos","Anual","1.950"
"2000","76243","El Aguila","Norte","20436","Cítricos","Anual","132"
"2000","76126","Calima Darién","Centro","20436","Cítricos","Anual","72"
"2000","76890","Yotoco","Centro","20436","Cítricos","Anual","400"
"2000","76869","Vijes","Sur","20436","Cítricos","Anual","196"
"2000","76895","Zarzal","Norte","20436","Cítricos","Anual","567,6"
"2000","76892","Yumbo","Sur","20436","Cítricos","Anual","480"
"2022","76497","Obando","Norte","2040902","Banano","Anual","2.820"
"2022","76403","La Victoria","Norte","2040902","Banano","Anual","270"
"2022","76563","Pradera","Sur","2040902","Banano","Anual","135"
"2022","76520","Palmira","Sur","2040902","Banano","Anual","1.509,75"
"2022","76318","Guacarí","Centro","2040902","Banano","Anual","462"
"2022","76306","Ginebra","Sur","2040902","Banano","Anual","1.440"
"2022","76377","La Cumbre","Sur","2040902","Banano","Anual","1.356"
"2022","76400","La Unión","Norte","2040902","Banano","Anual","350,3"
"2022","76364","Jamundí","Sur","2040902","Banano","Anual","165"
"2022","76736","Sevilla","Centro","2040902","Banano","Anual","24.728"
"2022","76670","San Pedro","Centro","2040902","Banano","Anual","539"
"2022","76828","Trujillo","Centro","2040902","Banano","Anual","5.680"
"2022","76823","Toro","Norte","2040902","Banano","Anual","75"
"2022","76616","Riofrío","Centro","2040902","Banano","Anual","4.736"
"2022","76606","Restrepo","Centro","2040902","Banano","Anual","810"
"2022","76622","Roldanillo","Norte","2040902","Banano","Anual","2.410"
"2022","76054","Argelia","Norte","2040902","Banano","Anual","2.592"
"2022","76100","Bolivar","Norte","2040902","Banano","Anual","9.554"
"2022","76111","Buga","Centro","2040902","Banano","Anual","2.820"
"2022","76122","Caicedonia","Centro","2040902","Banano","Anual","8.620"
"2022","76126","Calima Darién","Centro","2040902","Banano","Anual","59,6"
"2022","76041","Ansermanuevo","Norte","2040902","Banano","Anual","529,55"
"2022","76020","Alcalá","Norte","2040902","Banano","Anual","1.184,4"
"2022","76036","Andalucia","Centro","2040902","Banano","Anual","196"
"2022","76248","El Cerrito","Sur","2040902","Banano","Anual","126"
"2022","76246","El Cairo","Norte","2040902","Banano","Anual","97,5"
"2022","76275","Florida","Sur","2040902","Banano","Anual","2.657,34"
"2022","76250","El Dovio","Norte","2040902","Banano","Anual","498,4"
"2022","76243","El Aguila","Norte","2040902","Banano","Anual","210"
"2022","76147","Cartago","Norte","2040902","Banano","Anual","350"
"2022","76233","Dagua","Sur","2040902","Banano","Anual","1.820"
"2022","76892","Yumbo","Sur","2040902","Banano","Anual","71,4"
"2022","76895","Zarzal","Norte","2040902","Banano","Anual","40"
"2022","76845","Ulloa","Norte","2040902","Banano","Anual","1.596"
"2022","76834","Tuluá","Centro","2040902","Banano","Anual","5.390"
"2022","76869","Vijes","Sur","2040902","Banano","Anual","390"
"2022","76863","Versalles","Norte","2040902","Banano","Anual","1.260"
"2021","76403","La Victoria","Norte","2040902","Banano","Anual","162"
"2021","76400","La Unión","Norte","2040902","Banano","Anual","92,3"
"2021","76520","Palmira","Sur","2040902","Banano","Anual","1.515,8"
"2021","76497","Obando","Norte","2040902","Banano","Anual","2.700"
"2021","76318","Guacarí","Centro","2040902","Banano","Anual","3.465"
"2021","76306","Ginebra","Sur","2040902","Banano","Anual","696"
"2021","76377","La Cumbre","Sur","2040902","Banano","Anual","1.352,4"
"2021","76364","Jamundí","Sur","2040902","Banano","Anual","82,5"
"2021","76670","San Pedro","Centro","2040902","Banano","Anual","497"
"2021","76823","Toro","Norte","2040902","Banano","Anual","75"
"2021","76736","Sevilla","Centro","2040902","Banano","Anual","6.624"
"2021","76606","Restrepo","Centro","2040902","Banano","Anual","810"
"2021","76563","Pradera","Sur","2040902","Banano","Anual","150"
"2021","76622","Roldanillo","Norte","2040902","Banano","Anual","2.320"
"2021","76616","Riofrío","Centro","2040902","Banano","Anual","4.336"
"2021","76100","Bolivar","Norte","2040902","Banano","Anual","8.483"
"2021","76111","Buga","Centro","2040902","Banano","Anual","2.489"
"2021","76036","Andalucia","Centro","2040902","Banano","Anual","150"
"2021","76020","Alcalá","Norte","2040902","Banano","Anual","1.073,4"
"2021","76054","Argelia","Norte","2040902","Banano","Anual","2.280"
"2021","76041","Ansermanuevo","Norte","2040902","Banano","Anual","570,1"
"2021","76246","El Cairo","Norte","2040902","Banano","Anual","70"
"2021","76248","El Cerrito","Sur","2040902","Banano","Anual","126"
"2021","76243","El Aguila","Norte","2040902","Banano","Anual","210"
"2021","76275","Florida","Sur","2040902","Banano","Anual","2.560"
"2021","76250","El Dovio","Norte","2040902","Banano","Anual","452,2"
"2021","76126","Calima Darién","Centro","2040902","Banano","Anual","106,1"
"2021","76122","Caicedonia","Centro","2040902","Banano","Anual","4.872"
"2021","76233","Dagua","Sur","2040902","Banano","Anual","650"
"2021","76147","Cartago","Norte","2040902","Banano","Anual","525"
"2021","76892","Yumbo","Sur","2040902","Banano","Anual","61,4"
"2021","76895","Zarzal","Norte","2040902","Banano","Anual","0"
"2021","76834","Tuluá","Centro","2040902","Banano","Anual","5.390"
"2021","76828","Trujillo","Centro","2040902","Banano","Anual","2.985"
"2021","76869","Vijes","Sur","2040902","Banano","Anual","390"
"2021","76845","Ulloa","Norte","2040902","Banano","Anual","1.896"
"2021","76863","Versalles","Norte","2040902","Banano","Anual","1.620"
"2020","76563","Pradera","Sur","2040902","Banano","Anual","450"
"2020","76520","Palmira","Sur","2040902","Banano","Anual","1.451"
"2020","76497","Obando","Norte","2040902","Banano","Anual","2.340"
"2020","76606","Restrepo","Centro","2040902","Banano","Anual","1.125"
"2020","76377","La Cumbre","Sur","2040902","Banano","Anual","982"
"2020","76364","Jamundí","Sur","2040902","Banano","Anual","77"
"2020","76403","La Victoria","Norte","2040902","Banano","Anual","270"
"2020","76400","La Unión","Norte","2040902","Banano","Anual","233,2"
"2020","76616","Riofrío","Centro","2040902","Banano","Anual","7.658"
"2020","76828","Trujillo","Centro","2040902","Banano","Anual","6.265"
"2020","76823","Toro","Norte","2040902","Banano","Anual","75"
"2020","76845","Ulloa","Norte","2040902","Banano","Anual","3.219"
"2020","76834","Tuluá","Centro","2040902","Banano","Anual","5.310"
"2020","76622","Roldanillo","Norte","2040902","Banano","Anual","2.550"
"2020","76736","Sevilla","Centro","2040902","Banano","Anual","6.624"
"2020","76670","San Pedro","Centro","2040902","Banano","Anual","497"
"2020","76109","Buenaventura","Pacifico","2040902","Banano","Anual","690"
"2020","76111","Buga","Centro","2040902","Banano","Anual","1.890"
"2020","76122","Caicedonia","Centro","2040902","Banano","Anual","4.788"
"2020","76036","Andalucia","Centro","2040902","Banano","Anual","280"
"2020","76020","Alcalá","Norte","2040902","Banano","Anual","1.436,4"
"2020","76054","Argelia","Norte","2040902","Banano","Anual","2.355"
"2020","76100","Bolivar","Norte","2040902","Banano","Anual","5.083"
"2020","76041","Ansermanuevo","Norte","2040902","Banano","Anual","563"
"2020","76250","El Dovio","Norte","2040902","Banano","Anual","1.372"
"2020","76275","Florida","Sur","2040902","Banano","Anual","2.760"
"2020","76248","El Cerrito","Sur","2040902","Banano","Anual","126"
"2020","76318","Guacarí","Centro","2040902","Banano","Anual","4.086"
"2020","76306","Ginebra","Sur","2040902","Banano","Anual","800"
"2020","76147","Cartago","Norte","2040902","Banano","Anual","315"
"2020","76233","Dagua","Sur","2040902","Banano","Anual","1.040"
"2020","76126","Calima Darién","Centro","2040902","Banano","Anual","54,72"
"2020","76246","El Cairo","Norte","2040902","Banano","Anual","255"
"2020","76243","El Aguila","Norte","2040902","Banano","Anual","180"
"2020","76869","Vijes","Sur","2040902","Banano","Anual","435"
"2020","76863","Versalles","Norte","2040902","Banano","Anual","486"
"2020","76892","Yumbo","Sur","2040902","Banano","Anual","96,4"
"2019","76563","Pradera","Sur","2040902","Banano","Anual","1.500"
"2019","76520","Palmira","Sur","2040902","Banano","Anual","1.177"
"2019","76616","Riofrío","Centro","2040902","Banano","Anual","7.658"
"2019","76606","Restrepo","Centro","2040902","Banano","Anual","870"
"2019","76497","Obando","Norte","2040902","Banano","Anual","9.360"
"2019","76377","La Cumbre","Sur","2040902","Banano","Anual","62,7"
"2019","76400","La Unión","Norte","2040902","Banano","Anual","277,725"
"2019","76364","Jamundí","Sur","2040902","Banano","Anual","82,5"
"2019","76403","La Victoria","Norte","2040902","Banano","Anual","270"
"2019","76834","Tuluá","Centro","2040902","Banano","Anual","5.280"
"2019","76828","Trujillo","Centro","2040902","Banano","Anual","6.225"
"2019","76869","Vijes","Sur","2040902","Banano","Anual","525"
"2019","76845","Ulloa","Norte","2040902","Banano","Anual","3.114,8"
"2019","76863","Versalles","Norte","2040902","Banano","Anual","546"
"2019","76670","San Pedro","Centro","2040902","Banano","Anual","497"
"2019","76622","Roldanillo","Norte","2040902","Banano","Anual","1.550"
"2019","76823","Toro","Norte","2040902","Banano","Anual","75"
"2019","76736","Sevilla","Centro","2040902","Banano","Anual","11.000"
"2019","76109","Buenaventura","Pacifico","2040902","Banano","Anual","660"
"2019","76111","Buga","Centro","2040902","Banano","Anual","1.468"
"2019","76122","Caicedonia","Centro","2040902","Banano","Anual","4.764"
"2019","76036","Andalucia","Centro","2040902","Banano","Anual","240"
"2019","76020","Alcalá","Norte","2040902","Banano","Anual","2.204,4"
"2019","76054","Argelia","Norte","2040902","Banano","Anual","2.385"
"2019","76100","Bolivar","Norte","2040902","Banano","Anual","3.519"
"2019","76041","Ansermanuevo","Norte","2040902","Banano","Anual","543"
"2019","76275","Florida","Sur","2040902","Banano","Anual","2.760"
"2019","76248","El Cerrito","Sur","2040902","Banano","Anual","126"
"2019","76250","El Dovio","Norte","2040902","Banano","Anual","630"
"2019","76318","Guacarí","Centro","2040902","Banano","Anual","4.212"
"2019","76306","Ginebra","Sur","2040902","Banano","Anual","2.952"
"2019","76147","Cartago","Norte","2040902","Banano","Anual","306"
"2019","76233","Dagua","Sur","2040902","Banano","Anual","1.020"
"2019","76126","Calima Darién","Centro","2040902","Banano","Anual","30"
"2019","76246","El Cairo","Norte","2040902","Banano","Anual","255"
"2019","76243","El Aguila","Norte","2040902","Banano","Anual","144"
"2019","76892","Yumbo","Sur","2040902","Banano","Anual","145,4"
"2018","76563","Pradera","Sur","2040902","Banano","Anual","150"
"2018","76520","Palmira","Sur","2040902","Banano","Anual","1.177"
"2018","76616","Riofrío","Centro","2040902","Banano","Anual","7.616"
"2018","76606","Restrepo","Centro","2040902","Banano","Anual","790"
"2018","76377","La Cumbre","Sur","2040902","Banano","Anual","1.116"
"2018","76400","La Unión","Norte","2040902","Banano","Anual","233,475"
"2018","76364","Jamundí","Sur","2040902","Banano","Anual","65"
"2018","76497","Obando","Norte","2040902","Banano","Anual","10.150"
"2018","76403","La Victoria","Norte","2040902","Banano","Anual","350"
"2018","76834","Tuluá","Centro","2040902","Banano","Anual","5.280"
"2018","76828","Trujillo","Centro","2040902","Banano","Anual","6.230"
"2018","76863","Versalles","Norte","2040902","Banano","Anual","606"
"2018","76869","Vijes","Sur","2040902","Banano","Anual","525"
"2018","76845","Ulloa","Norte","2040902","Banano","Anual","2.396"
"2018","76670","San Pedro","Centro","2040902","Banano","Anual","497"
"2018","76622","Roldanillo","Norte","2040902","Banano","Anual","1.225"
"2018","76823","Toro","Norte","2040902","Banano","Anual","75"
"2018","76736","Sevilla","Centro","2040902","Banano","Anual","8.100"
"2018","76111","Buga","Centro","2040902","Banano","Anual","1.147"
"2018","76109","Buenaventura","Pacifico","2040902","Banano","Anual","630"
"2018","76122","Caicedonia","Centro","2040902","Banano","Anual","4.884"
"2018","76126","Calima Darién","Centro","2040902","Banano","Anual","30"
"2018","76036","Andalucia","Centro","2040902","Banano","Anual","150"
"2018","76041","Ansermanuevo","Norte","2040902","Banano","Anual","783"
"2018","76020","Alcalá","Norte","2040902","Banano","Anual","2.104,2"
"2018","76100","Bolivar","Norte","2040902","Banano","Anual","3.009"
"2018","76054","Argelia","Norte","2040902","Banano","Anual","2.355"
"2018","76275","Florida","Sur","2040902","Banano","Anual","2.740"
"2018","76250","El Dovio","Norte","2040902","Banano","Anual","630"
"2018","76318","Guacarí","Centro","2040902","Banano","Anual","4.338"
"2018","76306","Ginebra","Sur","2040902","Banano","Anual","2.934"
"2018","76233","Dagua","Sur","2040902","Banano","Anual","1.440"
"2018","76147","Cartago","Norte","2040902","Banano","Anual","306"
"2018","76246","El Cairo","Norte","2040902","Banano","Anual","255"
"2018","76248","El Cerrito","Sur","2040902","Banano","Anual","126"
"2018","76243","El Aguila","Norte","2040902","Banano","Anual","144"
"2018","76892","Yumbo","Sur","2040902","Banano","Anual","127"
"2017","76563","Pradera","Sur","2040902","Banano","Anual","300"
"2017","76606","Restrepo","Centro","2040902","Banano","Anual","622,5"
"2017","76520","Palmira","Sur","2040902","Banano","Anual","1.177"
"2017","76616","Riofrío","Centro","2040902","Banano","Anual","11.256"
"2017","76400","La Unión","Norte","2040902","Banano","Anual","233,25"
"2017","76377","La Cumbre","Sur","2040902","Banano","Anual","580"
"2017","76497","Obando","Norte","2040902","Banano","Anual","9.966"
"2017","76403","La Victoria","Norte","2040902","Banano","Anual","1.020"
"2017","76834","Tuluá","Centro","2040902","Banano","Anual","4.707"
"2017","76869","Vijes","Sur","2040902","Banano","Anual","600"
"2017","76845","Ulloa","Norte","2040902","Banano","Anual","2.000"
"2017","76863","Versalles","Norte","2040902","Banano","Anual","582"
"2017","76828","Trujillo","Centro","2040902","Banano","Anual","6.290"
"2017","76670","San Pedro","Centro","2040902","Banano","Anual","483"
"2017","76622","Roldanillo","Norte","2040902","Banano","Anual","1.050"
"2017","76736","Sevilla","Centro","2040902","Banano","Anual","14.000"
"2017","76823","Toro","Norte","2040902","Banano","Anual","60"
"2017","76111","Buga","Centro","2040902","Banano","Anual","1.218"
"2017","76109","Buenaventura","Pacifico","2040902","Banano","Anual","630"
"2017","76122","Caicedonia","Centro","2040902","Banano","Anual","4.950"
"2017","76126","Calima Darién","Centro","2040902","Banano","Anual","66"
"2017","76036","Andalucia","Centro","2040902","Banano","Anual","500"
"2017","76041","Ansermanuevo","Norte","2040902","Banano","Anual","900"
"2017","76020","Alcalá","Norte","2040902","Banano","Anual","2.629,2"
"2017","76100","Bolivar","Norte","2040902","Banano","Anual","2.329"
"2017","76054","Argelia","Norte","2040902","Banano","Anual","2.025"
"2017","76250","El Dovio","Norte","2040902","Banano","Anual","686"
"2017","76275","Florida","Sur","2040902","Banano","Anual","2.720"
"2017","76364","Jamundí","Sur","2040902","Banano","Anual","75"
"2017","76306","Ginebra","Sur","2040902","Banano","Anual","2.844"
"2017","76318","Guacarí","Centro","2040902","Banano","Anual","4.230"
"2017","76233","Dagua","Sur","2040902","Banano","Anual","1.380"
"2017","76147","Cartago","Norte","2040902","Banano","Anual","270"
"2017","76246","El Cairo","Norte","2040902","Banano","Anual","310"
"2017","76248","El Cerrito","Sur","2040902","Banano","Anual","360"
"2017","76243","El Aguila","Norte","2040902","Banano","Anual","117"
"2017","76892","Yumbo","Sur","2040902","Banano","Anual","88,9"
"2016","76563","Pradera","Sur","2040902","Banano","Anual","180"
"2016","76520","Palmira","Sur","2040902","Banano","Anual","1.397"
"2016","76616","Riofrío","Centro","2040902","Banano","Anual","13.884"
"2016","76606","Restrepo","Centro","2040902","Banano","Anual","1.300"
"2016","76377","La Cumbre","Sur","2040902","Banano","Anual","344"
"2016","76364","Jamundí","Sur","2040902","Banano","Anual","66"
"2016","76403","La Victoria","Norte","2040902","Banano","Anual","1.280"
"2016","76497","Obando","Norte","2040902","Banano","Anual","9.702"
"2016","76400","La Unión","Norte","2040902","Banano","Anual","191"
"2016","76828","Trujillo","Centro","2040902","Banano","Anual","5.679"
"2016","76845","Ulloa","Norte","2040902","Banano","Anual","2.076"
"2016","76863","Versalles","Norte","2040902","Banano","Anual","485"
"2016","76834","Tuluá","Centro","2040902","Banano","Anual","9.360"
"2016","76622","Roldanillo","Norte","2040902","Banano","Anual","750"
"2016","76736","Sevilla","Centro","2040902","Banano","Anual","36.200"
"2016","76823","Toro","Norte","2040902","Banano","Anual","60"
"2016","76670","San Pedro","Centro","2040902","Banano","Anual","670"
"2016","76111","Buga","Centro","2040902","Banano","Anual","1.190"
"2016","76109","Buenaventura","Pacifico","2040902","Banano","Anual","1.612"
"2016","76122","Caicedonia","Centro","2040902","Banano","Anual","5.475"
"2016","76036","Andalucia","Centro","2040902","Banano","Anual","105"
"2016","76041","Ansermanuevo","Norte","2040902","Banano","Anual","540"
"2016","76020","Alcalá","Norte","2040902","Banano","Anual","2.540"
"2016","76054","Argelia","Norte","2040902","Banano","Anual","720"
"2016","76100","Bolivar","Norte","2040902","Banano","Anual","2.108"
"2016","76275","Florida","Sur","2040902","Banano","Anual","3.861"
"2016","76248","El Cerrito","Sur","2040902","Banano","Anual","300"
"2016","76250","El Dovio","Norte","2040902","Banano","Anual","574"
"2016","76318","Guacarí","Centro","2040902","Banano","Anual","1.624"
"2016","76306","Ginebra","Sur","2040902","Banano","Anual","1.450"
"2016","76147","Cartago","Norte","2040902","Banano","Anual","270"
"2016","76233","Dagua","Sur","2040902","Banano","Anual","956"
"2016","76126","Calima Darién","Centro","2040902","Banano","Anual","66"
"2016","76246","El Cairo","Norte","2040902","Banano","Anual","280"
"2016","76243","El Aguila","Norte","2040902","Banano","Anual","80"
"2016","76892","Yumbo","Sur","2040902","Banano","Anual","14"
"2016","76869","Vijes","Sur","2040902","Banano","Anual","380"
"2015","76563","Pradera","Sur","2040902","Banano","Anual","180"
"2015","76606","Restrepo","Centro","2040902","Banano","Anual","665"
"2015","76616","Riofrío","Centro","2040902","Banano","Anual","12.300"
"2015","76520","Palmira","Sur","2040902","Banano","Anual","847"
"2015","76377","La Cumbre","Sur","2040902","Banano","Anual","349"
"2015","76400","La Unión","Norte","2040902","Banano","Anual","237"
"2015","76364","Jamundí","Sur","2040902","Banano","Anual","105"
"2015","76497","Obando","Norte","2040902","Banano","Anual","9.218"
"2015","76403","La Victoria","Norte","2040902","Banano","Anual","1.350"
"2015","76834","Tuluá","Centro","2040902","Banano","Anual","4.698"
"2015","76828","Trujillo","Centro","2040902","Banano","Anual","7.584"
"2015","76863","Versalles","Norte","2040902","Banano","Anual","485"
"2015","76845","Ulloa","Norte","2040902","Banano","Anual","4.152"
"2015","76670","San Pedro","Centro","2040902","Banano","Anual","455"
"2015","76622","Roldanillo","Norte","2040902","Banano","Anual","750"
"2015","76823","Toro","Norte","2040902","Banano","Anual","46"
"2015","76736","Sevilla","Centro","2040902","Banano","Anual","41.500"
"2015","76111","Buga","Centro","2040902","Banano","Anual","1.305"
"2015","76109","Buenaventura","Pacifico","2040902","Banano","Anual","1.586"
"2015","76126","Calima Darién","Centro","2040902","Banano","Anual","96"
"2015","76122","Caicedonia","Centro","2040902","Banano","Anual","5.292"
"2015","76036","Andalucia","Centro","2040902","Banano","Anual","160"
"2015","76020","Alcalá","Norte","2040902","Banano","Anual","1.071"
"2015","76041","Ansermanuevo","Norte","2040902","Banano","Anual","540"
"2015","76054","Argelia","Norte","2040902","Banano","Anual","2.875"
"2015","76100","Bolivar","Norte","2040902","Banano","Anual","1.547"
"2015","76250","El Dovio","Norte","2040902","Banano","Anual","588"
"2015","76275","Florida","Sur","2040902","Banano","Anual","3.060"
"2015","76318","Guacarí","Centro","2040902","Banano","Anual","1.694"
"2015","76306","Ginebra","Sur","2040902","Banano","Anual","960"
"2015","76233","Dagua","Sur","2040902","Banano","Anual","1.428"
"2015","76147","Cartago","Norte","2040902","Banano","Anual","270"
"2015","76248","El Cerrito","Sur","2040902","Banano","Anual","300"
"2015","76243","El Aguila","Norte","2040902","Banano","Anual","44"
"2015","76892","Yumbo","Sur","2040902","Banano","Anual","20"
"2015","76869","Vijes","Sur","2040902","Banano","Anual","400"
"2014","76563","Pradera","Sur","2040902","Banano","Anual","180"
"2014","76520","Palmira","Sur","2040902","Banano","Anual","1.012"
"2014","76616","Riofrío","Centro","2040902","Banano","Anual","12.715"
"2014","76606","Restrepo","Centro","2040902","Banano","Anual","630"
"2014","76497","Obando","Norte","2040902","Banano","Anual","8.646"
"2014","76377","La Cumbre","Sur","2040902","Banano","Anual","349"
"2014","76364","Jamundí","Sur","2040902","Banano","Anual","76"
"2014","76403","La Victoria","Norte","2040902","Banano","Anual","1.400"
"2014","76400","La Unión","Norte","2040902","Banano","Anual","162"
"2014","76834","Tuluá","Centro","2040902","Banano","Anual","4.680"
"2014","76828","Trujillo","Centro","2040902","Banano","Anual","8.430"
"2014","76845","Ulloa","Norte","2040902","Banano","Anual","3.520"
"2014","76863","Versalles","Norte","2040902","Banano","Anual","480"
"2014","76823","Toro","Norte","2040902","Banano","Anual","46"
"2014","76622","Roldanillo","Norte","2040902","Banano","Anual","800"
"2014","76736","Sevilla","Centro","2040902","Banano","Anual","43.825"
"2014","76670","San Pedro","Centro","2040902","Banano","Anual","455"
"2014","76111","Buga","Centro","2040902","Banano","Anual","930"
"2014","76109","Buenaventura","Pacifico","2040902","Banano","Anual","1.586"
"2014","76122","Caicedonia","Centro","2040902","Banano","Anual","4.444"
"2014","76036","Andalucia","Centro","2040902","Banano","Anual","234"
"2014","76020","Alcalá","Norte","2040902","Banano","Anual","1.120"
"2014","76041","Ansermanuevo","Norte","2040902","Banano","Anual","540"
"2014","76054","Argelia","Norte","2040902","Banano","Anual","6.330"
"2014","76100","Bolivar","Norte","2040902","Banano","Anual","1.598"
"2014","76275","Florida","Sur","2040902","Banano","Anual","3.380"
"2014","76248","El Cerrito","Sur","2040902","Banano","Anual","150"
"2014","76250","El Dovio","Norte","2040902","Banano","Anual","645"
"2014","76318","Guacarí","Centro","2040902","Banano","Anual","1.659"
"2014","76306","Ginebra","Sur","2040902","Banano","Anual","1.470"
"2014","76147","Cartago","Norte","2040902","Banano","Anual","270"
"2014","76126","Calima Darién","Centro","2040902","Banano","Anual","48"
"2014","76243","El Aguila","Norte","2040902","Banano","Anual","42"
"2014","76233","Dagua","Sur","2040902","Banano","Anual","1.428"
"2014","76892","Yumbo","Sur","2040902","Banano","Anual","56"
"2014","76869","Vijes","Sur","2040902","Banano","Anual","390"
"2013","76520","Palmira","Sur","2040902","Banano","Anual","968"
"2013","76497","Obando","Norte","2040902","Banano","Anual","8.568"
"2013","76606","Restrepo","Centro","2040902","Banano","Anual","613"
"2013","76563","Pradera","Sur","2040902","Banano","Anual","180"
"2013","76364","Jamundí","Sur","2040902","Banano","Anual","60"
"2013","76318","Guacarí","Centro","2040902","Banano","Anual","1.673"
"2013","76403","La Victoria","Norte","2040902","Banano","Anual","1.430"
"2013","76377","La Cumbre","Sur","2040902","Banano","Anual","355"
"2013","76400","La Unión","Norte","2040902","Banano","Anual","288"
"2013","76823","Toro","Norte","2040902","Banano","Anual","5"
"2013","76736","Sevilla","Centro","2040902","Banano","Anual","43.825"
"2013","76834","Tuluá","Centro","2040902","Banano","Anual","4.743"
"2013","76828","Trujillo","Centro","2040902","Banano","Anual","15.290"
"2013","76616","Riofrío","Centro","2040902","Banano","Anual","3.425"
"2013","76670","San Pedro","Centro","2040902","Banano","Anual","455"
"2013","76622","Roldanillo","Norte","2040902","Banano","Anual","825"
"2013","76109","Buenaventura","Pacifico","2040902","Banano","Anual","1.586"
"2013","76111","Buga","Centro","2040902","Banano","Anual","620"
"2013","76041","Ansermanuevo","Norte","2040902","Banano","Anual","225"
"2013","76020","Alcalá","Norte","2040902","Banano","Anual","966"
"2013","76054","Argelia","Norte","2040902","Banano","Anual","5.418"
"2013","76100","Bolivar","Norte","2040902","Banano","Anual","1.224"
"2013","76250","El Dovio","Norte","2040902","Banano","Anual","600"
"2013","76248","El Cerrito","Sur","2040902","Banano","Anual","84"
"2013","76306","Ginebra","Sur","2040902","Banano","Anual","1.470"
"2013","76275","Florida","Sur","2040902","Banano","Anual","2.400"
"2013","76147","Cartago","Norte","2040902","Banano","Anual","270"
"2013","76122","Caicedonia","Centro","2040902","Banano","Anual","5.105"
"2013","76126","Calima Darién","Centro","2040902","Banano","Anual","39"
"2013","76243","El Aguila","Norte","2040902","Banano","Anual","60"
"2013","76233","Dagua","Sur","2040902","Banano","Anual","1.428"
"2013","76863","Versalles","Norte","2040902","Banano","Anual","465"
"2013","76869","Vijes","Sur","2040902","Banano","Anual","340"
"2013","76845","Ulloa","Norte","2040902","Banano","Anual","2.800"
"2013","76892","Yumbo","Sur","2040902","Banano","Anual","56"
"2012","76563","Pradera","Sur","2040902","Banano","Anual","300"
"2012","76497","Obando","Norte","2040902","Banano","Anual","7.590"
"2012","76520","Palmira","Sur","2040902","Banano","Anual","898"
"2012","76606","Restrepo","Centro","2040902","Banano","Anual","473"
"2012","76364","Jamundí","Sur","2040902","Banano","Anual","80"
"2012","76403","La Victoria","Norte","2040902","Banano","Anual","858"
"2012","76377","La Cumbre","Sur","2040902","Banano","Anual","365"
"2012","76400","La Unión","Norte","2040902","Banano","Anual","307"
"2012","76823","Toro","Norte","2040902","Banano","Anual","63"
"2012","76828","Trujillo","Centro","2040902","Banano","Anual","8.469"
"2012","76845","Ulloa","Norte","2040902","Banano","Anual","3.739"
"2012","76834","Tuluá","Centro","2040902","Banano","Anual","4.296"
"2012","76622","Roldanillo","Norte","2040902","Banano","Anual","675"
"2012","76616","Riofrío","Centro","2040902","Banano","Anual","4.370"
"2012","76736","Sevilla","Centro","2040902","Banano","Anual","44.375"
"2012","76670","San Pedro","Centro","2040902","Banano","Anual","455"
"2012","76109","Buenaventura","Pacifico","2040902","Banano","Anual","1.651"
"2012","76111","Buga","Centro","2040902","Banano","Anual","1.400"
"2012","76020","Alcalá","Norte","2040902","Banano","Anual","476"
"2012","76001","Cali","Sur","2040902","Banano","Anual","132"
"2012","76054","Argelia","Norte","2040902","Banano","Anual","5.100"
"2012","76100","Bolivar","Norte","2040902","Banano","Anual","1.063"
"2012","76041","Ansermanuevo","Norte","2040902","Banano","Anual","525"
"2012","76250","El Dovio","Norte","2040902","Banano","Anual","344"
"2012","76275","Florida","Sur","2040902","Banano","Anual","2.754"
"2012","76248","El Cerrito","Sur","2040902","Banano","Anual","66"
"2012","76318","Guacarí","Centro","2040902","Banano","Anual","1.098"
"2012","76306","Ginebra","Sur","2040902","Banano","Anual","1.705"
"2012","76246","El Cairo","Norte","2040902","Banano","Anual","5.580"
"2012","76122","Caicedonia","Centro","2040902","Banano","Anual","3.885"
"2012","76243","El Aguila","Norte","2040902","Banano","Anual","79"
"2012","76147","Cartago","Norte","2040902","Banano","Anual","270"
"2012","76233","Dagua","Sur","2040902","Banano","Anual","1.320"
"2012","76869","Vijes","Sur","2040902","Banano","Anual","220"
"2012","76863","Versalles","Norte","2040902","Banano","Anual","410"
"2012","76892","Yumbo","Sur","2040902","Banano","Anual","68"
"2011","76520","Palmira","Sur","2040902","Banano","Anual","643"
"2011","76497","Obando","Norte","2040902","Banano","Anual","7.690"
"2011","76606","Restrepo","Centro","2040902","Banano","Anual","458"
"2011","76563","Pradera","Sur","2040902","Banano","Anual","300"
"2011","76364","Jamundí","Sur","2040902","Banano","Anual","100"
"2011","76318","Guacarí","Centro","2040902","Banano","Anual","2.370"
"2011","76403","La Victoria","Norte","2040902","Banano","Anual","858"
"2011","76377","La Cumbre","Sur","2040902","Banano","Anual","334"
"2011","76400","La Unión","Norte","2040902","Banano","Anual","233"
"2011","76828","Trujillo","Centro","2040902","Banano","Anual","10.585"
"2011","76823","Toro","Norte","2040902","Banano","Anual","138"
"2011","76845","Ulloa","Norte","2040902","Banano","Anual","2.548"
"2011","76834","Tuluá","Centro","2040902","Banano","Anual","4.200"
"2011","76622","Roldanillo","Norte","2040902","Banano","Anual","650"
"2011","76616","Riofrío","Centro","2040902","Banano","Anual","4.370"
"2011","76736","Sevilla","Centro","2040902","Banano","Anual","43.125"
"2011","76670","San Pedro","Centro","2040902","Banano","Anual","511"
"2011","76109","Buenaventura","Pacifico","2040902","Banano","Anual","1.651"
"2011","76111","Buga","Centro","2040902","Banano","Anual","1.400"
"2011","76020","Alcalá","Norte","2040902","Banano","Anual","315"
"2011","76001","Cali","Sur","2040902","Banano","Anual","200"
"2011","76100","Bolivar","Norte","2040902","Banano","Anual","678"
"2011","76041","Ansermanuevo","Norte","2040902","Banano","Anual","525"
"2011","76054","Argelia","Norte","2040902","Banano","Anual","6.460"
"2011","76248","El Cerrito","Sur","2040902","Banano","Anual","66"
"2011","76250","El Dovio","Norte","2040902","Banano","Anual","296"
"2011","76246","El Cairo","Norte","2040902","Banano","Anual","5.580"
"2011","76306","Ginebra","Sur","2040902","Banano","Anual","7"
"2011","76275","Florida","Sur","2040902","Banano","Anual","2.754"
"2011","76122","Caicedonia","Centro","2040902","Banano","Anual","3.795"
"2011","76243","El Aguila","Norte","2040902","Banano","Anual","79"
"2011","76147","Cartago","Norte","2040902","Banano","Anual","175"
"2011","76233","Dagua","Sur","2040902","Banano","Anual","1.320"
"2011","76863","Versalles","Norte","2040902","Banano","Anual","696"
"2011","76869","Vijes","Sur","2040902","Banano","Anual","190"
"2011","76892","Yumbo","Sur","2040902","Banano","Anual","51"
"2010","76497","Obando","Norte","2040902","Banano","Anual","6.686"
"2010","76520","Palmira","Sur","2040902","Banano","Anual","632"
"2010","76403","La Victoria","Norte","2040902","Banano","Anual","840"
"2010","76606","Restrepo","Centro","2040902","Banano","Anual","383"
"2010","76563","Pradera","Sur","2040902","Banano","Anual","231"
"2010","76364","Jamundí","Sur","2040902","Banano","Anual","222"
"2010","76318","Guacarí","Centro","2040902","Banano","Anual","2.370"
"2010","76400","La Unión","Norte","2040902","Banano","Anual","251"
"2010","76377","La Cumbre","Sur","2040902","Banano","Anual","384"
"2010","76828","Trujillo","Centro","2040902","Banano","Anual","10.585"
"2010","76736","Sevilla","Centro","2040902","Banano","Anual","20.400"
"2010","76823","Toro","Norte","2040902","Banano","Anual","161"
"2010","76834","Tuluá","Centro","2040902","Banano","Anual","1.599"
"2010","76616","Riofrío","Centro","2040902","Banano","Anual","4.370"
"2010","76670","San Pedro","Centro","2040902","Banano","Anual","462"
"2010","76622","Roldanillo","Norte","2040902","Banano","Anual","643"
"2010","76109","Buenaventura","Pacifico","2040902","Banano","Anual","1.300"
"2010","76100","Bolivar","Norte","2040902","Banano","Anual","552"
"2010","76111","Buga","Centro","2040902","Banano","Anual","1.430"
"2010","76020","Alcalá","Norte","2040902","Banano","Anual","693"
"2010","76001","Cali","Sur","2040902","Banano","Anual","160"
"2010","76054","Argelia","Norte","2040902","Banano","Anual","6.460"
"2010","76041","Ansermanuevo","Norte","2040902","Banano","Anual","525"
"2010","76248","El Cerrito","Sur","2040902","Banano","Anual","66"
"2010","76250","El Dovio","Norte","2040902","Banano","Anual","304"
"2010","76246","El Cairo","Norte","2040902","Banano","Anual","5.667"
"2010","76306","Ginebra","Sur","2040902","Banano","Anual","960"
"2010","76275","Florida","Sur","2040902","Banano","Anual","2.754"
"2010","76122","Caicedonia","Centro","2040902","Banano","Anual","3.675"
"2010","76233","Dagua","Sur","2040902","Banano","Anual","1.210"
"2010","76243","El Aguila","Norte","2040902","Banano","Anual","110"
"2010","76147","Cartago","Norte","2040902","Banano","Anual","175"
"2010","76845","Ulloa","Norte","2040902","Banano","Anual","3.459"
"2010","76869","Vijes","Sur","2040902","Banano","Anual","280"
"2010","76863","Versalles","Norte","2040902","Banano","Anual","724"
"2010","76892","Yumbo","Sur","2040902","Banano","Anual","45"
"2009","76520","Palmira","Sur","2040902","Banano","Anual","632"
"2009","76497","Obando","Norte","2040902","Banano","Anual","4.400"
"2009","76606","Restrepo","Centro","2040902","Banano","Anual","383"
"2009","76563","Pradera","Sur","2040902","Banano","Anual","210"
"2009","76364","Jamundí","Sur","2040902","Banano","Anual","240"
"2009","76318","Guacarí","Centro","2040902","Banano","Anual","1.115"
"2009","76403","La Victoria","Norte","2040902","Banano","Anual","840"
"2009","76400","La Unión","Norte","2040902","Banano","Anual","242"
"2009","76377","La Cumbre","Sur","2040902","Banano","Anual","201"
"2009","76828","Trujillo","Centro","2040902","Banano","Anual","5.818"
"2009","76823","Toro","Norte","2040902","Banano","Anual","161"
"2009","76845","Ulloa","Norte","2040902","Banano","Anual","713"
"2009","76834","Tuluá","Centro","2040902","Banano","Anual","1.599"
"2009","76622","Roldanillo","Norte","2040902","Banano","Anual","625"
"2009","76616","Riofrío","Centro","2040902","Banano","Anual","4.370"
"2009","76736","Sevilla","Centro","2040902","Banano","Anual","23.715"
"2009","76670","San Pedro","Centro","2040902","Banano","Anual","385"
"2009","76109","Buenaventura","Pacifico","2040902","Banano","Anual","1.300"
"2009","76111","Buga","Centro","2040902","Banano","Anual","1.100"
"2009","76113","Bugalagrande","Centro","2040902","Banano","Anual","5.310"
"2009","76020","Alcalá","Norte","2040902","Banano","Anual","693"
"2009","76001","Cali","Sur","2040902","Banano","Anual","120"
"2009","76054","Argelia","Norte","2040902","Banano","Anual","6.460"
"2009","76100","Bolivar","Norte","2040902","Banano","Anual","600"
"2009","76041","Ansermanuevo","Norte","2040902","Banano","Anual","465"
"2009","76250","El Dovio","Norte","2040902","Banano","Anual","320"
"2009","76248","El Cerrito","Sur","2040902","Banano","Anual","66"
"2009","76246","El Cairo","Norte","2040902","Banano","Anual","5.667"
"2009","76306","Ginebra","Sur","2040902","Banano","Anual","960"
"2009","76275","Florida","Sur","2040902","Banano","Anual","1.206"
"2009","76122","Caicedonia","Centro","2040902","Banano","Anual","3.495"
"2009","76243","El Aguila","Norte","2040902","Banano","Anual","79"
"2009","76147","Cartago","Norte","2040902","Banano","Anual","175"
"2009","76233","Dagua","Sur","2040902","Banano","Anual","990"
"2009","76869","Vijes","Sur","2040902","Banano","Anual","170"
"2009","76863","Versalles","Norte","2040902","Banano","Anual","724"
"2009","76892","Yumbo","Sur","2040902","Banano","Anual","51"
"2008","76497","Obando","Norte","2040902","Banano","Anual","4.180"
"2008","76400","La Unión","Norte","2040902","Banano","Anual","259"
"2008","76403","La Victoria","Norte","2040902","Banano","Anual","1.020"
"2008","76563","Pradera","Sur","2040902","Banano","Anual","140"
"2008","76520","Palmira","Sur","2040902","Banano","Anual","930"
"2008","76364","Jamundí","Sur","2040902","Banano","Anual","119"
"2008","76318","Guacarí","Centro","2040902","Banano","Anual","1.115"
"2008","76377","La Cumbre","Sur","2040902","Banano","Anual","1.165"
"2008","76823","Toro","Norte","2040902","Banano","Anual","161"
"2008","76736","Sevilla","Centro","2040902","Banano","Anual","10.998"
"2008","76845","Ulloa","Norte","2040902","Banano","Anual","713"
"2008","76828","Trujillo","Centro","2040902","Banano","Anual","2.528"
"2008","76834","Tuluá","Centro","2040902","Banano","Anual","6.929"
"2008","76616","Riofrío","Centro","2040902","Banano","Anual","4.370"
"2008","76606","Restrepo","Centro","2040902","Banano","Anual","353"
"2008","76670","San Pedro","Centro","2040902","Banano","Anual","385"
"2008","76109","Buenaventura","Pacifico","2040902","Banano","Anual","1.300"
"2008","76111","Buga","Centro","2040902","Banano","Anual","900"
"2008","76113","Bugalagrande","Centro","2040902","Banano","Anual","5.040"
"2008","76020","Alcalá","Norte","2040902","Banano","Anual","693"
"2008","76001","Cali","Sur","2040902","Banano","Anual","70"
"2008","76054","Argelia","Norte","2040902","Banano","Anual","5.510"
"2008","76100","Bolivar","Norte","2040902","Banano","Anual","456"
"2008","76041","Ansermanuevo","Norte","2040902","Banano","Anual","300"
"2008","76248","El Cerrito","Sur","2040902","Banano","Anual","66"
"2008","76250","El Dovio","Norte","2040902","Banano","Anual","440"
"2008","76246","El Cairo","Norte","2040902","Banano","Anual","5.538"
"2008","76306","Ginebra","Sur","2040902","Banano","Anual","916"
"2008","76275","Florida","Sur","2040902","Banano","Anual","1.080"
"2008","76122","Caicedonia","Centro","2040902","Banano","Anual","3.495"
"2008","76243","El Aguila","Norte","2040902","Banano","Anual","79"
"2008","76147","Cartago","Norte","2040902","Banano","Anual","175"
"2008","76233","Dagua","Sur","2040902","Banano","Anual","1.144"
"2008","76869","Vijes","Sur","2040902","Banano","Anual","150"
"2008","76863","Versalles","Norte","2040902","Banano","Anual","724"
"2008","76892","Yumbo","Sur","2040902","Banano","Anual","68"
"2007","76497","Obando","Norte","2040902","Banano","Anual","5.920"
"2007","76520","Palmira","Sur","2040902","Banano","Anual","930"
"2007","76403","La Victoria","Norte","2040902","Banano","Anual","1.020"
"2007","76606","Restrepo","Centro","2040902","Banano","Anual","396"
"2007","76563","Pradera","Sur","2040902","Banano","Anual","350"
"2007","76364","Jamundí","Sur","2040902","Banano","Anual","154"
"2007","76318","Guacarí","Centro","2040902","Banano","Anual","2.415"
"2007","76400","La Unión","Norte","2040902","Banano","Anual","242"
"2007","76377","La Cumbre","Sur","2040902","Banano","Anual","195"
"2007","76828","Trujillo","Centro","2040902","Banano","Anual","4.800"
"2007","76736","Sevilla","Centro","2040902","Banano","Anual","8.320"
"2007","76823","Toro","Norte","2040902","Banano","Anual","120"
"2007","76845","Ulloa","Norte","2040902","Banano","Anual","72"
"2007","76834","Tuluá","Centro","2040902","Banano","Anual","2.624"
"2007","76616","Riofrío","Centro","2040902","Banano","Anual","4.370"
"2007","76670","San Pedro","Centro","2040902","Banano","Anual","420"
"2007","76111","Buga","Centro","2040902","Banano","Anual","1.199"
"2007","76109","Buenaventura","Pacifico","2040902","Banano","Anual","1.651"
"2007","76113","Bugalagrande","Centro","2040902","Banano","Anual","5.040"
"2007","76020","Alcalá","Norte","2040902","Banano","Anual","990"
"2007","76001","Cali","Sur","2040902","Banano","Anual","70"
"2007","76054","Argelia","Norte","2040902","Banano","Anual","2.484"
"2007","76100","Bolivar","Norte","2040902","Banano","Anual","444"
"2007","76041","Ansermanuevo","Norte","2040902","Banano","Anual","302"
"2007","76250","El Dovio","Norte","2040902","Banano","Anual","400"
"2007","76246","El Cairo","Norte","2040902","Banano","Anual","492"
"2007","76248","El Cerrito","Sur","2040902","Banano","Anual","76"
"2007","76306","Ginebra","Sur","2040902","Banano","Anual","916"
"2007","76275","Florida","Sur","2040902","Banano","Anual","1.050"
"2007","76147","Cartago","Norte","2040902","Banano","Anual","175"
"2007","76233","Dagua","Sur","2040902","Banano","Anual","1.045"
"2007","76122","Caicedonia","Centro","2040902","Banano","Anual","3.495"
"2007","76243","El Aguila","Norte","2040902","Banano","Anual","81"
"2007","76863","Versalles","Norte","2040902","Banano","Anual","724"
"2007","76869","Vijes","Sur","2040902","Banano","Anual","153"
"2007","76892","Yumbo","Sur","2040902","Banano","Anual","160"
"2006","76497","Obando","Norte","2040902","Banano","Anual","6.501"
"2006","76520","Palmira","Sur","2040902","Banano","Anual","731"
"2006","76606","Restrepo","Centro","2040902","Banano","Anual","396"
"2006","76563","Pradera","Sur","2040902","Banano","Anual","350"
"2006","76364","Jamundí","Sur","2040902","Banano","Anual","154"
"2006","76318","Guacarí","Centro","2040902","Banano","Anual","20.800"
"2006","76400","La Unión","Norte","2040902","Banano","Anual","253"
"2006","76377","La Cumbre","Sur","2040902","Banano","Anual","240"
"2006","76828","Trujillo","Centro","2040902","Banano","Anual","4.785"
"2006","76823","Toro","Norte","2040902","Banano","Anual","270"
"2006","76845","Ulloa","Norte","2040902","Banano","Anual","70"
"2006","76863","Versalles","Norte","2040902","Banano","Anual","724"
"2006","76834","Tuluá","Centro","2040902","Banano","Anual","2.273"
"2006","76736","Sevilla","Centro","2040902","Banano","Anual","12.000"
"2006","76670","San Pedro","Centro","2040902","Banano","Anual","388"
"2006","76109","Buenaventura","Pacifico","2040902","Banano","Anual","1.170"
"2006","76111","Buga","Centro","2040902","Banano","Anual","1.034"
"2006","76113","Bugalagrande","Centro","2040902","Banano","Anual","5.000"
"2006","76001","Cali","Sur","2040902","Banano","Anual","63"
"2006","76020","Alcalá","Norte","2040902","Banano","Anual","940"
"2006","76054","Argelia","Norte","2040902","Banano","Anual","2.400"
"2006","76100","Bolivar","Norte","2040902","Banano","Anual","396"
"2006","76041","Ansermanuevo","Norte","2040902","Banano","Anual","302"
"2006","76250","El Dovio","Norte","2040902","Banano","Anual","293"
"2006","76246","El Cairo","Norte","2040902","Banano","Anual","436"
"2006","76248","El Cerrito","Sur","2040902","Banano","Anual","69"
"2006","76306","Ginebra","Sur","2040902","Banano","Anual","916"
"2006","76275","Florida","Sur","2040902","Banano","Anual","1.370"
"2006","76147","Cartago","Norte","2040902","Banano","Anual","175"
"2006","76233","Dagua","Sur","2040902","Banano","Anual","1.500"
"2006","76122","Caicedonia","Centro","2040902","Banano","Anual","3.750"
"2006","76243","El Aguila","Norte","2040902","Banano","Anual","81"
"2006","76890","Yotoco","Centro","2040902","Banano","Anual","112"
"2006","76869","Vijes","Sur","2040902","Banano","Anual","198"
"2006","76892","Yumbo","Sur","2040902","Banano","Anual","200"
"2005","76497","Obando","Norte","2040902","Banano","Anual","6.501"
"2005","76520","Palmira","Sur","2040902","Banano","Anual","731"
"2005","76403","La Victoria","Norte","2040902","Banano","Anual","1.910"
"2005","76606","Restrepo","Centro","2040902","Banano","Anual","383"
"2005","76563","Pradera","Sur","2040902","Banano","Anual","350"
"2005","76364","Jamundí","Sur","2040902","Banano","Anual","116"
"2005","76400","La Unión","Norte","2040902","Banano","Anual","232"
"2005","76377","La Cumbre","Sur","2040902","Banano","Anual","185"
"2005","76828","Trujillo","Centro","2040902","Banano","Anual","5.605"
"2005","76823","Toro","Norte","2040902","Banano","Anual","280"
"2005","76736","Sevilla","Centro","2040902","Banano","Anual","13.600"
"2005","76834","Tuluá","Centro","2040902","Banano","Anual","5.500"
"2005","76616","Riofrío","Centro","2040902","Banano","Anual","4.175"
"2005","76670","San Pedro","Centro","2040902","Banano","Anual","387"
"2005","76622","Roldanillo","Norte","2040902","Banano","Anual","504"
"2005","76111","Buga","Centro","2040902","Banano","Anual","979"
"2005","76109","Buenaventura","Pacifico","2040902","Banano","Anual","1.634"
"2005","76113","Bugalagrande","Centro","2040902","Banano","Anual","6.077"
"2005","76036","Andalucia","Centro","2040902","Banano","Anual","331"
"2005","76041","Ansermanuevo","Norte","2040902","Banano","Anual","302"
"2005","76001","Cali","Sur","2040902","Banano","Anual","63"
"2005","76020","Alcalá","Norte","2040902","Banano","Anual","810"
"2005","76100","Bolivar","Norte","2040902","Banano","Anual","300"
"2005","76054","Argelia","Norte","2040902","Banano","Anual","2.400"
"2005","76275","Florida","Sur","2040902","Banano","Anual","1.372"
"2005","76246","El Cairo","Norte","2040902","Banano","Anual","462"
"2005","76250","El Dovio","Norte","2040902","Banano","Anual","180"
"2005","76248","El Cerrito","Sur","2040902","Banano","Anual","72"
"2005","76318","Guacarí","Centro","2040902","Banano","Anual","1.365"
"2005","76306","Ginebra","Sur","2040902","Banano","Anual","916"
"2005","76147","Cartago","Norte","2040902","Banano","Anual","350"
"2005","76233","Dagua","Sur","2040902","Banano","Anual","1.320"
"2005","76122","Caicedonia","Centro","2040902","Banano","Anual","3.450"
"2005","76243","El Aguila","Norte","2040902","Banano","Anual","81"
"2005","76869","Vijes","Sur","2040902","Banano","Anual","82"
"2005","76863","Versalles","Norte","2040902","Banano","Anual","740"
"2005","76845","Ulloa","Norte","2040902","Banano","Anual","76"
"2005","76892","Yumbo","Sur","2040902","Banano","Anual","200"
"2005","76890","Yotoco","Centro","2040902","Banano","Anual","112"
"2004","76497","Obando","Norte","2040902","Banano","Anual","6.501"
"2004","76520","Palmira","Sur","2040902","Banano","Anual","964"
"2004","76403","La Victoria","Norte","2040902","Banano","Anual","1.902"
"2004","76606","Restrepo","Centro","2040902","Banano","Anual","347"
"2004","76563","Pradera","Sur","2040902","Banano","Anual","343"
"2004","76364","Jamundí","Sur","2040902","Banano","Anual","80"
"2004","76400","La Unión","Norte","2040902","Banano","Anual","86"
"2004","76377","La Cumbre","Sur","2040902","Banano","Anual","81"
"2004","76828","Trujillo","Centro","2040902","Banano","Anual","2.067"
"2004","76736","Sevilla","Centro","2040902","Banano","Anual","4.344"
"2004","76823","Toro","Norte","2040902","Banano","Anual","193"
"2004","76834","Tuluá","Centro","2040902","Banano","Anual","4.041"
"2004","76622","Roldanillo","Norte","2040902","Banano","Anual","910"
"2004","76616","Riofrío","Centro","2040902","Banano","Anual","3.992"
"2004","76670","San Pedro","Centro","2040902","Banano","Anual","387"
"2004","76111","Buga","Centro","2040902","Banano","Anual","958"
"2004","76109","Buenaventura","Pacifico","2040902","Banano","Anual","881"
"2004","76113","Bugalagrande","Centro","2040902","Banano","Anual","6.269"
"2004","76036","Andalucia","Centro","2040902","Banano","Anual","331"
"2004","76001","Cali","Sur","2040902","Banano","Anual","63"
"2004","76020","Alcalá","Norte","2040902","Banano","Anual","683"
"2004","76054","Argelia","Norte","2040902","Banano","Anual","1.874"
"2004","76100","Bolivar","Norte","2040902","Banano","Anual","300"
"2004","76041","Ansermanuevo","Norte","2040902","Banano","Anual","302"
"2004","76275","Florida","Sur","2040902","Banano","Anual","1.372"
"2004","76250","El Dovio","Norte","2040902","Banano","Anual","643"
"2004","76248","El Cerrito","Sur","2040902","Banano","Anual","72"
"2004","76318","Guacarí","Centro","2040902","Banano","Anual","2.186"
"2004","76306","Ginebra","Sur","2040902","Banano","Anual","687"
"2004","76233","Dagua","Sur","2040902","Banano","Anual","1.600"
"2004","76122","Caicedonia","Centro","2040902","Banano","Anual","1.561"
"2004","76147","Cartago","Norte","2040902","Banano","Anual","332"
"2004","76243","El Aguila","Norte","2040902","Banano","Anual","31"
"2004","76246","El Cairo","Norte","2040902","Banano","Anual","436"
"2004","76869","Vijes","Sur","2040902","Banano","Anual","79"
"2004","76845","Ulloa","Norte","2040902","Banano","Anual","76"
"2004","76890","Yotoco","Centro","2040902","Banano","Anual","98"
"2004","76892","Yumbo","Sur","2040902","Banano","Anual","171"
"2003","76497","Obando","Norte","2040902","Banano","Anual","4.305"
"2003","76520","Palmira","Sur","2040902","Banano","Anual","980"
"2003","76403","La Victoria","Norte","2040902","Banano","Anual","1.902"
"2003","76563","Pradera","Sur","2040902","Banano","Anual","343"
"2003","76606","Restrepo","Centro","2040902","Banano","Anual","545"
"2003","76364","Jamundí","Sur","2040902","Banano","Anual","80"
"2003","76318","Guacarí","Centro","2040902","Banano","Anual","1.931"
"2003","76400","La Unión","Norte","2040902","Banano","Anual","145"
"2003","76377","La Cumbre","Sur","2040902","Banano","Anual","152"
"2003","76828","Trujillo","Centro","2040902","Banano","Anual","2.013"
"2003","76736","Sevilla","Centro","2040902","Banano","Anual","3.239"
"2003","76823","Toro","Norte","2040902","Banano","Anual","255"
"2003","76834","Tuluá","Centro","2040902","Banano","Anual","5.091"
"2003","76616","Riofrío","Centro","2040902","Banano","Anual","3.992"
"2003","76670","San Pedro","Centro","2040902","Banano","Anual","464"
"2003","76622","Roldanillo","Norte","2040902","Banano","Anual","590"
"2003","76111","Buga","Centro","2040902","Banano","Anual","958"
"2003","76109","Buenaventura","Pacifico","2040902","Banano","Anual","1.700"
"2003","76113","Bugalagrande","Centro","2040902","Banano","Anual","6.634"
"2003","76036","Andalucia","Centro","2040902","Banano","Anual","331"
"2003","76100","Bolivar","Norte","2040902","Banano","Anual","420"
"2003","76041","Ansermanuevo","Norte","2040902","Banano","Anual","402"
"2003","76250","El Dovio","Norte","2040902","Banano","Anual","651"
"2003","76248","El Cerrito","Sur","2040902","Banano","Anual","68"
"2003","76306","Ginebra","Sur","2040902","Banano","Anual","687"
"2003","76275","Florida","Sur","2040902","Banano","Anual","1.372"
"2003","76246","El Cairo","Norte","2040902","Banano","Anual","432"
"2003","76233","Dagua","Sur","2040902","Banano","Anual","1.200"
"2003","76122","Caicedonia","Centro","2040902","Banano","Anual","1.669"
"2003","76147","Cartago","Norte","2040902","Banano","Anual","332"
"2003","76243","El Aguila","Norte","2040902","Banano","Anual","66"
"2003","76869","Vijes","Sur","2040902","Banano","Anual","79"
"2003","76845","Ulloa","Norte","2040902","Banano","Anual","76"
"2003","76892","Yumbo","Sur","2040902","Banano","Anual","171"
"2003","76890","Yotoco","Centro","2040902","Banano","Anual","114"
"2002","76497","Obando","Norte","2040902","Banano","Anual","4.410"
"2002","76520","Palmira","Sur","2040902","Banano","Anual","885"
"2002","76403","La Victoria","Norte","2040902","Banano","Anual","2.010"
"2002","76563","Pradera","Sur","2040902","Banano","Anual","357"
"2002","76606","Restrepo","Centro","2040902","Banano","Anual","549"
"2002","76364","Jamundí","Sur","2040902","Banano","Anual","85"
"2002","76318","Guacarí","Centro","2040902","Banano","Anual","1.290"
"2002","76400","La Unión","Norte","2040902","Banano","Anual","112"
"2002","76377","La Cumbre","Sur","2040902","Banano","Anual","150"
"2002","76828","Trujillo","Centro","2040902","Banano","Anual","2.128"
"2002","76736","Sevilla","Centro","2040902","Banano","Anual","3.502"
"2002","76823","Toro","Norte","2040902","Banano","Anual","245"
"2002","76845","Ulloa","Norte","2040902","Banano","Anual","80"
"2002","76834","Tuluá","Centro","2040902","Banano","Anual","5.310"
"2002","76622","Roldanillo","Norte","2040902","Banano","Anual","516"
"2002","76616","Riofrío","Centro","2040902","Banano","Anual","3.603"
"2002","76670","San Pedro","Centro","2040902","Banano","Anual","469"
"2002","76111","Buga","Centro","2040902","Banano","Anual","946"
"2002","76109","Buenaventura","Pacifico","2040902","Banano","Anual","1.296"
"2002","76113","Bugalagrande","Centro","2040902","Banano","Anual","5.516"
"2002","76036","Andalucia","Centro","2040902","Banano","Anual","325"
"2002","76100","Bolivar","Norte","2040902","Banano","Anual","348"
"2002","76041","Ansermanuevo","Norte","2040902","Banano","Anual","425"
"2002","76250","El Dovio","Norte","2040902","Banano","Anual","640"
"2002","76248","El Cerrito","Sur","2040902","Banano","Anual","66"
"2002","76306","Ginebra","Sur","2040902","Banano","Anual","556"
"2002","76275","Florida","Sur","2040902","Banano","Anual","1.250"
"2002","76246","El Cairo","Norte","2040902","Banano","Anual","456"
"2002","76233","Dagua","Sur","2040902","Banano","Anual","1.155"
"2002","76122","Caicedonia","Centro","2040902","Banano","Anual","1.764"
"2002","76147","Cartago","Norte","2040902","Banano","Anual","350"
"2002","76243","El Aguila","Norte","2040902","Banano","Anual","70"
"2002","76869","Vijes","Sur","2040902","Banano","Anual","77"
"2002","76892","Yumbo","Sur","2040902","Banano","Anual","161"
"2002","76890","Yotoco","Centro","2040902","Banano","Anual","105"
"2001","76497","Obando","Norte","2040902","Banano","Anual","4.480"
"2001","76520","Palmira","Sur","2040902","Banano","Anual","826"
"2001","76403","La Victoria","Norte","2040902","Banano","Anual","1.346"
"2001","76606","Restrepo","Centro","2040902","Banano","Anual","549"
"2001","76563","Pradera","Sur","2040902","Banano","Anual","357"
"2001","76364","Jamundí","Sur","2040902","Banano","Anual","85"
"2001","76318","Guacarí","Centro","2040902","Banano","Anual","795"
"2001","76400","La Unión","Norte","2040902","Banano","Anual","89"
"2001","76377","La Cumbre","Sur","2040902","Banano","Anual","144"
"2001","76828","Trujillo","Centro","2040902","Banano","Anual","2.128"
"2001","76823","Toro","Norte","2040902","Banano","Anual","245"
"2001","76845","Ulloa","Norte","2040902","Banano","Anual","54"
"2001","76834","Tuluá","Centro","2040902","Banano","Anual","4.635"
"2001","76622","Roldanillo","Norte","2040902","Banano","Anual","492"
"2001","76616","Riofrío","Centro","2040902","Banano","Anual","3.619"
"2001","76736","Sevilla","Centro","2040902","Banano","Anual","6.080"
"2001","76670","San Pedro","Centro","2040902","Banano","Anual","483"
"2001","76111","Buga","Centro","2040902","Banano","Anual","730"
"2001","76109","Buenaventura","Pacifico","2040902","Banano","Anual","1.215"
"2001","76113","Bugalagrande","Centro","2040902","Banano","Anual","6.993"
"2001","76036","Andalucia","Centro","2040902","Banano","Anual","325"
"2001","76041","Ansermanuevo","Norte","2040902","Banano","Anual","340"
"2001","76100","Bolivar","Norte","2040902","Banano","Anual","348"
"2001","76275","Florida","Sur","2040902","Banano","Anual","1.050"
"2001","76248","El Cerrito","Sur","2040902","Banano","Anual","90"
"2001","76250","El Dovio","Norte","2040902","Banano","Anual","640"
"2001","76306","Ginebra","Sur","2040902","Banano","Anual","501"
"2001","76233","Dagua","Sur","2040902","Banano","Anual","1.155"
"2001","76122","Caicedonia","Centro","2040902","Banano","Anual","1.764"
"2001","76147","Cartago","Norte","2040902","Banano","Anual","350"
"2001","76243","El Aguila","Norte","2040902","Banano","Anual","70"
"2001","76246","El Cairo","Norte","2040902","Banano","Anual","456"
"2001","76890","Yotoco","Centro","2040902","Banano","Anual","105"
"2001","76869","Vijes","Sur","2040902","Banano","Anual","63"
"2001","76892","Yumbo","Sur","2040902","Banano","Anual","150"
"2000","76497","Obando","Norte","2040902","Banano","Anual","2.580"
"2000","76520","Palmira","Sur","2040902","Banano","Anual","1.440"
"2000","76403","La Victoria","Norte","2040902","Banano","Anual","1.407,6"
"2000","76606","Restrepo","Centro","2040902","Banano","Anual","567"
"2000","76563","Pradera","Sur","2040902","Banano","Anual","357"
"2000","76364","Jamundí","Sur","2040902","Banano","Anual","84,7"
"2000","76318","Guacarí","Centro","2040902","Banano","Anual","1.237,5"
"2000","76400","La Unión","Norte","2040902","Banano","Anual","54"
"2000","76377","La Cumbre","Sur","2040902","Banano","Anual","372"
"2000","76828","Trujillo","Centro","2040902","Banano","Anual","2.220"
"2000","76736","Sevilla","Centro","2040902","Banano","Anual","5.166"
"2000","76823","Toro","Norte","2040902","Banano","Anual","245"
"2000","76845","Ulloa","Norte","2040902","Banano","Anual","0"
"2000","76834","Tuluá","Centro","2040902","Banano","Anual","4.617"
"2000","76622","Roldanillo","Norte","2040902","Banano","Anual","336"
"2000","76616","Riofrío","Centro","2040902","Banano","Anual","3.024"
"2000","76670","San Pedro","Centro","2040902","Banano","Anual","518"
"2000","76111","Buga","Centro","2040902","Banano","Anual","700"
"2000","76109","Buenaventura","Pacifico","2040902","Banano","Anual","1.215"
"2000","76113","Bugalagrande","Centro","2040902","Banano","Anual","5.520"
"2000","76036","Andalucia","Centro","2040902","Banano","Anual","325"
"2000","76041","Ansermanuevo","Norte","2040902","Banano","Anual","340"
"2000","76100","Bolivar","Norte","2040902","Banano","Anual","348"
"2000","76275","Florida","Sur","2040902","Banano","Anual","1.105"
"2000","76248","El Cerrito","Sur","2040902","Banano","Anual","90"
"2000","76250","El Dovio","Norte","2040902","Banano","Anual","680"
"2000","76306","Ginebra","Sur","2040902","Banano","Anual","555,5"
"2000","76233","Dagua","Sur","2040902","Banano","Anual","1.155"
"2000","76122","Caicedonia","Centro","2040902","Banano","Anual","2.700"
"2000","76147","Cartago","Norte","2040902","Banano","Anual","275"
"2000","76246","El Cairo","Norte","2040902","Banano","Anual","456"
"2000","76243","El Aguila","Norte","2040902","Banano","Anual","70"
"2000","76890","Yotoco","Centro","2040902","Banano","Anual","210"
"2000","76869","Vijes","Sur","2040902","Banano","Anual","70"
"2000","76892","Yumbo","Sur","2040902","Banano","Anual","140"
"2022","76497","Obando","Norte","2040202","Aguacate","Anual","90"
"2022","76563","Pradera","Sur","2040202","Aguacate","Anual","196"
"2022","76520","Palmira","Sur","2040202","Aguacate","Anual","2.300,1"
"2022","76318","Guacarí","Centro","2040202","Aguacate","Anual","756"
"2022","76364","Jamundí","Sur","2040202","Aguacate","Anual","44"
"2022","76736","Sevilla","Centro","2040202","Aguacate","Anual","7.994,8"
"2022","76670","San Pedro","Centro","2040202","Aguacate","Anual","90"
"2022","76828","Trujillo","Centro","2040202","Aguacate","Anual","350"
"2022","76606","Restrepo","Centro","2040202","Aguacate","Anual","604,8"
"2022","76041","Ansermanuevo","Norte","2040202","Aguacate","Anual","967,37"
"2022","76054","Argelia","Norte","2040202","Aguacate","Anual","1.613,2"
"2022","76036","Andalucia","Centro","2040202","Aguacate","Anual","360"
"2022","76001","Cali","Sur","2040202","Aguacate","Anual","72"
"2022","76020","Alcalá","Norte","2040202","Aguacate","Anual","2.184"
"2022","76111","Buga","Centro","2040202","Aguacate","Anual","50"
"2022","76126","Calima Darién","Centro","2040202","Aguacate","Anual","978,27"
"2022","76113","Bugalagrande","Centro","2040202","Aguacate","Anual","693"
"2022","76122","Caicedonia","Centro","2040202","Aguacate","Anual","2.951,2"
"2022","76248","El Cerrito","Sur","2040202","Aguacate","Anual","328"
"2022","76246","El Cairo","Norte","2040202","Aguacate","Anual","3.577,75"
"2022","76275","Florida","Sur","2040202","Aguacate","Anual","119,07"
"2022","76250","El Dovio","Norte","2040202","Aguacate","Anual","212,48"
"2022","76243","El Aguila","Norte","2040202","Aguacate","Anual","96"
"2022","76147","Cartago","Norte","2040202","Aguacate","Anual","88,16"
"2022","76233","Dagua","Sur","2040202","Aguacate","Anual","2.000"
"2022","76892","Yumbo","Sur","2040202","Aguacate","Anual","208,45"
"2022","76845","Ulloa","Norte","2040202","Aguacate","Anual","632"
"2022","76890","Yotoco","Centro","2040202","Aguacate","Anual","360"
"2022","76863","Versalles","Norte","2040202","Aguacate","Anual","552"
"2022","76869","Vijes","Sur","2040202","Aguacate","Anual","268"
"2021","76403","La Victoria","Norte","2040202","Aguacate","Anual","120"
"2021","76520","Palmira","Sur","2040202","Aguacate","Anual","2.300,1"
"2021","76497","Obando","Norte","2040202","Aguacate","Anual","96"
"2021","76318","Guacarí","Centro","2040202","Aguacate","Anual","611,9"
"2021","76364","Jamundí","Sur","2040202","Aguacate","Anual","38,5"
"2021","76736","Sevilla","Centro","2040202","Aguacate","Anual","5.434"
"2021","76670","San Pedro","Centro","2040202","Aguacate","Anual","257,6"
"2021","76606","Restrepo","Centro","2040202","Aguacate","Anual","604,8"
"2021","76563","Pradera","Sur","2040202","Aguacate","Anual","165"
"2021","76113","Bugalagrande","Centro","2040202","Aguacate","Anual","693"
"2021","76111","Buga","Centro","2040202","Aguacate","Anual","12"
"2021","76036","Andalucia","Centro","2040202","Aguacate","Anual","405"
"2021","76001","Cali","Sur","2040202","Aguacate","Anual","72"
"2021","76020","Alcalá","Norte","2040202","Aguacate","Anual","2.616,85"
"2021","76054","Argelia","Norte","2040202","Aguacate","Anual","1.355,8"
"2021","76041","Ansermanuevo","Norte","2040202","Aguacate","Anual","526,2"
"2021","76246","El Cairo","Norte","2040202","Aguacate","Anual","3.348"
"2021","76248","El Cerrito","Sur","2040202","Aguacate","Anual","328"
"2021","76243","El Aguila","Norte","2040202","Aguacate","Anual","72"
"2021","76275","Florida","Sur","2040202","Aguacate","Anual","90"
"2021","76250","El Dovio","Norte","2040202","Aguacate","Anual","378,88"
"2021","76126","Calima Darién","Centro","2040202","Aguacate","Anual","969,33"
"2021","76122","Caicedonia","Centro","2040202","Aguacate","Anual","1.150"
"2021","76233","Dagua","Sur","2040202","Aguacate","Anual","1.800"
"2021","76147","Cartago","Norte","2040202","Aguacate","Anual","200,2"
"2021","76892","Yumbo","Sur","2040202","Aguacate","Anual","191,4"
"2021","76890","Yotoco","Centro","2040202","Aguacate","Anual","360"
"2021","76828","Trujillo","Centro","2040202","Aguacate","Anual","253"
"2021","76869","Vijes","Sur","2040202","Aguacate","Anual","191,25"
"2021","76845","Ulloa","Norte","2040202","Aguacate","Anual","872"
"2021","76863","Versalles","Norte","2040202","Aguacate","Anual","264"
"2020","76563","Pradera","Sur","2040202","Aguacate","Anual","440"
"2020","76497","Obando","Norte","2040202","Aguacate","Anual","160"
"2020","76520","Palmira","Sur","2040202","Aguacate","Anual","2.099"
"2020","76606","Restrepo","Centro","2040202","Aguacate","Anual","604,8"
"2020","76364","Jamundí","Sur","2040202","Aguacate","Anual","38,5"
"2020","76403","La Victoria","Norte","2040202","Aguacate","Anual","120"
"2020","76828","Trujillo","Centro","2040202","Aguacate","Anual","1.929"
"2020","76845","Ulloa","Norte","2040202","Aguacate","Anual","1.090"
"2020","76736","Sevilla","Centro","2040202","Aguacate","Anual","4.363,2"
"2020","76670","San Pedro","Centro","2040202","Aguacate","Anual","248,4"
"2020","76122","Caicedonia","Centro","2040202","Aguacate","Anual","1.022"
"2020","76113","Bugalagrande","Centro","2040202","Aguacate","Anual","330"
"2020","76036","Andalucia","Centro","2040202","Aguacate","Anual","560"
"2020","76001","Cali","Sur","2040202","Aguacate","Anual","72"
"2020","76020","Alcalá","Norte","2040202","Aguacate","Anual","2.787,1"
"2020","76041","Ansermanuevo","Norte","2040202","Aguacate","Anual","667,2"
"2020","76054","Argelia","Norte","2040202","Aguacate","Anual","2.790,4"
"2020","76250","El Dovio","Norte","2040202","Aguacate","Anual","944,48"
"2020","76275","Florida","Sur","2040202","Aguacate","Anual","80"
"2020","76248","El Cerrito","Sur","2040202","Aguacate","Anual","123"
"2020","76318","Guacarí","Centro","2040202","Aguacate","Anual","660"
"2020","76147","Cartago","Norte","2040202","Aguacate","Anual","0"
"2020","76233","Dagua","Sur","2040202","Aguacate","Anual","1.400"
"2020","76126","Calima Darién","Centro","2040202","Aguacate","Anual","571,4"
"2020","76246","El Cairo","Norte","2040202","Aguacate","Anual","7.076,901324"
"2020","76243","El Aguila","Norte","2040202","Aguacate","Anual","156"
"2020","76869","Vijes","Sur","2040202","Aguacate","Anual","200"
"2020","76890","Yotoco","Centro","2040202","Aguacate","Anual","360"
"2020","76863","Versalles","Norte","2040202","Aguacate","Anual","0"
"2020","76892","Yumbo","Sur","2040202","Aguacate","Anual","215,4"
"2019","76563","Pradera","Sur","2040202","Aguacate","Anual","12"
"2019","76520","Palmira","Sur","2040202","Aguacate","Anual","1.520"
"2019","76616","Riofrío","Centro","2040202","Aguacate","Anual","400"
"2019","76606","Restrepo","Centro","2040202","Aguacate","Anual","649,8"
"2019","76400","La Unión","Norte","2040202","Aguacate","Anual","415,2"
"2019","76403","La Victoria","Norte","2040202","Aguacate","Anual","120"
"2019","76497","Obando","Norte","2040202","Aguacate","Anual","154"
"2019","76834","Tuluá","Centro","2040202","Aguacate","Anual","78"
"2019","76828","Trujillo","Centro","2040202","Aguacate","Anual","988"
"2019","76869","Vijes","Sur","2040202","Aguacate","Anual","144"
"2019","76845","Ulloa","Norte","2040202","Aguacate","Anual","1.060"
"2019","76863","Versalles","Norte","2040202","Aguacate","Anual","1.638"
"2019","76670","San Pedro","Centro","2040202","Aguacate","Anual","248,4"
"2019","76622","Roldanillo","Norte","2040202","Aguacate","Anual","1.360"
"2019","76823","Toro","Norte","2040202","Aguacate","Anual","675"
"2019","76736","Sevilla","Centro","2040202","Aguacate","Anual","14.400"
"2019","76122","Caicedonia","Centro","2040202","Aguacate","Anual","4.312"
"2019","76113","Bugalagrande","Centro","2040202","Aguacate","Anual","300"
"2019","76036","Andalucia","Centro","2040202","Aguacate","Anual","560"
"2019","76020","Alcalá","Norte","2040202","Aguacate","Anual","1.185,6"
"2019","76054","Argelia","Norte","2040202","Aguacate","Anual","2.640"
"2019","76100","Bolivar","Norte","2040202","Aguacate","Anual","595"
"2019","76041","Ansermanuevo","Norte","2040202","Aguacate","Anual","681"
"2019","76275","Florida","Sur","2040202","Aguacate","Anual","80"
"2019","76250","El Dovio","Norte","2040202","Aguacate","Anual","192"
"2019","76318","Guacarí","Centro","2040202","Aguacate","Anual","636"
"2019","76248","El Cerrito","Sur","2040202","Aguacate","Anual","123"
"2019","76147","Cartago","Norte","2040202","Aguacate","Anual","202"
"2019","76233","Dagua","Sur","2040202","Aguacate","Anual","960"
"2019","76126","Calima Darién","Centro","2040202","Aguacate","Anual","464"
"2019","76246","El Cairo","Norte","2040202","Aguacate","Anual","5.108"
"2019","76243","El Aguila","Norte","2040202","Aguacate","Anual","96"
"2019","76892","Yumbo","Sur","2040202","Aguacate","Anual","274,2"
"2019","76890","Yotoco","Centro","2040202","Aguacate","Anual","306"
"2018","76520","Palmira","Sur","2040202","Aguacate","Anual","1.404"
"2018","76616","Riofrío","Centro","2040202","Aguacate","Anual","328"
"2018","76606","Restrepo","Centro","2040202","Aguacate","Anual","640,8"
"2018","76400","La Unión","Norte","2040202","Aguacate","Anual","319,2"
"2018","76497","Obando","Norte","2040202","Aguacate","Anual","303"
"2018","76403","La Victoria","Norte","2040202","Aguacate","Anual","390"
"2018","76834","Tuluá","Centro","2040202","Aguacate","Anual","78"
"2018","76828","Trujillo","Centro","2040202","Aguacate","Anual","1.016,5"
"2018","76863","Versalles","Norte","2040202","Aguacate","Anual","321"
"2018","76869","Vijes","Sur","2040202","Aguacate","Anual","144"
"2018","76845","Ulloa","Norte","2040202","Aguacate","Anual","1.046,5"
"2018","76670","San Pedro","Centro","2040202","Aguacate","Anual","230"
"2018","76622","Roldanillo","Norte","2040202","Aguacate","Anual","460"
"2018","76823","Toro","Norte","2040202","Aguacate","Anual","531"
"2018","76736","Sevilla","Centro","2040202","Aguacate","Anual","8.600"
"2018","76122","Caicedonia","Centro","2040202","Aguacate","Anual","4.270"
"2018","76126","Calima Darién","Centro","2040202","Aguacate","Anual","378"
"2018","76113","Bugalagrande","Centro","2040202","Aguacate","Anual","300"
"2018","76036","Andalucia","Centro","2040202","Aguacate","Anual","550"
"2018","76041","Ansermanuevo","Norte","2040202","Aguacate","Anual","342"
"2018","76020","Alcalá","Norte","2040202","Aguacate","Anual","420"
"2018","76100","Bolivar","Norte","2040202","Aguacate","Anual","200"
"2018","76054","Argelia","Norte","2040202","Aguacate","Anual","2.330"
"2018","76275","Florida","Sur","2040202","Aguacate","Anual","81"
"2018","76250","El Dovio","Norte","2040202","Aguacate","Anual","112"
"2018","76318","Guacarí","Centro","2040202","Aguacate","Anual","612"
"2018","76233","Dagua","Sur","2040202","Aguacate","Anual","650"
"2018","76147","Cartago","Norte","2040202","Aguacate","Anual","212"
"2018","76246","El Cairo","Norte","2040202","Aguacate","Anual","623"
"2018","76248","El Cerrito","Sur","2040202","Aguacate","Anual","320"
"2018","76243","El Aguila","Norte","2040202","Aguacate","Anual","264"
"2018","76892","Yumbo","Sur","2040202","Aguacate","Anual","264"
"2018","76890","Yotoco","Centro","2040202","Aguacate","Anual","378"
"2017","76606","Restrepo","Centro","2040202","Aguacate","Anual","647,7"
"2017","76616","Riofrío","Centro","2040202","Aguacate","Anual","224"
"2017","76520","Palmira","Sur","2040202","Aguacate","Anual","1.230"
"2017","76400","La Unión","Norte","2040202","Aguacate","Anual","258"
"2017","76497","Obando","Norte","2040202","Aguacate","Anual","246"
"2017","76403","La Victoria","Norte","2040202","Aguacate","Anual","220"
"2017","76622","Roldanillo","Norte","2040202","Aguacate","Anual","290"
"2017","76834","Tuluá","Centro","2040202","Aguacate","Anual","96"
"2017","76869","Vijes","Sur","2040202","Aguacate","Anual","136"
"2017","76845","Ulloa","Norte","2040202","Aguacate","Anual","660"
"2017","76863","Versalles","Norte","2040202","Aguacate","Anual","321"
"2017","76670","San Pedro","Centro","2040202","Aguacate","Anual","211,6"
"2017","76828","Trujillo","Centro","2040202","Aguacate","Anual","1.130"
"2017","76736","Sevilla","Centro","2040202","Aguacate","Anual","4.608"
"2017","76823","Toro","Norte","2040202","Aguacate","Anual","135"
"2017","76111","Buga","Centro","2040202","Aguacate","Anual","128"
"2017","76122","Caicedonia","Centro","2040202","Aguacate","Anual","3.732"
"2017","76126","Calima Darién","Centro","2040202","Aguacate","Anual","318"
"2017","76113","Bugalagrande","Centro","2040202","Aguacate","Anual","300"
"2017","76036","Andalucia","Centro","2040202","Aguacate","Anual","500"
"2017","76041","Ansermanuevo","Norte","2040202","Aguacate","Anual","266"
"2017","76020","Alcalá","Norte","2040202","Aguacate","Anual","420"
"2017","76100","Bolivar","Norte","2040202","Aguacate","Anual","200"
"2017","76054","Argelia","Norte","2040202","Aguacate","Anual","2.330"
"2017","76250","El Dovio","Norte","2040202","Aguacate","Anual","56"
"2017","76275","Florida","Sur","2040202","Aguacate","Anual","81"
"2017","76318","Guacarí","Centro","2040202","Aguacate","Anual","480"
"2017","76233","Dagua","Sur","2040202","Aguacate","Anual","400"
"2017","76147","Cartago","Norte","2040202","Aguacate","Anual","212"
"2017","76246","El Cairo","Norte","2040202","Aguacate","Anual","558"
"2017","76248","El Cerrito","Sur","2040202","Aguacate","Anual","200"
"2017","76243","El Aguila","Norte","2040202","Aguacate","Anual","154"
"2017","76890","Yotoco","Centro","2040202","Aguacate","Anual","366"
"2017","76892","Yumbo","Sur","2040202","Aguacate","Anual","336"
"2016","76520","Palmira","Sur","2040202","Aguacate","Anual","1.030"
"2016","76616","Riofrío","Centro","2040202","Aguacate","Anual","290"
"2016","76606","Restrepo","Centro","2040202","Aguacate","Anual","578"
"2016","76400","La Unión","Norte","2040202","Aguacate","Anual","424"
"2016","76403","La Victoria","Norte","2040202","Aguacate","Anual","250"
"2016","76497","Obando","Norte","2040202","Aguacate","Anual","266"
"2016","76834","Tuluá","Centro","2040202","Aguacate","Anual","96"
"2016","76828","Trujillo","Centro","2040202","Aguacate","Anual","630"
"2016","76845","Ulloa","Norte","2040202","Aguacate","Anual","652"
"2016","76863","Versalles","Norte","2040202","Aguacate","Anual","282"
"2016","76622","Roldanillo","Norte","2040202","Aguacate","Anual","290"
"2016","76736","Sevilla","Centro","2040202","Aguacate","Anual","3.840"
"2016","76823","Toro","Norte","2040202","Aguacate","Anual","108"
"2016","76670","San Pedro","Centro","2040202","Aguacate","Anual","193"
"2016","76111","Buga","Centro","2040202","Aguacate","Anual","84"
"2016","76122","Caicedonia","Centro","2040202","Aguacate","Anual","4.368"
"2016","76113","Bugalagrande","Centro","2040202","Aguacate","Anual","270"
"2016","76036","Andalucia","Centro","2040202","Aguacate","Anual","250"
"2016","76041","Ansermanuevo","Norte","2040202","Aguacate","Anual","127"
"2016","76020","Alcalá","Norte","2040202","Aguacate","Anual","196"
"2016","76100","Bolivar","Norte","2040202","Aguacate","Anual","200"
"2016","76054","Argelia","Norte","2040202","Aguacate","Anual","2.270"
"2016","76275","Florida","Sur","2040202","Aguacate","Anual","144"
"2016","76248","El Cerrito","Sur","2040202","Aguacate","Anual","246"
"2016","76250","El Dovio","Norte","2040202","Aguacate","Anual","44"
"2016","76318","Guacarí","Centro","2040202","Aguacate","Anual","430"
"2016","76233","Dagua","Sur","2040202","Aguacate","Anual","690"
"2016","76126","Calima Darién","Centro","2040202","Aguacate","Anual","398"
"2016","76147","Cartago","Norte","2040202","Aguacate","Anual","318"
"2016","76246","El Cairo","Norte","2040202","Aguacate","Anual","536"
"2016","76243","El Aguila","Norte","2040202","Aguacate","Anual","160"
"2016","76892","Yumbo","Sur","2040202","Aguacate","Anual","324"
"2016","76869","Vijes","Sur","2040202","Aguacate","Anual","204"
"2016","76890","Yotoco","Centro","2040202","Aguacate","Anual","366"
"2015","76606","Restrepo","Centro","2040202","Aguacate","Anual","336"
"2015","76616","Riofrío","Centro","2040202","Aguacate","Anual","170"
"2015","76400","La Unión","Norte","2040202","Aguacate","Anual","248"
"2015","76497","Obando","Norte","2040202","Aguacate","Anual","204"
"2015","76520","Palmira","Sur","2040202","Aguacate","Anual","652"
"2015","76403","La Victoria","Norte","2040202","Aguacate","Anual","150"
"2015","76834","Tuluá","Centro","2040202","Aguacate","Anual","96"
"2015","76828","Trujillo","Centro","2040202","Aguacate","Anual","434"
"2015","76863","Versalles","Norte","2040202","Aguacate","Anual","79"
"2015","76869","Vijes","Sur","2040202","Aguacate","Anual","190"
"2015","76845","Ulloa","Norte","2040202","Aguacate","Anual","1.223"
"2015","76670","San Pedro","Centro","2040202","Aguacate","Anual","175"
"2015","76622","Roldanillo","Norte","2040202","Aguacate","Anual","260"
"2015","76823","Toro","Norte","2040202","Aguacate","Anual","108"
"2015","76736","Sevilla","Centro","2040202","Aguacate","Anual","9.600"
"2015","76111","Buga","Centro","2040202","Aguacate","Anual","80"
"2015","76126","Calima Darién","Centro","2040202","Aguacate","Anual","360"
"2015","76113","Bugalagrande","Centro","2040202","Aguacate","Anual","270"
"2015","76122","Caicedonia","Centro","2040202","Aguacate","Anual","3.300"
"2015","76036","Andalucia","Centro","2040202","Aguacate","Anual","250"
"2015","76041","Ansermanuevo","Norte","2040202","Aguacate","Anual","200"
"2015","76020","Alcalá","Norte","2040202","Aguacate","Anual","315"
"2015","76100","Bolivar","Norte","2040202","Aguacate","Anual","210"
"2015","76054","Argelia","Norte","2040202","Aguacate","Anual","3.481"
"2015","76250","El Dovio","Norte","2040202","Aguacate","Anual","32"
"2015","76275","Florida","Sur","2040202","Aguacate","Anual","90"
"2015","76364","Jamundí","Sur","2040202","Aguacate","Anual","48"
"2015","76318","Guacarí","Centro","2040202","Aguacate","Anual","432"
"2015","76233","Dagua","Sur","2040202","Aguacate","Anual","845"
"2015","76147","Cartago","Norte","2040202","Aguacate","Anual","182"
"2015","76246","El Cairo","Norte","2040202","Aguacate","Anual","193"
"2015","76248","El Cerrito","Sur","2040202","Aguacate","Anual","400"
"2015","76243","El Aguila","Norte","2040202","Aguacate","Anual","69"
"2015","76892","Yumbo","Sur","2040202","Aguacate","Anual","498"
"2015","76890","Yotoco","Centro","2040202","Aguacate","Anual","585"
"2014","76520","Palmira","Sur","2040202","Aguacate","Anual","690"
"2014","76616","Riofrío","Centro","2040202","Aguacate","Anual","179"
"2014","76606","Restrepo","Centro","2040202","Aguacate","Anual","357"
"2014","76364","Jamundí","Sur","2040202","Aguacate","Anual","4"
"2014","76403","La Victoria","Norte","2040202","Aguacate","Anual","90"
"2014","76497","Obando","Norte","2040202","Aguacate","Anual","96"
"2014","76400","La Unión","Norte","2040202","Aguacate","Anual","200"
"2014","76834","Tuluá","Centro","2040202","Aguacate","Anual","80"
"2014","76828","Trujillo","Centro","2040202","Aguacate","Anual","435"
"2014","76863","Versalles","Norte","2040202","Aguacate","Anual","75"
"2014","76845","Ulloa","Norte","2040202","Aguacate","Anual","1.223"
"2014","76622","Roldanillo","Norte","2040202","Aguacate","Anual","260"
"2014","76736","Sevilla","Centro","2040202","Aguacate","Anual","9.600"
"2014","76823","Toro","Norte","2040202","Aguacate","Anual","72"
"2014","76670","San Pedro","Centro","2040202","Aguacate","Anual","138"
"2014","76111","Buga","Centro","2040202","Aguacate","Anual","56"
"2014","76122","Caicedonia","Centro","2040202","Aguacate","Anual","3.084"
"2014","76113","Bugalagrande","Centro","2040202","Aguacate","Anual","270"
"2014","76036","Andalucia","Centro","2040202","Aguacate","Anual","90"
"2014","76041","Ansermanuevo","Norte","2040202","Aguacate","Anual","186"
"2014","76020","Alcalá","Norte","2040202","Aguacate","Anual","270"
"2014","76100","Bolivar","Norte","2040202","Aguacate","Anual","215"
"2014","76054","Argelia","Norte","2040202","Aguacate","Anual","3.615"
"2014","76275","Florida","Sur","2040202","Aguacate","Anual","108"
"2014","76248","El Cerrito","Sur","2040202","Aguacate","Anual","364"
"2014","76318","Guacarí","Centro","2040202","Aguacate","Anual","430"
"2014","76147","Cartago","Norte","2040202","Aguacate","Anual","94"
"2014","76126","Calima Darién","Centro","2040202","Aguacate","Anual","420"
"2014","76233","Dagua","Sur","2040202","Aguacate","Anual","845"
"2014","76243","El Aguila","Norte","2040202","Aguacate","Anual","72"
"2014","76246","El Cairo","Norte","2040202","Aguacate","Anual","150"
"2014","76892","Yumbo","Sur","2040202","Aguacate","Anual","331"
"2014","76869","Vijes","Sur","2040202","Aguacate","Anual","190"
"2014","76890","Yotoco","Centro","2040202","Aguacate","Anual","576"
"2013","76520","Palmira","Sur","2040202","Aguacate","Anual","655"
"2013","76497","Obando","Norte","2040202","Aguacate","Anual","115"
"2013","76606","Restrepo","Centro","2040202","Aguacate","Anual","485"
"2013","76364","Jamundí","Sur","2040202","Aguacate","Anual","32"
"2013","76318","Guacarí","Centro","2040202","Aguacate","Anual","460"
"2013","76400","La Unión","Norte","2040202","Aguacate","Anual","260"
"2013","76823","Toro","Norte","2040202","Aguacate","Anual","63"
"2013","76736","Sevilla","Centro","2040202","Aguacate","Anual","9.600"
"2013","76834","Tuluá","Centro","2040202","Aguacate","Anual","103"
"2013","76828","Trujillo","Centro","2040202","Aguacate","Anual","460"
"2013","76622","Roldanillo","Norte","2040202","Aguacate","Anual","250"
"2013","76616","Riofrío","Centro","2040202","Aguacate","Anual","210"
"2013","76670","San Pedro","Centro","2040202","Aguacate","Anual","138"
"2013","76111","Buga","Centro","2040202","Aguacate","Anual","35"
"2013","76113","Bugalagrande","Centro","2040202","Aguacate","Anual","270"
"2013","76036","Andalucia","Centro","2040202","Aguacate","Anual","250"
"2013","76041","Ansermanuevo","Norte","2040202","Aguacate","Anual","160"
"2013","76001","Cali","Sur","2040202","Aguacate","Anual","7"
"2013","76020","Alcalá","Norte","2040202","Aguacate","Anual","390"
"2013","76054","Argelia","Norte","2040202","Aguacate","Anual","2.389"
"2013","76100","Bolivar","Norte","2040202","Aguacate","Anual","200"
"2013","76250","El Dovio","Norte","2040202","Aguacate","Anual","32"
"2013","76275","Florida","Sur","2040202","Aguacate","Anual","108"
"2013","76248","El Cerrito","Sur","2040202","Aguacate","Anual","140"
"2013","76147","Cartago","Norte","2040202","Aguacate","Anual","81"
"2013","76122","Caicedonia","Centro","2040202","Aguacate","Anual","2.868"
"2013","76126","Calima Darién","Centro","2040202","Aguacate","Anual","750"
"2013","76243","El Aguila","Norte","2040202","Aguacate","Anual","72"
"2013","76233","Dagua","Sur","2040202","Aguacate","Anual","780"
"2013","76869","Vijes","Sur","2040202","Aguacate","Anual","143"
"2013","76845","Ulloa","Norte","2040202","Aguacate","Anual","690"
"2013","76863","Versalles","Norte","2040202","Aguacate","Anual","24"
"2013","76892","Yumbo","Sur","2040202","Aguacate","Anual","330"
"2013","76890","Yotoco","Centro","2040202","Aguacate","Anual","360"
"2012","76563","Pradera","Sur","2040202","Aguacate","Anual","40"
"2012","76497","Obando","Norte","2040202","Aguacate","Anual","59"
"2012","76520","Palmira","Sur","2040202","Aguacate","Anual","660"
"2012","76606","Restrepo","Centro","2040202","Aguacate","Anual","459"
"2012","76364","Jamundí","Sur","2040202","Aguacate","Anual","30"
"2012","76403","La Victoria","Norte","2040202","Aguacate","Anual","10"
"2012","76400","La Unión","Norte","2040202","Aguacate","Anual","246"
"2012","76823","Toro","Norte","2040202","Aguacate","Anual","77"
"2012","76828","Trujillo","Centro","2040202","Aguacate","Anual","181"
"2012","76845","Ulloa","Norte","2040202","Aguacate","Anual","695"
"2012","76834","Tuluá","Centro","2040202","Aguacate","Anual","97"
"2012","76622","Roldanillo","Norte","2040202","Aguacate","Anual","150"
"2012","76736","Sevilla","Centro","2040202","Aguacate","Anual","9.600"
"2012","76670","San Pedro","Centro","2040202","Aguacate","Anual","138"
"2012","76111","Buga","Centro","2040202","Aguacate","Anual","112"
"2012","76113","Bugalagrande","Centro","2040202","Aguacate","Anual","270"
"2012","76036","Andalucia","Centro","2040202","Aguacate","Anual","72"
"2012","76041","Ansermanuevo","Norte","2040202","Aguacate","Anual","107"
"2012","76001","Cali","Sur","2040202","Aguacate","Anual","84"
"2012","76020","Alcalá","Norte","2040202","Aguacate","Anual","253"
"2012","76054","Argelia","Norte","2040202","Aguacate","Anual","1.071"
"2012","76100","Bolivar","Norte","2040202","Aguacate","Anual","157"
"2012","76248","El Cerrito","Sur","2040202","Aguacate","Anual","125"
"2012","76318","Guacarí","Centro","2040202","Aguacate","Anual","510"
"2012","76126","Calima Darién","Centro","2040202","Aguacate","Anual","1.095"
"2012","76122","Caicedonia","Centro","2040202","Aguacate","Anual","2.628"
"2012","76246","El Cairo","Norte","2040202","Aguacate","Anual","82"
"2012","76147","Cartago","Norte","2040202","Aguacate","Anual","78"
"2012","76233","Dagua","Sur","2040202","Aguacate","Anual","350"
"2012","76869","Vijes","Sur","2040202","Aguacate","Anual","35"
"2012","76890","Yotoco","Centro","2040202","Aguacate","Anual","1.188"
"2012","76863","Versalles","Norte","2040202","Aguacate","Anual","2"
"2012","76892","Yumbo","Sur","2040202","Aguacate","Anual","558"
"2011","76497","Obando","Norte","2040202","Aguacate","Anual","45"
"2011","76606","Restrepo","Centro","2040202","Aguacate","Anual","383"
"2011","76563","Pradera","Sur","2040202","Aguacate","Anual","40"
"2011","76364","Jamundí","Sur","2040202","Aguacate","Anual","41"
"2011","76318","Guacarí","Centro","2040202","Aguacate","Anual","480"
"2011","76403","La Victoria","Norte","2040202","Aguacate","Anual","10"
"2011","76828","Trujillo","Centro","2040202","Aguacate","Anual","270"
"2011","76823","Toro","Norte","2040202","Aguacate","Anual","77"
"2011","76845","Ulloa","Norte","2040202","Aguacate","Anual","686"
"2011","76834","Tuluá","Centro","2040202","Aguacate","Anual","177"
"2011","76622","Roldanillo","Norte","2040202","Aguacate","Anual","150"
"2011","76736","Sevilla","Centro","2040202","Aguacate","Anual","3.840"
"2011","76670","San Pedro","Centro","2040202","Aguacate","Anual","129"
"2011","76111","Buga","Centro","2040202","Aguacate","Anual","112"
"2011","76113","Bugalagrande","Centro","2040202","Aguacate","Anual","270"
"2011","76036","Andalucia","Centro","2040202","Aguacate","Anual","72"
"2011","76001","Cali","Sur","2040202","Aguacate","Anual","75"
"2011","76020","Alcalá","Norte","2040202","Aguacate","Anual","241"
"2011","76041","Ansermanuevo","Norte","2040202","Aguacate","Anual","83"
"2011","76100","Bolivar","Norte","2040202","Aguacate","Anual","132"
"2011","76054","Argelia","Norte","2040202","Aguacate","Anual","1.030"
"2011","76250","El Dovio","Norte","2040202","Aguacate","Anual","8"
"2011","76246","El Cairo","Norte","2040202","Aguacate","Anual","82"
"2011","76248","El Cerrito","Sur","2040202","Aguacate","Anual","103"
"2011","76122","Caicedonia","Centro","2040202","Aguacate","Anual","3.015"
"2011","76126","Calima Darién","Centro","2040202","Aguacate","Anual","1.875"
"2011","76243","El Aguila","Norte","2040202","Aguacate","Anual","9"
"2011","76233","Dagua","Sur","2040202","Aguacate","Anual","350"
"2011","76890","Yotoco","Centro","2040202","Aguacate","Anual","1.188"
"2011","76863","Versalles","Norte","2040202","Aguacate","Anual","76"
"2011","76869","Vijes","Sur","2040202","Aguacate","Anual","46"
"2011","76892","Yumbo","Sur","2040202","Aguacate","Anual","390"
"2010","76520","Palmira","Sur","2040202","Aguacate","Anual","510"
"2010","76497","Obando","Norte","2040202","Aguacate","Anual","42"
"2010","76403","La Victoria","Norte","2040202","Aguacate","Anual","10"
"2010","76606","Restrepo","Centro","2040202","Aguacate","Anual","366"
"2010","76563","Pradera","Sur","2040202","Aguacate","Anual","40"
"2010","76364","Jamundí","Sur","2040202","Aguacate","Anual","52"
"2010","76318","Guacarí","Centro","2040202","Aguacate","Anual","480"
"2010","76828","Trujillo","Centro","2040202","Aguacate","Anual","270"
"2010","76823","Toro","Norte","2040202","Aguacate","Anual","64"
"2010","76845","Ulloa","Norte","2040202","Aguacate","Anual","162"
"2010","76834","Tuluá","Centro","2040202","Aguacate","Anual","189"
"2010","76622","Roldanillo","Norte","2040202","Aguacate","Anual","367"
"2010","76670","San Pedro","Centro","2040202","Aguacate","Anual","129"
"2010","76113","Bugalagrande","Centro","2040202","Aguacate","Anual","370"
"2010","76111","Buga","Centro","2040202","Aguacate","Anual","117"
"2010","76036","Andalucia","Centro","2040202","Aguacate","Anual","130"
"2010","76001","Cali","Sur","2040202","Aguacate","Anual","120"
"2010","76020","Alcalá","Norte","2040202","Aguacate","Anual","195"
"2010","76054","Argelia","Norte","2040202","Aguacate","Anual","1.030"
"2010","76100","Bolivar","Norte","2040202","Aguacate","Anual","203"
"2010","76041","Ansermanuevo","Norte","2040202","Aguacate","Anual","159"
"2010","76248","El Cerrito","Sur","2040202","Aguacate","Anual","103"
"2010","76246","El Cairo","Norte","2040202","Aguacate","Anual","69"
"2010","76126","Calima Darién","Centro","2040202","Aguacate","Anual","2.250"
"2010","76122","Caicedonia","Centro","2040202","Aguacate","Anual","3.015"
"2010","76233","Dagua","Sur","2040202","Aguacate","Anual","350"
"2010","76243","El Aguila","Norte","2040202","Aguacate","Anual","9"
"2010","76147","Cartago","Norte","2040202","Aguacate","Anual","0"
"2010","76890","Yotoco","Centro","2040202","Aguacate","Anual","1.188"
"2010","76869","Vijes","Sur","2040202","Aguacate","Anual","167"
"2010","76892","Yumbo","Sur","2040202","Aguacate","Anual","390"
"2009","76497","Obando","Norte","2040202","Aguacate","Anual","39"
"2009","76520","Palmira","Sur","2040202","Aguacate","Anual","510"
"2009","76606","Restrepo","Centro","2040202","Aguacate","Anual","349"
"2009","76563","Pradera","Sur","2040202","Aguacate","Anual","40"
"2009","76318","Guacarí","Centro","2040202","Aguacate","Anual","280"
"2009","76403","La Victoria","Norte","2040202","Aguacate","Anual","0"
"2009","76828","Trujillo","Centro","2040202","Aguacate","Anual","152"
"2009","76823","Toro","Norte","2040202","Aguacate","Anual","60"
"2009","76845","Ulloa","Norte","2040202","Aguacate","Anual","440"
"2009","76834","Tuluá","Centro","2040202","Aguacate","Anual","176"
"2009","76622","Roldanillo","Norte","2040202","Aguacate","Anual","367"
"2009","76670","San Pedro","Centro","2040202","Aguacate","Anual","129"
"2009","76111","Buga","Centro","2040202","Aguacate","Anual","54"
"2009","76113","Bugalagrande","Centro","2040202","Aguacate","Anual","360"
"2009","76036","Andalucia","Centro","2040202","Aguacate","Anual","400"
"2009","76001","Cali","Sur","2040202","Aguacate","Anual","96"
"2009","76020","Alcalá","Norte","2040202","Aguacate","Anual","157"
"2009","76054","Argelia","Norte","2040202","Aguacate","Anual","1.030"
"2009","76100","Bolivar","Norte","2040202","Aguacate","Anual","210"
"2009","76041","Ansermanuevo","Norte","2040202","Aguacate","Anual","241"
"2009","76246","El Cairo","Norte","2040202","Aguacate","Anual","79"
"2009","76248","El Cerrito","Sur","2040202","Aguacate","Anual","96"
"2009","76122","Caicedonia","Centro","2040202","Aguacate","Anual","2.010"
"2009","76126","Calima Darién","Centro","2040202","Aguacate","Anual","2.430"
"2009","76243","El Aguila","Norte","2040202","Aguacate","Anual","9"
"2009","76147","Cartago","Norte","2040202","Aguacate","Anual","0"
"2009","76233","Dagua","Sur","2040202","Aguacate","Anual","350"
"2009","76890","Yotoco","Centro","2040202","Aguacate","Anual","1.116"
"2009","76869","Vijes","Sur","2040202","Aguacate","Anual","154"
"2009","76892","Yumbo","Sur","2040202","Aguacate","Anual","250"
"2008","76497","Obando","Norte","2040202","Aguacate","Anual","39"
"2008","76563","Pradera","Sur","2040202","Aguacate","Anual","32"
"2008","76520","Palmira","Sur","2040202","Aguacate","Anual","510"
"2008","76318","Guacarí","Centro","2040202","Aguacate","Anual","280"
"2008","76377","La Cumbre","Sur","2040202","Aguacate","Anual","280"
"2008","76823","Toro","Norte","2040202","Aguacate","Anual","60"
"2008","76845","Ulloa","Norte","2040202","Aguacate","Anual","440"
"2008","76828","Trujillo","Centro","2040202","Aguacate","Anual","100"
"2008","76834","Tuluá","Centro","2040202","Aguacate","Anual","352"
"2008","76616","Riofrío","Centro","2040202","Aguacate","Anual","34"
"2008","76606","Restrepo","Centro","2040202","Aguacate","Anual","315"
"2008","76670","San Pedro","Centro","2040202","Aguacate","Anual","129"
"2008","76622","Roldanillo","Norte","2040202","Aguacate","Anual","1.716"
"2008","76111","Buga","Centro","2040202","Aguacate","Anual","42"
"2008","76113","Bugalagrande","Centro","2040202","Aguacate","Anual","350"
"2008","76036","Andalucia","Centro","2040202","Aguacate","Anual","215"
"2008","76001","Cali","Sur","2040202","Aguacate","Anual","46"
"2008","76020","Alcalá","Norte","2040202","Aguacate","Anual","144"
"2008","76054","Argelia","Norte","2040202","Aguacate","Anual","400"
"2008","76100","Bolivar","Norte","2040202","Aguacate","Anual","161"
"2008","76041","Ansermanuevo","Norte","2040202","Aguacate","Anual","104"
"2008","76246","El Cairo","Norte","2040202","Aguacate","Anual","79"
"2008","76248","El Cerrito","Sur","2040202","Aguacate","Anual","96"
"2008","76122","Caicedonia","Centro","2040202","Aguacate","Anual","1.840"
"2008","76126","Calima Darién","Centro","2040202","Aguacate","Anual","2.835"
"2008","76243","El Aguila","Norte","2040202","Aguacate","Anual","9"
"2008","76233","Dagua","Sur","2040202","Aguacate","Anual","350"
"2008","76869","Vijes","Sur","2040202","Aguacate","Anual","44"
"2008","76890","Yotoco","Centro","2040202","Aguacate","Anual","980"
"2008","76892","Yumbo","Sur","2040202","Aguacate","Anual","275"
"2007","76520","Palmira","Sur","2040202","Aguacate","Anual","510"
"2007","76497","Obando","Norte","2040202","Aguacate","Anual","36"
"2007","76606","Restrepo","Centro","2040202","Aguacate","Anual","281"
"2007","76563","Pradera","Sur","2040202","Aguacate","Anual","32"
"2007","76364","Jamundí","Sur","2040202","Aguacate","Anual","60"
"2007","76318","Guacarí","Centro","2040202","Aguacate","Anual","280"
"2007","76400","La Unión","Norte","2040202","Aguacate","Anual","143"
"2007","76828","Trujillo","Centro","2040202","Aguacate","Anual","152"
"2007","76823","Toro","Norte","2040202","Aguacate","Anual","63"
"2007","76845","Ulloa","Norte","2040202","Aguacate","Anual","410"
"2007","76834","Tuluá","Centro","2040202","Aguacate","Anual","190"
"2007","76616","Riofrío","Centro","2040202","Aguacate","Anual","34"
"2007","76622","Roldanillo","Norte","2040202","Aguacate","Anual","1.808"
"2007","76670","San Pedro","Centro","2040202","Aguacate","Anual","106"
"2007","76111","Buga","Centro","2040202","Aguacate","Anual","80"
"2007","76113","Bugalagrande","Centro","2040202","Aguacate","Anual","400"
"2007","76036","Andalucia","Centro","2040202","Aguacate","Anual","410"
"2007","76001","Cali","Sur","2040202","Aguacate","Anual","101"
"2007","76020","Alcalá","Norte","2040202","Aguacate","Anual","358"
"2007","76054","Argelia","Norte","2040202","Aguacate","Anual","704"
"2007","76100","Bolivar","Norte","2040202","Aguacate","Anual","112"
"2007","76041","Ansermanuevo","Norte","2040202","Aguacate","Anual","153"
"2007","76275","Florida","Sur","2040202","Aguacate","Anual","79"
"2007","76233","Dagua","Sur","2040202","Aguacate","Anual","350"
"2007","76122","Caicedonia","Centro","2040202","Aguacate","Anual","2.028"
"2007","76126","Calima Darién","Centro","2040202","Aguacate","Anual","2.970"
"2007","76890","Yotoco","Centro","2040202","Aguacate","Anual","189"
"2007","76869","Vijes","Sur","2040202","Aguacate","Anual","48"
"2007","76892","Yumbo","Sur","2040202","Aguacate","Anual","264"
"2006","76497","Obando","Norte","2040202","Aguacate","Anual","41"
"2006","76520","Palmira","Sur","2040202","Aguacate","Anual","250"
"2006","76606","Restrepo","Centro","2040202","Aguacate","Anual","281"
"2006","76563","Pradera","Sur","2040202","Aguacate","Anual","32"
"2006","76364","Jamundí","Sur","2040202","Aguacate","Anual","72"
"2006","76318","Guacarí","Centro","2040202","Aguacate","Anual","280"
"2006","76834","Tuluá","Centro","2040202","Aguacate","Anual","132"
"2006","76823","Toro","Norte","2040202","Aguacate","Anual","63"
"2006","76828","Trujillo","Centro","2040202","Aguacate","Anual","136"
"2006","76845","Ulloa","Norte","2040202","Aguacate","Anual","435"
"2006","76622","Roldanillo","Norte","2040202","Aguacate","Anual","1.594"
"2006","76670","San Pedro","Centro","2040202","Aguacate","Anual","106"
"2006","76111","Buga","Centro","2040202","Aguacate","Anual","56"
"2006","76113","Bugalagrande","Centro","2040202","Aguacate","Anual","280"
"2006","76036","Andalucia","Centro","2040202","Aguacate","Anual","90"
"2006","76001","Cali","Sur","2040202","Aguacate","Anual","107"
"2006","76020","Alcalá","Norte","2040202","Aguacate","Anual","198"
"2006","76054","Argelia","Norte","2040202","Aguacate","Anual","420"
"2006","76100","Bolivar","Norte","2040202","Aguacate","Anual","70"
"2006","76041","Ansermanuevo","Norte","2040202","Aguacate","Anual","153"
"2006","76275","Florida","Sur","2040202","Aguacate","Anual","112"
"2006","76233","Dagua","Sur","2040202","Aguacate","Anual","400"
"2006","76122","Caicedonia","Centro","2040202","Aguacate","Anual","1.896"
"2006","76126","Calima Darién","Centro","2040202","Aguacate","Anual","3.090"
"2006","76890","Yotoco","Centro","2040202","Aguacate","Anual","2.730"
"2006","76892","Yumbo","Sur","2040202","Aguacate","Anual","264"
"2005","76520","Palmira","Sur","2040202","Aguacate","Anual","160"
"2005","76497","Obando","Norte","2040202","Aguacate","Anual","41"
"2005","76403","La Victoria","Norte","2040202","Aguacate","Anual","9"
"2005","76606","Restrepo","Centro","2040202","Aguacate","Anual","213"
"2005","76563","Pradera","Sur","2040202","Aguacate","Anual","33"
"2005","76364","Jamundí","Sur","2040202","Aguacate","Anual","60"
"2005","76400","La Unión","Norte","2040202","Aguacate","Anual","0"
"2005","76828","Trujillo","Centro","2040202","Aguacate","Anual","112"
"2005","76823","Toro","Norte","2040202","Aguacate","Anual","55"
"2005","76834","Tuluá","Centro","2040202","Aguacate","Anual","200"
"2005","76616","Riofrío","Centro","2040202","Aguacate","Anual","280"
"2005","76670","San Pedro","Centro","2040202","Aguacate","Anual","83"
"2005","76622","Roldanillo","Norte","2040202","Aguacate","Anual","18"
"2005","76122","Caicedonia","Centro","2040202","Aguacate","Anual","1.668"
"2005","76113","Bugalagrande","Centro","2040202","Aguacate","Anual","280"
"2005","76036","Andalucia","Centro","2040202","Aguacate","Anual","65"
"2005","76041","Ansermanuevo","Norte","2040202","Aguacate","Anual","143"
"2005","76001","Cali","Sur","2040202","Aguacate","Anual","107"
"2005","76020","Alcalá","Norte","2040202","Aguacate","Anual","198"
"2005","76100","Bolivar","Norte","2040202","Aguacate","Anual","29"
"2005","76054","Argelia","Norte","2040202","Aguacate","Anual","0"
"2005","76275","Florida","Sur","2040202","Aguacate","Anual","112"
"2005","76318","Guacarí","Centro","2040202","Aguacate","Anual","238"
"2005","76233","Dagua","Sur","2040202","Aguacate","Anual","400"
"2005","76243","El Aguila","Norte","2040202","Aguacate","Anual","222"
"2005","76126","Calima Darién","Centro","2040202","Aguacate","Anual","3.090"
"2005","76869","Vijes","Sur","2040202","Aguacate","Anual","43"
"2005","76845","Ulloa","Norte","2040202","Aguacate","Anual","434"
"2005","76892","Yumbo","Sur","2040202","Aguacate","Anual","264"
"2005","76890","Yotoco","Centro","2040202","Aguacate","Anual","1.100"
"2004","76520","Palmira","Sur","2040202","Aguacate","Anual","243"
"2004","76497","Obando","Norte","2040202","Aguacate","Anual","41"
"2004","76403","La Victoria","Norte","2040202","Aguacate","Anual","9"
"2004","76606","Restrepo","Centro","2040202","Aguacate","Anual","417"
"2004","76563","Pradera","Sur","2040202","Aguacate","Anual","33"
"2004","76364","Jamundí","Sur","2040202","Aguacate","Anual","52"
"2004","76400","La Unión","Norte","2040202","Aguacate","Anual","0"
"2004","76828","Trujillo","Centro","2040202","Aguacate","Anual","58"
"2004","76823","Toro","Norte","2040202","Aguacate","Anual","55"
"2004","76834","Tuluá","Centro","2040202","Aguacate","Anual","190"
"2004","76622","Roldanillo","Norte","2040202","Aguacate","Anual","68"
"2004","76616","Riofrío","Centro","2040202","Aguacate","Anual","271"
"2004","76670","San Pedro","Centro","2040202","Aguacate","Anual","83"
"2004","76111","Buga","Centro","2040202","Aguacate","Anual","49"
"2004","76113","Bugalagrande","Centro","2040202","Aguacate","Anual","280"
"2004","76036","Andalucia","Centro","2040202","Aguacate","Anual","65"
"2004","76001","Cali","Sur","2040202","Aguacate","Anual","107"
"2004","76020","Alcalá","Norte","2040202","Aguacate","Anual","176"
"2004","76054","Argelia","Norte","2040202","Aguacate","Anual","0"
"2004","76100","Bolivar","Norte","2040202","Aguacate","Anual","29"
"2004","76041","Ansermanuevo","Norte","2040202","Aguacate","Anual","143"
"2004","76275","Florida","Sur","2040202","Aguacate","Anual","112"
"2004","76318","Guacarí","Centro","2040202","Aguacate","Anual","226"
"2004","76233","Dagua","Sur","2040202","Aguacate","Anual","122"
"2004","76130","Candelaria","Sur","2040202","Aguacate","Anual","15"
"2004","76122","Caicedonia","Centro","2040202","Aguacate","Anual","3.240"
"2004","76243","El Aguila","Norte","2040202","Aguacate","Anual","241"
"2004","76126","Calima Darién","Centro","2040202","Aguacate","Anual","3.065"
"2004","76869","Vijes","Sur","2040202","Aguacate","Anual","31"
"2004","76845","Ulloa","Norte","2040202","Aguacate","Anual","434"
"2004","76890","Yotoco","Centro","2040202","Aguacate","Anual","567"
"2004","76892","Yumbo","Sur","2040202","Aguacate","Anual","226"
"2003","76497","Obando","Norte","2040202","Aguacate","Anual","57"
"2003","76520","Palmira","Sur","2040202","Aguacate","Anual","261"
"2003","76403","La Victoria","Norte","2040202","Aguacate","Anual","10"
"2003","76606","Restrepo","Centro","2040202","Aguacate","Anual","418"
"2003","76563","Pradera","Sur","2040202","Aguacate","Anual","33"
"2003","76364","Jamundí","Sur","2040202","Aguacate","Anual","58"
"2003","76318","Guacarí","Centro","2040202","Aguacate","Anual","151"
"2003","76377","La Cumbre","Sur","2040202","Aguacate","Anual","35"
"2003","76828","Trujillo","Centro","2040202","Aguacate","Anual","58"
"2003","76823","Toro","Norte","2040202","Aguacate","Anual","55"
"2003","76845","Ulloa","Norte","2040202","Aguacate","Anual","254"
"2003","76834","Tuluá","Centro","2040202","Aguacate","Anual","120"
"2003","76622","Roldanillo","Norte","2040202","Aguacate","Anual","67"
"2003","76616","Riofrío","Centro","2040202","Aguacate","Anual","271"
"2003","76670","San Pedro","Centro","2040202","Aguacate","Anual","101"
"2003","76111","Buga","Centro","2040202","Aguacate","Anual","49"
"2003","76113","Bugalagrande","Centro","2040202","Aguacate","Anual","275"
"2003","76036","Andalucia","Centro","2040202","Aguacate","Anual","65"
"2003","76041","Ansermanuevo","Norte","2040202","Aguacate","Anual","13"
"2003","76001","Cali","Sur","2040202","Aguacate","Anual","78"
"2003","76020","Alcalá","Norte","2040202","Aguacate","Anual","123"
"2003","76100","Bolivar","Norte","2040202","Aguacate","Anual","29"
"2003","76275","Florida","Sur","2040202","Aguacate","Anual","68"
"2003","76233","Dagua","Sur","2040202","Aguacate","Anual","122"
"2003","76122","Caicedonia","Centro","2040202","Aguacate","Anual","3.360"
"2003","76130","Candelaria","Sur","2040202","Aguacate","Anual","15"
"2003","76243","El Aguila","Norte","2040202","Aguacate","Anual","238"
"2003","76126","Calima Darién","Centro","2040202","Aguacate","Anual","3.035"
"2003","76869","Vijes","Sur","2040202","Aguacate","Anual","31"
"2003","76892","Yumbo","Sur","2040202","Aguacate","Anual","226"
"2003","76890","Yotoco","Centro","2040202","Aguacate","Anual","1.016"
"2002","76497","Obando","Norte","2040202","Aguacate","Anual","56"
"2002","76520","Palmira","Sur","2040202","Aguacate","Anual","144"
"2002","76606","Restrepo","Centro","2040202","Aguacate","Anual","408"
"2002","76563","Pradera","Sur","2040202","Aguacate","Anual","32"
"2002","76364","Jamundí","Sur","2040202","Aguacate","Anual","56"
"2002","76318","Guacarí","Centro","2040202","Aguacate","Anual","144"
"2002","76377","La Cumbre","Sur","2040202","Aguacate","Anual","29"
"2002","76828","Trujillo","Centro","2040202","Aguacate","Anual","56"
"2002","76823","Toro","Norte","2040202","Aguacate","Anual","54"
"2002","76845","Ulloa","Norte","2040202","Aguacate","Anual","245"
"2002","76622","Roldanillo","Norte","2040202","Aguacate","Anual","61"
"2002","76616","Riofrío","Centro","2040202","Aguacate","Anual","250"
"2002","76670","San Pedro","Centro","2040202","Aguacate","Anual","99"
"2002","76111","Buga","Centro","2040202","Aguacate","Anual","40"
"2002","76113","Bugalagrande","Centro","2040202","Aguacate","Anual","252"
"2002","76036","Andalucia","Centro","2040202","Aguacate","Anual","39"
"2002","76041","Ansermanuevo","Norte","2040202","Aguacate","Anual","10"
"2002","76001","Cali","Sur","2040202","Aguacate","Anual","70"
"2002","76020","Alcalá","Norte","2040202","Aguacate","Anual","60"
"2002","76100","Bolivar","Norte","2040202","Aguacate","Anual","28"
"2002","76233","Dagua","Sur","2040202","Aguacate","Anual","120"
"2002","76122","Caicedonia","Centro","2040202","Aguacate","Anual","3.288"
"2002","76130","Candelaria","Sur","2040202","Aguacate","Anual","0"
"2002","76243","El Aguila","Norte","2040202","Aguacate","Anual","217"
"2002","76126","Calima Darién","Centro","2040202","Aguacate","Anual","2.955"
"2002","76869","Vijes","Sur","2040202","Aguacate","Anual","24"
"2002","76892","Yumbo","Sur","2040202","Aguacate","Anual","220"
"2002","76890","Yotoco","Centro","2040202","Aguacate","Anual","918"
"2001","76497","Obando","Norte","2040202","Aguacate","Anual","56"
"2001","76520","Palmira","Sur","2040202","Aguacate","Anual","63"
"2001","76606","Restrepo","Centro","2040202","Aguacate","Anual","408"
"2001","76563","Pradera","Sur","2040202","Aguacate","Anual","32"
"2001","76364","Jamundí","Sur","2040202","Aguacate","Anual","56"
"2001","76377","La Cumbre","Sur","2040202","Aguacate","Anual","29"
"2001","76828","Trujillo","Centro","2040202","Aguacate","Anual","56"
"2001","76845","Ulloa","Norte","2040202","Aguacate","Anual","427"
"2001","76622","Roldanillo","Norte","2040202","Aguacate","Anual","61"
"2001","76616","Riofrío","Centro","2040202","Aguacate","Anual","234"
"2001","76823","Toro","Norte","2040202","Aguacate","Anual","54"
"2001","76670","San Pedro","Centro","2040202","Aguacate","Anual","99"
"2001","76113","Bugalagrande","Centro","2040202","Aguacate","Anual","241"
"2001","76041","Ansermanuevo","Norte","2040202","Aguacate","Anual","100"
"2001","76036","Andalucia","Centro","2040202","Aguacate","Anual","39"
"2001","76001","Cali","Sur","2040202","Aguacate","Anual","70"
"2001","76020","Alcalá","Norte","2040202","Aguacate","Anual","60"
"2001","76100","Bolivar","Norte","2040202","Aguacate","Anual","28"
"2001","76318","Guacarí","Centro","2040202","Aguacate","Anual","234"
"2001","76233","Dagua","Sur","2040202","Aguacate","Anual","120"
"2001","76122","Caicedonia","Centro","2040202","Aguacate","Anual","3.288"
"2001","76243","El Aguila","Norte","2040202","Aguacate","Anual","217"
"2001","76126","Calima Darién","Centro","2040202","Aguacate","Anual","2.805"
"2001","76890","Yotoco","Centro","2040202","Aguacate","Anual","918"
"2001","76869","Vijes","Sur","2040202","Aguacate","Anual","24"
"2001","76892","Yumbo","Sur","2040202","Aguacate","Anual","187"
"2000","76520","Palmira","Sur","2040202","Aguacate","Anual","63"
"2000","76606","Restrepo","Centro","2040202","Aguacate","Anual","425"
"2000","76563","Pradera","Sur","2040202","Aguacate","Anual","32"
"2000","76364","Jamundí","Sur","2040202","Aguacate","Anual","63"
"2000","76318","Guacarí","Centro","2040202","Aguacate","Anual","526,5"
"2000","76828","Trujillo","Centro","2040202","Aguacate","Anual","84"
"2000","76823","Toro","Norte","2040202","Aguacate","Anual","57"
"2000","76845","Ulloa","Norte","2040202","Aguacate","Anual","525"
"2000","76622","Roldanillo","Norte","2040202","Aguacate","Anual","28"
"2000","76616","Riofrío","Centro","2040202","Aguacate","Anual","224"
"2000","76670","San Pedro","Centro","2040202","Aguacate","Anual","99"
"2000","76111","Buga","Centro","2040202","Aguacate","Anual","96"
"2000","76113","Bugalagrande","Centro","2040202","Aguacate","Anual","237,5"
"2000","76036","Andalucia","Centro","2040202","Aguacate","Anual","40"
"2000","76041","Ansermanuevo","Norte","2040202","Aguacate","Anual","140"
"2000","76001","Cali","Sur","2040202","Aguacate","Anual","48"
"2000","76020","Alcalá","Norte","2040202","Aguacate","Anual","60"
"2000","76100","Bolivar","Norte","2040202","Aguacate","Anual","28"
"2000","76233","Dagua","Sur","2040202","Aguacate","Anual","120"
"2000","76122","Caicedonia","Centro","2040202","Aguacate","Anual","2.120"
"2000","76126","Calima Darién","Centro","2040202","Aguacate","Anual","1.150"
"2000","76243","El Aguila","Norte","2040202","Aguacate","Anual","224"
"2000","76890","Yotoco","Centro","2040202","Aguacate","Anual","960"
"2000","76892","Yumbo","Sur","2040202","Aguacate","Anual","165"
"2022","76400","La Unión","Norte","2043700","Lulo","Anual","97,05"
"2022","76520","Palmira","Sur","2043700","Lulo","Anual","91"
"2022","76318","Guacarí","Centro","2043700","Lulo","Anual","235"
"2022","76377","La Cumbre","Sur","2043700","Lulo","Anual","167,2"
"2022","76736","Sevilla","Centro","2043700","Lulo","Anual","1.113"
"2022","76670","San Pedro","Centro","2043700","Lulo","Anual","300"
"2022","76606","Restrepo","Centro","2043700","Lulo","Anual","1.665"
"2022","76563","Pradera","Sur","2043700","Lulo","Anual","56"
"2022","76622","Roldanillo","Norte","2043700","Lulo","Anual","391"
"2022","76616","Riofrío","Centro","2043700","Lulo","Anual","192"
"2022","76041","Ansermanuevo","Norte","2043700","Lulo","Anual","116"
"2022","76020","Alcalá","Norte","2043700","Lulo","Anual","110"
"2022","76100","Bolivar","Norte","2043700","Lulo","Anual","3.040"
"2022","76111","Buga","Centro","2043700","Lulo","Anual","112"
"2022","76246","El Cairo","Norte","2043700","Lulo","Anual","28,5"
"2022","76250","El Dovio","Norte","2043700","Lulo","Anual","1.711,9"
"2022","76126","Calima Darién","Centro","2043700","Lulo","Anual","2.539,9"
"2022","76233","Dagua","Sur","2043700","Lulo","Anual","2.249"
"2022","76890","Yotoco","Centro","2043700","Lulo","Anual","88"
"2022","76834","Tuluá","Centro","2043700","Lulo","Anual","1.183"
"2022","76828","Trujillo","Centro","2043700","Lulo","Anual","165,6"
"2022","76863","Versalles","Norte","2043700","Lulo","Anual","793"
"2021","76400","La Unión","Norte","2043700","Lulo","Anual","89,64"
"2021","76520","Palmira","Sur","2043700","Lulo","Anual","91"
"2021","76318","Guacarí","Centro","2043700","Lulo","Anual","54"
"2021","76306","Ginebra","Sur","2043700","Lulo","Anual","44"
"2021","76377","La Cumbre","Sur","2043700","Lulo","Anual","175,2"
"2021","76670","San Pedro","Centro","2043700","Lulo","Anual","82"
"2021","76622","Roldanillo","Norte","2043700","Lulo","Anual","240"
"2021","76823","Toro","Norte","2043700","Lulo","Anual","90"
"2021","76736","Sevilla","Centro","2043700","Lulo","Anual","739,88"
"2021","76606","Restrepo","Centro","2043700","Lulo","Anual","1.590"
"2021","76563","Pradera","Sur","2043700","Lulo","Anual","48"
"2021","76616","Riofrío","Centro","2043700","Lulo","Anual","192"
"2021","76054","Argelia","Norte","2043700","Lulo","Anual","31,5"
"2021","76100","Bolivar","Norte","2043700","Lulo","Anual","3.070"
"2021","76111","Buga","Centro","2043700","Lulo","Anual","84"
"2021","76020","Alcalá","Norte","2043700","Lulo","Anual","235,84"
"2021","76041","Ansermanuevo","Norte","2043700","Lulo","Anual","76"
"2021","76246","El Cairo","Norte","2043700","Lulo","Anual","24,6"
"2021","76243","El Aguila","Norte","2043700","Lulo","Anual","120"
"2021","76250","El Dovio","Norte","2043700","Lulo","Anual","1.556"
"2021","76126","Calima Darién","Centro","2043700","Lulo","Anual","3.270,52"
"2021","76233","Dagua","Sur","2043700","Lulo","Anual","3.460"
"2021","76834","Tuluá","Centro","2043700","Lulo","Anual","1.417"
"2021","76828","Trujillo","Centro","2043700","Lulo","Anual","53,1"
"2021","76863","Versalles","Norte","2043700","Lulo","Anual","1.020"
"2020","76520","Palmira","Sur","2043700","Lulo","Anual","91"
"2020","76606","Restrepo","Centro","2043700","Lulo","Anual","1.410"
"2020","76563","Pradera","Sur","2043700","Lulo","Anual","140"
"2020","76377","La Cumbre","Sur","2043700","Lulo","Anual","135,2"
"2020","76400","La Unión","Norte","2043700","Lulo","Anual","47,86"
"2020","76834","Tuluá","Centro","2043700","Lulo","Anual","1.391"
"2020","76828","Trujillo","Centro","2043700","Lulo","Anual","53,31"
"2020","76622","Roldanillo","Norte","2043700","Lulo","Anual","80"
"2020","76616","Riofrío","Centro","2043700","Lulo","Anual","192"
"2020","76736","Sevilla","Centro","2043700","Lulo","Anual","477"
"2020","76670","San Pedro","Centro","2043700","Lulo","Anual","94,3"
"2020","76318","Guacarí","Centro","2043700","Lulo","Anual","1.053"
"2020","76100","Bolivar","Norte","2043700","Lulo","Anual","4.400"
"2020","76111","Buga","Centro","2043700","Lulo","Anual","133"
"2020","76020","Alcalá","Norte","2043700","Lulo","Anual","64,8"
"2020","76054","Argelia","Norte","2043700","Lulo","Anual","65"
"2020","76041","Ansermanuevo","Norte","2043700","Lulo","Anual","116"
"2020","76250","El Dovio","Norte","2043700","Lulo","Anual","2.644"
"2020","76246","El Cairo","Norte","2043700","Lulo","Anual","58,9"
"2020","76126","Calima Darién","Centro","2043700","Lulo","Anual","2.023,8"
"2020","76243","El Aguila","Norte","2043700","Lulo","Anual","91"
"2020","76233","Dagua","Sur","2043700","Lulo","Anual","1.463"
"2020","76845","Ulloa","Norte","2043700","Lulo","Anual","54"
"2020","76869","Vijes","Sur","2043700","Lulo","Anual","0"
"2020","76863","Versalles","Norte","2043700","Lulo","Anual","525"
"2019","76520","Palmira","Sur","2043700","Lulo","Anual","52,5"
"2019","76606","Restrepo","Centro","2043700","Lulo","Anual","1.650"
"2019","76377","La Cumbre","Sur","2043700","Lulo","Anual","147,2"
"2019","76400","La Unión","Norte","2043700","Lulo","Anual","69,24"
"2019","76616","Riofrío","Centro","2043700","Lulo","Anual","349,8"
"2019","76834","Tuluá","Centro","2043700","Lulo","Anual","1.326"
"2019","76828","Trujillo","Centro","2043700","Lulo","Anual","84"
"2019","76863","Versalles","Norte","2043700","Lulo","Anual","375"
"2019","76845","Ulloa","Norte","2043700","Lulo","Anual","54"
"2019","76622","Roldanillo","Norte","2043700","Lulo","Anual","105"
"2019","76823","Toro","Norte","2043700","Lulo","Anual","105"
"2019","76670","San Pedro","Centro","2043700","Lulo","Anual","108,65"
"2019","76100","Bolivar","Norte","2043700","Lulo","Anual","2.800"
"2019","76111","Buga","Centro","2043700","Lulo","Anual","120"
"2019","76020","Alcalá","Norte","2043700","Lulo","Anual","144"
"2019","76054","Argelia","Norte","2043700","Lulo","Anual","80"
"2019","76041","Ansermanuevo","Norte","2043700","Lulo","Anual","34,2"
"2019","76250","El Dovio","Norte","2043700","Lulo","Anual","1.180"
"2019","76318","Guacarí","Centro","2043700","Lulo","Anual","1.107"
"2019","76126","Calima Darién","Centro","2043700","Lulo","Anual","1.590"
"2019","76246","El Cairo","Norte","2043700","Lulo","Anual","62"
"2019","76233","Dagua","Sur","2043700","Lulo","Anual","1.356"
"2019","76243","El Aguila","Norte","2043700","Lulo","Anual","225"
"2018","76563","Pradera","Sur","2043700","Lulo","Anual","0"
"2018","76520","Palmira","Sur","2043700","Lulo","Anual","192,5"
"2018","76616","Riofrío","Centro","2043700","Lulo","Anual","614,8"
"2018","76606","Restrepo","Centro","2043700","Lulo","Anual","1.275"
"2018","76377","La Cumbre","Sur","2043700","Lulo","Anual","147"
"2018","76400","La Unión","Norte","2043700","Lulo","Anual","41,64"
"2018","76834","Tuluá","Centro","2043700","Lulo","Anual","1.326"
"2018","76828","Trujillo","Centro","2043700","Lulo","Anual","88"
"2018","76863","Versalles","Norte","2043700","Lulo","Anual","240"
"2018","76823","Toro","Norte","2043700","Lulo","Anual","105"
"2018","76736","Sevilla","Centro","2043700","Lulo","Anual","675"
"2018","76670","San Pedro","Centro","2043700","Lulo","Anual","98,4"
"2018","76020","Alcalá","Norte","2043700","Lulo","Anual","144"
"2018","76054","Argelia","Norte","2043700","Lulo","Anual","16,8"
"2018","76100","Bolivar","Norte","2043700","Lulo","Anual","2.700"
"2018","76041","Ansermanuevo","Norte","2043700","Lulo","Anual","0"
"2018","76250","El Dovio","Norte","2043700","Lulo","Anual","1.060"
"2018","76318","Guacarí","Centro","2043700","Lulo","Anual","1.161"
"2018","76233","Dagua","Sur","2043700","Lulo","Anual","876"
"2018","76126","Calima Darién","Centro","2043700","Lulo","Anual","1.590"
"2018","76246","El Cairo","Norte","2043700","Lulo","Anual","57"
"2018","76243","El Aguila","Norte","2043700","Lulo","Anual","180"
"2017","76520","Palmira","Sur","2043700","Lulo","Anual","141,4"
"2017","76616","Riofrío","Centro","2043700","Lulo","Anual","901"
"2017","76606","Restrepo","Centro","2043700","Lulo","Anual","1.290"
"2017","76377","La Cumbre","Sur","2043700","Lulo","Anual","68"
"2017","76400","La Unión","Norte","2043700","Lulo","Anual","66"
"2017","76834","Tuluá","Centro","2043700","Lulo","Anual","1.350"
"2017","76828","Trujillo","Centro","2043700","Lulo","Anual","104,5"
"2017","76863","Versalles","Norte","2043700","Lulo","Anual","240"
"2017","76670","San Pedro","Centro","2043700","Lulo","Anual","98,4"
"2017","76736","Sevilla","Centro","2043700","Lulo","Anual","675"
"2017","76020","Alcalá","Norte","2043700","Lulo","Anual","285"
"2017","76100","Bolivar","Norte","2043700","Lulo","Anual","2.800"
"2017","76054","Argelia","Norte","2043700","Lulo","Anual","22,4"
"2017","76250","El Dovio","Norte","2043700","Lulo","Anual","825"
"2017","76318","Guacarí","Centro","2043700","Lulo","Anual","555"
"2017","76233","Dagua","Sur","2043700","Lulo","Anual","397,5"
"2017","76126","Calima Darién","Centro","2043700","Lulo","Anual","1.350"
"2017","76246","El Cairo","Norte","2043700","Lulo","Anual","42,3"
"2017","76243","El Aguila","Norte","2043700","Lulo","Anual","240"
"2017","76890","Yotoco","Centro","2043700","Lulo","Anual","57,2"
"2016","76520","Palmira","Sur","2043700","Lulo","Anual","281"
"2016","76606","Restrepo","Centro","2043700","Lulo","Anual","1.185"
"2016","76563","Pradera","Sur","2043700","Lulo","Anual","52"
"2016","76377","La Cumbre","Sur","2043700","Lulo","Anual","64"
"2016","76364","Jamundí","Sur","2043700","Lulo","Anual","90"
"2016","76400","La Unión","Norte","2043700","Lulo","Anual","102"
"2016","76828","Trujillo","Centro","2043700","Lulo","Anual","154"
"2016","76863","Versalles","Norte","2043700","Lulo","Anual","792"
"2016","76834","Tuluá","Centro","2043700","Lulo","Anual","1.440"
"2016","76616","Riofrío","Centro","2043700","Lulo","Anual","1.781"
"2016","76736","Sevilla","Centro","2043700","Lulo","Anual","860"
"2016","76670","San Pedro","Centro","2043700","Lulo","Anual","265"
"2016","76100","Bolivar","Norte","2043700","Lulo","Anual","2.780"
"2016","76020","Alcalá","Norte","2043700","Lulo","Anual","128"
"2016","76054","Argelia","Norte","2043700","Lulo","Anual","40"
"2016","76250","El Dovio","Norte","2043700","Lulo","Anual","840"
"2016","76318","Guacarí","Centro","2043700","Lulo","Anual","231"
"2016","76306","Ginebra","Sur","2043700","Lulo","Anual","108"
"2016","76126","Calima Darién","Centro","2043700","Lulo","Anual","1.746"
"2016","76233","Dagua","Sur","2043700","Lulo","Anual","262"
"2016","76243","El Aguila","Norte","2043700","Lulo","Anual","120"
"2015","76563","Pradera","Sur","2043700","Lulo","Anual","52"
"2015","76520","Palmira","Sur","2043700","Lulo","Anual","281"
"2015","76616","Riofrío","Centro","2043700","Lulo","Anual","1.141"
"2015","76606","Restrepo","Centro","2043700","Lulo","Anual","1.044"
"2015","76364","Jamundí","Sur","2043700","Lulo","Anual","90"
"2015","76400","La Unión","Norte","2043700","Lulo","Anual","138"
"2015","76828","Trujillo","Centro","2043700","Lulo","Anual","250"
"2015","76834","Tuluá","Centro","2043700","Lulo","Anual","300"
"2015","76863","Versalles","Norte","2043700","Lulo","Anual","620"
"2015","76670","San Pedro","Centro","2043700","Lulo","Anual","98"
"2015","76823","Toro","Norte","2043700","Lulo","Anual","0"
"2015","76736","Sevilla","Centro","2043700","Lulo","Anual","900"
"2015","76100","Bolivar","Norte","2043700","Lulo","Anual","2.680"
"2015","76126","Calima Darién","Centro","2043700","Lulo","Anual","1.314"
"2015","76020","Alcalá","Norte","2043700","Lulo","Anual","48"
"2015","76054","Argelia","Norte","2043700","Lulo","Anual","24"
"2015","76250","El Dovio","Norte","2043700","Lulo","Anual","360"
"2015","76318","Guacarí","Centro","2043700","Lulo","Anual","222"
"2015","76306","Ginebra","Sur","2043700","Lulo","Anual","44"
"2015","76147","Cartago","Norte","2043700","Lulo","Anual","4"
"2015","76233","Dagua","Sur","2043700","Lulo","Anual","195"
"2015","76243","El Aguila","Norte","2043700","Lulo","Anual","96"
"2014","76520","Palmira","Sur","2043700","Lulo","Anual","119"
"2014","76563","Pradera","Sur","2043700","Lulo","Anual","52"
"2014","76606","Restrepo","Centro","2043700","Lulo","Anual","1.110"
"2014","76364","Jamundí","Sur","2043700","Lulo","Anual","108"
"2014","76318","Guacarí","Centro","2043700","Lulo","Anual","280"
"2014","76377","La Cumbre","Sur","2043700","Lulo","Anual","144"
"2014","76400","La Unión","Norte","2043700","Lulo","Anual","150"
"2014","76828","Trujillo","Centro","2043700","Lulo","Anual","324"
"2014","76863","Versalles","Norte","2043700","Lulo","Anual","1.297"
"2014","76834","Tuluá","Centro","2043700","Lulo","Anual","366"
"2014","76616","Riofrío","Centro","2043700","Lulo","Anual","1.262"
"2014","76736","Sevilla","Centro","2043700","Lulo","Anual","1.000"
"2014","76670","San Pedro","Centro","2043700","Lulo","Anual","96"
"2014","76100","Bolivar","Norte","2043700","Lulo","Anual","2.780"
"2014","76054","Argelia","Norte","2043700","Lulo","Anual","22"
"2014","76250","El Dovio","Norte","2043700","Lulo","Anual","408"
"2014","76306","Ginebra","Sur","2043700","Lulo","Anual","63"
"2014","76246","El Cairo","Norte","2043700","Lulo","Anual","112"
"2014","76126","Calima Darién","Centro","2043700","Lulo","Anual","952"
"2014","76243","El Aguila","Norte","2043700","Lulo","Anual","208"
"2014","76233","Dagua","Sur","2043700","Lulo","Anual","195"
"2014","76892","Yumbo","Sur","2043700","Lulo","Anual","35"
"2013","76520","Palmira","Sur","2043700","Lulo","Anual","105"
"2013","76606","Restrepo","Centro","2043700","Lulo","Anual","1.065"
"2013","76563","Pradera","Sur","2043700","Lulo","Anual","39"
"2013","76364","Jamundí","Sur","2043700","Lulo","Anual","147"
"2013","76318","Guacarí","Centro","2043700","Lulo","Anual","245"
"2013","76377","La Cumbre","Sur","2043700","Lulo","Anual","222"
"2013","76736","Sevilla","Centro","2043700","Lulo","Anual","1.000"
"2013","76616","Riofrío","Centro","2043700","Lulo","Anual","1.163"
"2013","76670","San Pedro","Centro","2043700","Lulo","Anual","82"
"2013","76100","Bolivar","Norte","2043700","Lulo","Anual","1.250"
"2013","76020","Alcalá","Norte","2043700","Lulo","Anual","240"
"2013","76054","Argelia","Norte","2043700","Lulo","Anual","25"
"2013","76250","El Dovio","Norte","2043700","Lulo","Anual","975"
"2013","76306","Ginebra","Sur","2043700","Lulo","Anual","63"
"2013","76243","El Aguila","Norte","2043700","Lulo","Anual","140"
"2013","76126","Calima Darién","Centro","2043700","Lulo","Anual","1.064"
"2013","76233","Dagua","Sur","2043700","Lulo","Anual","195"
"2013","76147","Cartago","Norte","2043700","Lulo","Anual","30"
"2013","76834","Tuluá","Centro","2043700","Lulo","Anual","360"
"2013","76863","Versalles","Norte","2043700","Lulo","Anual","1.100"
"2013","76892","Yumbo","Sur","2043700","Lulo","Anual","35"
"2012","76520","Palmira","Sur","2043700","Lulo","Anual","87"
"2012","76606","Restrepo","Centro","2043700","Lulo","Anual","915"
"2012","76364","Jamundí","Sur","2043700","Lulo","Anual","20"
"2012","76318","Guacarí","Centro","2043700","Lulo","Anual","90"
"2012","76377","La Cumbre","Sur","2043700","Lulo","Anual","192"
"2012","76834","Tuluá","Centro","2043700","Lulo","Anual","393"
"2012","76622","Roldanillo","Norte","2043700","Lulo","Anual","10"
"2012","76616","Riofrío","Centro","2043700","Lulo","Anual","621"
"2012","76736","Sevilla","Centro","2043700","Lulo","Anual","1.420"
"2012","76670","San Pedro","Centro","2043700","Lulo","Anual","78"
"2012","76100","Bolivar","Norte","2043700","Lulo","Anual","1.163"
"2012","76111","Buga","Centro","2043700","Lulo","Anual","60"
"2012","76020","Alcalá","Norte","2043700","Lulo","Anual","275"
"2012","76054","Argelia","Norte","2043700","Lulo","Anual","31"
"2012","76041","Ansermanuevo","Norte","2043700","Lulo","Anual","116"
"2012","76250","El Dovio","Norte","2043700","Lulo","Anual","500"
"2012","76246","El Cairo","Norte","2043700","Lulo","Anual","32"
"2012","76306","Ginebra","Sur","2043700","Lulo","Anual","76"
"2012","76275","Florida","Sur","2043700","Lulo","Anual","150"
"2012","76126","Calima Darién","Centro","2043700","Lulo","Anual","605"
"2012","76233","Dagua","Sur","2043700","Lulo","Anual","288"
"2012","76147","Cartago","Norte","2043700","Lulo","Anual","35"
"2012","76845","Ulloa","Norte","2043700","Lulo","Anual","0"
"2012","76863","Versalles","Norte","2043700","Lulo","Anual","536"
"2012","76892","Yumbo","Sur","2043700","Lulo","Anual","42"
"2012","76890","Yotoco","Centro","2043700","Lulo","Anual","207"
"2011","76520","Palmira","Sur","2043700","Lulo","Anual","87"
"2011","76606","Restrepo","Centro","2043700","Lulo","Anual","503"
"2011","76364","Jamundí","Sur","2043700","Lulo","Anual","0"
"2011","76318","Guacarí","Centro","2043700","Lulo","Anual","294"
"2011","76377","La Cumbre","Sur","2043700","Lulo","Anual","162"
"2011","76736","Sevilla","Centro","2043700","Lulo","Anual","510"
"2011","76834","Tuluá","Centro","2043700","Lulo","Anual","465"
"2011","76616","Riofrío","Centro","2043700","Lulo","Anual","621"
"2011","76670","San Pedro","Centro","2043700","Lulo","Anual","92"
"2011","76622","Roldanillo","Norte","2043700","Lulo","Anual","24"
"2011","76100","Bolivar","Norte","2043700","Lulo","Anual","853"
"2011","76111","Buga","Centro","2043700","Lulo","Anual","60"
"2011","76020","Alcalá","Norte","2043700","Lulo","Anual","0"
"2011","76001","Cali","Sur","2043700","Lulo","Anual","60"
"2011","76041","Ansermanuevo","Norte","2043700","Lulo","Anual","10"
"2011","76250","El Dovio","Norte","2043700","Lulo","Anual","540"
"2011","76246","El Cairo","Norte","2043700","Lulo","Anual","32"
"2011","76306","Ginebra","Sur","2043700","Lulo","Anual","29"
"2011","76275","Florida","Sur","2043700","Lulo","Anual","150"
"2011","76126","Calima Darién","Centro","2043700","Lulo","Anual","65"
"2011","76233","Dagua","Sur","2043700","Lulo","Anual","288"
"2011","76243","El Aguila","Norte","2043700","Lulo","Anual","42"
"2011","76147","Cartago","Norte","2043700","Lulo","Anual","6"
"2011","76890","Yotoco","Centro","2043700","Lulo","Anual","173"
"2011","76863","Versalles","Norte","2043700","Lulo","Anual","170"
"2011","76892","Yumbo","Sur","2043700","Lulo","Anual","43"
"2010","76563","Pradera","Sur","2043700","Lulo","Anual","21"
"2010","76520","Palmira","Sur","2043700","Lulo","Anual","87"
"2010","76318","Guacarí","Centro","2043700","Lulo","Anual","294"
"2010","76306","Ginebra","Sur","2043700","Lulo","Anual","159"
"2010","76377","La Cumbre","Sur","2043700","Lulo","Anual","240"
"2010","76364","Jamundí","Sur","2043700","Lulo","Anual","120"
"2010","76736","Sevilla","Centro","2043700","Lulo","Anual","648"
"2010","76834","Tuluá","Centro","2043700","Lulo","Anual","450"
"2010","76616","Riofrío","Centro","2043700","Lulo","Anual","621"
"2010","76606","Restrepo","Centro","2043700","Lulo","Anual","773"
"2010","76670","San Pedro","Centro","2043700","Lulo","Anual","80"
"2010","76622","Roldanillo","Norte","2043700","Lulo","Anual","56"
"2010","76100","Bolivar","Norte","2043700","Lulo","Anual","825"
"2010","76111","Buga","Centro","2043700","Lulo","Anual","112"
"2010","76001","Cali","Sur","2043700","Lulo","Anual","96"
"2010","76041","Ansermanuevo","Norte","2043700","Lulo","Anual","13"
"2010","76243","El Aguila","Norte","2043700","Lulo","Anual","84"
"2010","76275","Florida","Sur","2043700","Lulo","Anual","150"
"2010","76250","El Dovio","Norte","2043700","Lulo","Anual","760"
"2010","76126","Calima Darién","Centro","2043700","Lulo","Anual","905"
"2010","76233","Dagua","Sur","2043700","Lulo","Anual","288"
"2010","76890","Yotoco","Centro","2043700","Lulo","Anual","143"
"2010","76863","Versalles","Norte","2043700","Lulo","Anual","255"
"2010","76892","Yumbo","Sur","2043700","Lulo","Anual","43"
"2009","76520","Palmira","Sur","2043700","Lulo","Anual","87"
"2009","76606","Restrepo","Centro","2043700","Lulo","Anual","192"
"2009","76318","Guacarí","Centro","2043700","Lulo","Anual","392"
"2009","76377","La Cumbre","Sur","2043700","Lulo","Anual","216"
"2009","76828","Trujillo","Centro","2043700","Lulo","Anual","91"
"2009","76834","Tuluá","Centro","2043700","Lulo","Anual","210"
"2009","76622","Roldanillo","Norte","2043700","Lulo","Anual","56"
"2009","76616","Riofrío","Centro","2043700","Lulo","Anual","621"
"2009","76670","San Pedro","Centro","2043700","Lulo","Anual","60"
"2009","76736","Sevilla","Centro","2043700","Lulo","Anual","384"
"2009","76100","Bolivar","Norte","2043700","Lulo","Anual","575"
"2009","76111","Buga","Centro","2043700","Lulo","Anual","28"
"2009","76250","El Dovio","Norte","2043700","Lulo","Anual","600"
"2009","76306","Ginebra","Sur","2043700","Lulo","Anual","155"
"2009","76275","Florida","Sur","2043700","Lulo","Anual","98"
"2009","76243","El Aguila","Norte","2043700","Lulo","Anual","42"
"2009","76126","Calima Darién","Centro","2043700","Lulo","Anual","845"
"2009","76233","Dagua","Sur","2043700","Lulo","Anual","423"
"2009","76863","Versalles","Norte","2043700","Lulo","Anual","272"
"2009","76892","Yumbo","Sur","2043700","Lulo","Anual","43"
"2008","76520","Palmira","Sur","2043700","Lulo","Anual","23"
"2008","76318","Guacarí","Centro","2043700","Lulo","Anual","392"
"2008","76377","La Cumbre","Sur","2043700","Lulo","Anual","392"
"2008","76364","Jamundí","Sur","2043700","Lulo","Anual","76"
"2008","76736","Sevilla","Centro","2043700","Lulo","Anual","320"
"2008","76834","Tuluá","Centro","2043700","Lulo","Anual","880"
"2008","76606","Restrepo","Centro","2043700","Lulo","Anual","146"
"2008","76670","San Pedro","Centro","2043700","Lulo","Anual","64"
"2008","76616","Riofrío","Centro","2043700","Lulo","Anual","326"
"2008","76622","Roldanillo","Norte","2043700","Lulo","Anual","504"
"2008","76100","Bolivar","Norte","2043700","Lulo","Anual","500"
"2008","76111","Buga","Centro","2043700","Lulo","Anual","57"
"2008","76054","Argelia","Norte","2043700","Lulo","Anual","49"
"2008","76041","Ansermanuevo","Norte","2043700","Lulo","Anual","0"
"2008","76250","El Dovio","Norte","2043700","Lulo","Anual","420"
"2008","76306","Ginebra","Sur","2043700","Lulo","Anual","155"
"2008","76275","Florida","Sur","2043700","Lulo","Anual","98"
"2008","76243","El Aguila","Norte","2043700","Lulo","Anual","42"
"2008","76126","Calima Darién","Centro","2043700","Lulo","Anual","770"
"2008","76233","Dagua","Sur","2043700","Lulo","Anual","765"
"2008","76863","Versalles","Norte","2043700","Lulo","Anual","478"
"2008","76892","Yumbo","Sur","2043700","Lulo","Anual","7"
"2008","76890","Yotoco","Centro","2043700","Lulo","Anual","17"
"2007","76520","Palmira","Sur","2043700","Lulo","Anual","23"
"2007","76364","Jamundí","Sur","2043700","Lulo","Anual","53"
"2007","76318","Guacarí","Centro","2043700","Lulo","Anual","392"
"2007","76377","La Cumbre","Sur","2043700","Lulo","Anual","150"
"2007","76823","Toro","Norte","2043700","Lulo","Anual","48"
"2007","76736","Sevilla","Centro","2043700","Lulo","Anual","640"
"2007","76828","Trujillo","Centro","2043700","Lulo","Anual","132"
"2007","76834","Tuluá","Centro","2043700","Lulo","Anual","761"
"2007","76616","Riofrío","Centro","2043700","Lulo","Anual","516"
"2007","76606","Restrepo","Centro","2043700","Lulo","Anual","245"
"2007","76670","San Pedro","Centro","2043700","Lulo","Anual","48"
"2007","76622","Roldanillo","Norte","2043700","Lulo","Anual","336"
"2007","76100","Bolivar","Norte","2043700","Lulo","Anual","475"
"2007","76111","Buga","Centro","2043700","Lulo","Anual","180"
"2007","76054","Argelia","Norte","2043700","Lulo","Anual","105"
"2007","76250","El Dovio","Norte","2043700","Lulo","Anual","480"
"2007","76306","Ginebra","Sur","2043700","Lulo","Anual","155"
"2007","76275","Florida","Sur","2043700","Lulo","Anual","98"
"2007","76126","Calima Darién","Centro","2043700","Lulo","Anual","765"
"2007","76243","El Aguila","Norte","2043700","Lulo","Anual","84"
"2007","76233","Dagua","Sur","2043700","Lulo","Anual","1.134"
"2007","76869","Vijes","Sur","2043700","Lulo","Anual","40"
"2007","76863","Versalles","Norte","2043700","Lulo","Anual","620"
"2007","76892","Yumbo","Sur","2043700","Lulo","Anual","6"
"2006","76520","Palmira","Sur","2043700","Lulo","Anual","40"
"2006","76318","Guacarí","Centro","2043700","Lulo","Anual","350"
"2006","76377","La Cumbre","Sur","2043700","Lulo","Anual","181"
"2006","76364","Jamundí","Sur","2043700","Lulo","Anual","125"
"2006","76828","Trujillo","Centro","2043700","Lulo","Anual","180"
"2006","76834","Tuluá","Centro","2043700","Lulo","Anual","306"
"2006","76616","Riofrío","Centro","2043700","Lulo","Anual","516"
"2006","76622","Roldanillo","Norte","2043700","Lulo","Anual","336"
"2006","76606","Restrepo","Centro","2043700","Lulo","Anual","238"
"2006","76736","Sevilla","Centro","2043700","Lulo","Anual","560"
"2006","76670","San Pedro","Centro","2043700","Lulo","Anual","42"
"2006","76100","Bolivar","Norte","2043700","Lulo","Anual","550"
"2006","76111","Buga","Centro","2043700","Lulo","Anual","245"
"2006","76054","Argelia","Norte","2043700","Lulo","Anual","105"
"2006","76250","El Dovio","Norte","2043700","Lulo","Anual","600"
"2006","76243","El Aguila","Norte","2043700","Lulo","Anual","84"
"2006","76306","Ginebra","Sur","2043700","Lulo","Anual","155"
"2006","76275","Florida","Sur","2043700","Lulo","Anual","189"
"2006","76113","Bugalagrande","Centro","2043700","Lulo","Anual","168"
"2006","76126","Calima Darién","Centro","2043700","Lulo","Anual","350"
"2006","76233","Dagua","Sur","2043700","Lulo","Anual","1.410"
"2006","76890","Yotoco","Centro","2043700","Lulo","Anual","18"
"2006","76863","Versalles","Norte","2043700","Lulo","Anual","775"
"2006","76869","Vijes","Sur","2043700","Lulo","Anual","60"
"2005","76520","Palmira","Sur","2043700","Lulo","Anual","38"
"2005","76364","Jamundí","Sur","2043700","Lulo","Anual","90"
"2005","76318","Guacarí","Centro","2043700","Lulo","Anual","114"
"2005","76400","La Unión","Norte","2043700","Lulo","Anual","68"
"2005","76377","La Cumbre","Sur","2043700","Lulo","Anual","176"
"2005","76736","Sevilla","Centro","2043700","Lulo","Anual","184"
"2005","76834","Tuluá","Centro","2043700","Lulo","Anual","128"
"2005","76828","Trujillo","Centro","2043700","Lulo","Anual","144"
"2005","76616","Riofrío","Centro","2043700","Lulo","Anual","624"
"2005","76606","Restrepo","Centro","2043700","Lulo","Anual","231"
"2005","76670","San Pedro","Centro","2043700","Lulo","Anual","36"
"2005","76622","Roldanillo","Norte","2043700","Lulo","Anual","120"
"2005","76113","Bugalagrande","Centro","2043700","Lulo","Anual","168"
"2005","76111","Buga","Centro","2043700","Lulo","Anual","235"
"2005","76054","Argelia","Norte","2043700","Lulo","Anual","132"
"2005","76100","Bolivar","Norte","2043700","Lulo","Anual","425"
"2005","76250","El Dovio","Norte","2043700","Lulo","Anual","280"
"2005","76246","El Cairo","Norte","2043700","Lulo","Anual","49"
"2005","76306","Ginebra","Sur","2043700","Lulo","Anual","155"
"2005","76275","Florida","Sur","2043700","Lulo","Anual","189"
"2005","76243","El Aguila","Norte","2043700","Lulo","Anual","84"
"2005","76126","Calima Darién","Centro","2043700","Lulo","Anual","300"
"2005","76233","Dagua","Sur","2043700","Lulo","Anual","1.350"
"2005","76863","Versalles","Norte","2043700","Lulo","Anual","422"
"2005","76890","Yotoco","Centro","2043700","Lulo","Anual","21"
"2005","76869","Vijes","Sur","2043700","Lulo","Anual","95"
"2004","76563","Pradera","Sur","2043700","Lulo","Anual","53"
"2004","76520","Palmira","Sur","2043700","Lulo","Anual","60"
"2004","76364","Jamundí","Sur","2043700","Lulo","Anual","56"
"2004","76318","Guacarí","Centro","2043700","Lulo","Anual","141"
"2004","76400","La Unión","Norte","2043700","Lulo","Anual","26"
"2004","76377","La Cumbre","Sur","2043700","Lulo","Anual","74"
"2004","76606","Restrepo","Centro","2043700","Lulo","Anual","107"
"2004","76823","Toro","Norte","2043700","Lulo","Anual","67"
"2004","76736","Sevilla","Centro","2043700","Lulo","Anual","440"
"2004","76834","Tuluá","Centro","2043700","Lulo","Anual","91"
"2004","76828","Trujillo","Centro","2043700","Lulo","Anual","720"
"2004","76616","Riofrío","Centro","2043700","Lulo","Anual","550"
"2004","76670","San Pedro","Centro","2043700","Lulo","Anual","36"
"2004","76622","Roldanillo","Norte","2043700","Lulo","Anual","114"
"2004","76100","Bolivar","Norte","2043700","Lulo","Anual","150"
"2004","76113","Bugalagrande","Centro","2043700","Lulo","Anual","72"
"2004","76111","Buga","Centro","2043700","Lulo","Anual","175"
"2004","76054","Argelia","Norte","2043700","Lulo","Anual","102"
"2004","76250","El Dovio","Norte","2043700","Lulo","Anual","490"
"2004","76246","El Cairo","Norte","2043700","Lulo","Anual","57"
"2004","76306","Ginebra","Sur","2043700","Lulo","Anual","105"
"2004","76275","Florida","Sur","2043700","Lulo","Anual","189"
"2004","76233","Dagua","Sur","2043700","Lulo","Anual","565"
"2004","76126","Calima Darién","Centro","2043700","Lulo","Anual","250"
"2004","76869","Vijes","Sur","2043700","Lulo","Anual","173"
"2004","76845","Ulloa","Norte","2043700","Lulo","Anual","78"
"2004","76863","Versalles","Norte","2043700","Lulo","Anual","366"
"2004","76892","Yumbo","Sur","2043700","Lulo","Anual","68"
"2003","76563","Pradera","Sur","2043700","Lulo","Anual","53"
"2003","76520","Palmira","Sur","2043700","Lulo","Anual","24"
"2003","76364","Jamundí","Sur","2043700","Lulo","Anual","56"
"2003","76318","Guacarí","Centro","2043700","Lulo","Anual","61"
"2003","76400","La Unión","Norte","2043700","Lulo","Anual","31"
"2003","76377","La Cumbre","Sur","2043700","Lulo","Anual","74"
"2003","76823","Toro","Norte","2043700","Lulo","Anual","106"
"2003","76736","Sevilla","Centro","2043700","Lulo","Anual","220"
"2003","76834","Tuluá","Centro","2043700","Lulo","Anual","258"
"2003","76828","Trujillo","Centro","2043700","Lulo","Anual","672"
"2003","76616","Riofrío","Centro","2043700","Lulo","Anual","550"
"2003","76606","Restrepo","Centro","2043700","Lulo","Anual","273"
"2003","76670","San Pedro","Centro","2043700","Lulo","Anual","44"
"2003","76622","Roldanillo","Norte","2043700","Lulo","Anual","38"
"2003","76113","Bugalagrande","Centro","2043700","Lulo","Anual","138"
"2003","76111","Buga","Centro","2043700","Lulo","Anual","175"
"2003","76100","Bolivar","Norte","2043700","Lulo","Anual","450"
"2003","76020","Alcalá","Norte","2043700","Lulo","Anual","74"
"2003","76054","Argelia","Norte","2043700","Lulo","Anual","364"
"2003","76250","El Dovio","Norte","2043700","Lulo","Anual","553"
"2003","76246","El Cairo","Norte","2043700","Lulo","Anual","68"
"2003","76306","Ginebra","Sur","2043700","Lulo","Anual","105"
"2003","76275","Florida","Sur","2043700","Lulo","Anual","189"
"2003","76233","Dagua","Sur","2043700","Lulo","Anual","791"
"2003","76243","El Aguila","Norte","2043700","Lulo","Anual","84"
"2003","76126","Calima Darién","Centro","2043700","Lulo","Anual","190"
"2003","76869","Vijes","Sur","2043700","Lulo","Anual","173"
"2003","76863","Versalles","Norte","2043700","Lulo","Anual","604"
"2003","76845","Ulloa","Norte","2043700","Lulo","Anual","78"
"2003","76892","Yumbo","Sur","2043700","Lulo","Anual","66"
"2003","76890","Yotoco","Centro","2043700","Lulo","Anual","34"
"2002","76563","Pradera","Sur","2043700","Lulo","Anual","53"
"2002","76520","Palmira","Sur","2043700","Lulo","Anual","24"
"2002","76400","La Unión","Norte","2043700","Lulo","Anual","30"
"2002","76318","Guacarí","Centro","2043700","Lulo","Anual","61"
"2002","76364","Jamundí","Sur","2043700","Lulo","Anual","48"
"2002","76377","La Cumbre","Sur","2043700","Lulo","Anual","74"
"2002","76823","Toro","Norte","2043700","Lulo","Anual","160"
"2002","76736","Sevilla","Centro","2043700","Lulo","Anual","270"
"2002","76834","Tuluá","Centro","2043700","Lulo","Anual","268"
"2002","76828","Trujillo","Centro","2043700","Lulo","Anual","480"
"2002","76616","Riofrío","Centro","2043700","Lulo","Anual","552"
"2002","76606","Restrepo","Centro","2043700","Lulo","Anual","287"
"2002","76670","San Pedro","Centro","2043700","Lulo","Anual","44"
"2002","76622","Roldanillo","Norte","2043700","Lulo","Anual","38"
"2002","76113","Bugalagrande","Centro","2043700","Lulo","Anual","138"
"2002","76111","Buga","Centro","2043700","Lulo","Anual","175"
"2002","76100","Bolivar","Norte","2043700","Lulo","Anual","450"
"2002","76020","Alcalá","Norte","2043700","Lulo","Anual","77"
"2002","76054","Argelia","Norte","2043700","Lulo","Anual","404"
"2002","76250","El Dovio","Norte","2043700","Lulo","Anual","360"
"2002","76246","El Cairo","Norte","2043700","Lulo","Anual","68"
"2002","76306","Ginebra","Sur","2043700","Lulo","Anual","70"
"2002","76275","Florida","Sur","2043700","Lulo","Anual","194"
"2002","76233","Dagua","Sur","2043700","Lulo","Anual","818"
"2002","76243","El Aguila","Norte","2043700","Lulo","Anual","84"
"2002","76126","Calima Darién","Centro","2043700","Lulo","Anual","200"
"2002","76869","Vijes","Sur","2043700","Lulo","Anual","184"
"2002","76845","Ulloa","Norte","2043700","Lulo","Anual","90"
"2002","76863","Versalles","Norte","2043700","Lulo","Anual","696"
"2002","76892","Yumbo","Sur","2043700","Lulo","Anual","48"
"2002","76890","Yotoco","Centro","2043700","Lulo","Anual","34"
"2001","76563","Pradera","Sur","2043700","Lulo","Anual","53"
"2001","76606","Restrepo","Centro","2043700","Lulo","Anual","217"
"2001","76364","Jamundí","Sur","2043700","Lulo","Anual","48"
"2001","76318","Guacarí","Centro","2043700","Lulo","Anual","21"
"2001","76400","La Unión","Norte","2043700","Lulo","Anual","32"
"2001","76377","La Cumbre","Sur","2043700","Lulo","Anual","44"
"2001","76828","Trujillo","Centro","2043700","Lulo","Anual","480"
"2001","76823","Toro","Norte","2043700","Lulo","Anual","125"
"2001","76834","Tuluá","Centro","2043700","Lulo","Anual","143"
"2001","76622","Roldanillo","Norte","2043700","Lulo","Anual","16"
"2001","76616","Riofrío","Centro","2043700","Lulo","Anual","180"
"2001","76670","San Pedro","Centro","2043700","Lulo","Anual","32"
"2001","76113","Bugalagrande","Centro","2043700","Lulo","Anual","120"
"2001","76111","Buga","Centro","2043700","Lulo","Anual","100"
"2001","76100","Bolivar","Norte","2043700","Lulo","Anual","310"
"2001","76054","Argelia","Norte","2043700","Lulo","Anual","176"
"2001","76250","El Dovio","Norte","2043700","Lulo","Anual","540"
"2001","76246","El Cairo","Norte","2043700","Lulo","Anual","29"
"2001","76306","Ginebra","Sur","2043700","Lulo","Anual","90"
"2001","76275","Florida","Sur","2043700","Lulo","Anual","151"
"2001","76233","Dagua","Sur","2043700","Lulo","Anual","436"
"2001","76126","Calima Darién","Centro","2043700","Lulo","Anual","53"
"2001","76869","Vijes","Sur","2043700","Lulo","Anual","184"
"2001","76863","Versalles","Norte","2043700","Lulo","Anual","270"
"2001","76892","Yumbo","Sur","2043700","Lulo","Anual","48"
"2000","76563","Pradera","Sur","2043700","Lulo","Anual","52,5"
"2000","76606","Restrepo","Centro","2043700","Lulo","Anual","178,5"
"2000","76364","Jamundí","Sur","2043700","Lulo","Anual","55"
"2000","76318","Guacarí","Centro","2043700","Lulo","Anual","28,8"
"2000","76377","La Cumbre","Sur","2043700","Lulo","Anual","66"
"2000","76823","Toro","Norte","2043700","Lulo","Anual","100"
"2000","76828","Trujillo","Centro","2043700","Lulo","Anual","210"
"2000","76834","Tuluá","Centro","2043700","Lulo","Anual","148,8"
"2000","76616","Riofrío","Centro","2043700","Lulo","Anual","140"
"2000","76622","Roldanillo","Norte","2043700","Lulo","Anual","37,5"
"2000","76670","San Pedro","Centro","2043700","Lulo","Anual","32"
"2000","76113","Bugalagrande","Centro","2043700","Lulo","Anual","117"
"2000","76111","Buga","Centro","2043700","Lulo","Anual","64"
"2000","76001","Cali","Sur","2043700","Lulo","Anual","54"
"2000","76100","Bolivar","Norte","2043700","Lulo","Anual","350"
"2000","76054","Argelia","Norte","2043700","Lulo","Anual","18"
"2000","76250","El Dovio","Norte","2043700","Lulo","Anual","490"
"2000","76306","Ginebra","Sur","2043700","Lulo","Anual","111"
"2000","76275","Florida","Sur","2043700","Lulo","Anual","142,5"
"2000","76233","Dagua","Sur","2043700","Lulo","Anual","576"
"2000","76126","Calima Darién","Centro","2043700","Lulo","Anual","80"
"2000","76863","Versalles","Norte","2043700","Lulo","Anual","546"
"2000","76892","Yumbo","Sur","2043700","Lulo","Anual","36"
"2022","76403","La Victoria","Norte","2043000","Guayaba","Anual","810"
"2022","76400","La Unión","Norte","2043000","Guayaba","Anual","3.060"
"2022","76497","Obando","Norte","2043000","Guayaba","Anual","180"
"2022","76520","Palmira","Sur","2043000","Guayaba","Anual","276"
"2022","76318","Guacarí","Centro","2043000","Guayaba","Anual","8"
"2022","76364","Jamundí","Sur","2043000","Guayaba","Anual","145"
"2022","76736","Sevilla","Centro","2043000","Guayaba","Anual","105"
"2022","76823","Toro","Norte","2043000","Guayaba","Anual","2.664"
"2022","76622","Roldanillo","Norte","2043000","Guayaba","Anual","6.515,7"
"2022","76616","Riofrío","Centro","2043000","Guayaba","Anual","7"
"2022","76113","Bugalagrande","Centro","2043000","Guayaba","Anual","828"
"2022","76111","Buga","Centro","2043000","Guayaba","Anual","30"
"2022","76100","Bolivar","Norte","2043000","Guayaba","Anual","200"
"2022","76109","Buenaventura","Pacifico","2043000","Guayaba","Anual","24"
"2022","76001","Cali","Sur","2043000","Guayaba","Anual","72"
"2022","76020","Alcalá","Norte","2043000","Guayaba","Anual","336"
"2022","76246","El Cairo","Norte","2043000","Guayaba","Anual","67,5"
"2022","76275","Florida","Sur","2043000","Guayaba","Anual","112,49"
"2022","76130","Candelaria","Sur","2043000","Guayaba","Anual","210"
"2022","76233","Dagua","Sur","2043000","Guayaba","Anual","306"
"2022","76892","Yumbo","Sur","2043000","Guayaba","Anual","30,5"
"2022","76890","Yotoco","Centro","2043000","Guayaba","Anual","255"
"2022","76828","Trujillo","Centro","2043000","Guayaba","Anual","56"
"2021","76403","La Victoria","Norte","2043000","Guayaba","Anual","270"
"2021","76400","La Unión","Norte","2043000","Guayaba","Anual","3.060"
"2021","76520","Palmira","Sur","2043000","Guayaba","Anual","276"
"2021","76497","Obando","Norte","2043000","Guayaba","Anual","200"
"2021","76318","Guacarí","Centro","2043000","Guayaba","Anual","0"
"2021","76364","Jamundí","Sur","2043000","Guayaba","Anual","140"
"2021","76823","Toro","Norte","2043000","Guayaba","Anual","2.664"
"2021","76606","Restrepo","Centro","2043000","Guayaba","Anual","104"
"2021","76622","Roldanillo","Norte","2043000","Guayaba","Anual","3.683,8"
"2021","76616","Riofrío","Centro","2043000","Guayaba","Anual","60,2"
"2021","76100","Bolivar","Norte","2043000","Guayaba","Anual","200"
"2021","76113","Bugalagrande","Centro","2043000","Guayaba","Anual","516"
"2021","76109","Buenaventura","Pacifico","2043000","Guayaba","Anual","221"
"2021","76111","Buga","Centro","2043000","Guayaba","Anual","35"
"2021","76020","Alcalá","Norte","2043000","Guayaba","Anual","431,34"
"2021","76001","Cali","Sur","2043000","Guayaba","Anual","108"
"2021","76246","El Cairo","Norte","2043000","Guayaba","Anual","67,5"
"2021","76275","Florida","Sur","2043000","Guayaba","Anual","84"
"2021","76130","Candelaria","Sur","2043000","Guayaba","Anual","210"
"2021","76233","Dagua","Sur","2043000","Guayaba","Anual","136"
"2021","76892","Yumbo","Sur","2043000","Guayaba","Anual","26,5"
"2021","76890","Yotoco","Centro","2043000","Guayaba","Anual","255"
"2021","76895","Zarzal","Norte","2043000","Guayaba","Anual","65"
"2021","76863","Versalles","Norte","2043000","Guayaba","Anual","48"
"2020","76520","Palmira","Sur","2043000","Guayaba","Anual","125,4"
"2020","76497","Obando","Norte","2043000","Guayaba","Anual","288"
"2020","76606","Restrepo","Centro","2043000","Guayaba","Anual","96"
"2020","76364","Jamundí","Sur","2043000","Guayaba","Anual","110"
"2020","76403","La Victoria","Norte","2043000","Guayaba","Anual","270"
"2020","76400","La Unión","Norte","2043000","Guayaba","Anual","2.654"
"2020","76823","Toro","Norte","2043000","Guayaba","Anual","2.664"
"2020","76622","Roldanillo","Norte","2043000","Guayaba","Anual","1.933,93"
"2020","76616","Riofrío","Centro","2043000","Guayaba","Anual","49"
"2020","76736","Sevilla","Centro","2043000","Guayaba","Anual","13"
"2020","76109","Buenaventura","Pacifico","2043000","Guayaba","Anual","208"
"2020","76100","Bolivar","Norte","2043000","Guayaba","Anual","1.200"
"2020","76113","Bugalagrande","Centro","2043000","Guayaba","Anual","108"
"2020","76111","Buga","Centro","2043000","Guayaba","Anual","8"
"2020","76020","Alcalá","Norte","2043000","Guayaba","Anual","720"
"2020","76001","Cali","Sur","2043000","Guayaba","Anual","108"
"2020","76246","El Cairo","Norte","2043000","Guayaba","Anual","81"
"2020","76275","Florida","Sur","2043000","Guayaba","Anual","140"
"2020","76130","Candelaria","Sur","2043000","Guayaba","Anual","210"
"2020","76233","Dagua","Sur","2043000","Guayaba","Anual","136"
"2020","76895","Zarzal","Norte","2043000","Guayaba","Anual","65"
"2020","76863","Versalles","Norte","2043000","Guayaba","Anual","0"
"2020","76892","Yumbo","Sur","2043000","Guayaba","Anual","23,2"
"2020","76890","Yotoco","Centro","2043000","Guayaba","Anual","255"
"2019","76497","Obando","Norte","2043000","Guayaba","Anual","78"
"2019","76520","Palmira","Sur","2043000","Guayaba","Anual","125,4"
"2019","76616","Riofrío","Centro","2043000","Guayaba","Anual","49"
"2019","76606","Restrepo","Centro","2043000","Guayaba","Anual","96"
"2019","76364","Jamundí","Sur","2043000","Guayaba","Anual","85,5"
"2019","76403","La Victoria","Norte","2043000","Guayaba","Anual","270"
"2019","76400","La Unión","Norte","2043000","Guayaba","Anual","2.570"
"2019","76622","Roldanillo","Norte","2043000","Guayaba","Anual","2.172"
"2019","76823","Toro","Norte","2043000","Guayaba","Anual","1.776"
"2019","76109","Buenaventura","Pacifico","2043000","Guayaba","Anual","312"
"2019","76100","Bolivar","Norte","2043000","Guayaba","Anual","1.200"
"2019","76113","Bugalagrande","Centro","2043000","Guayaba","Anual","108"
"2019","76111","Buga","Centro","2043000","Guayaba","Anual","4"
"2019","76020","Alcalá","Norte","2043000","Guayaba","Anual","160"
"2019","76001","Cali","Sur","2043000","Guayaba","Anual","108"
"2019","76275","Florida","Sur","2043000","Guayaba","Anual","140"
"2019","76130","Candelaria","Sur","2043000","Guayaba","Anual","210"
"2019","76246","El Cairo","Norte","2043000","Guayaba","Anual","81"
"2019","76233","Dagua","Sur","2043000","Guayaba","Anual","120"
"2019","76892","Yumbo","Sur","2043000","Guayaba","Anual","24,2"
"2019","76890","Yotoco","Centro","2043000","Guayaba","Anual","262,5"
"2019","76895","Zarzal","Norte","2043000","Guayaba","Anual","77"
"2018","76520","Palmira","Sur","2043000","Guayaba","Anual","125,4"
"2018","76616","Riofrío","Centro","2043000","Guayaba","Anual","49"
"2018","76606","Restrepo","Centro","2043000","Guayaba","Anual","88"
"2018","76400","La Unión","Norte","2043000","Guayaba","Anual","2.653,6"
"2018","76403","La Victoria","Norte","2043000","Guayaba","Anual","270"
"2018","76497","Obando","Norte","2043000","Guayaba","Anual","31,5"
"2018","76622","Roldanillo","Norte","2043000","Guayaba","Anual","2.352"
"2018","76823","Toro","Norte","2043000","Guayaba","Anual","1.776"
"2018","76109","Buenaventura","Pacifico","2043000","Guayaba","Anual","104"
"2018","76113","Bugalagrande","Centro","2043000","Guayaba","Anual","108"
"2018","76001","Cali","Sur","2043000","Guayaba","Anual","108"
"2018","76020","Alcalá","Norte","2043000","Guayaba","Anual","112"
"2018","76100","Bolivar","Norte","2043000","Guayaba","Anual","1.400"
"2018","76275","Florida","Sur","2043000","Guayaba","Anual","156"
"2018","76233","Dagua","Sur","2043000","Guayaba","Anual","56"
"2018","76130","Candelaria","Sur","2043000","Guayaba","Anual","210"
"2018","76246","El Cairo","Norte","2043000","Guayaba","Anual","0,18"
"2018","76892","Yumbo","Sur","2043000","Guayaba","Anual","18,7"
"2018","76890","Yotoco","Centro","2043000","Guayaba","Anual","262,5"
"2018","76895","Zarzal","Norte","2043000","Guayaba","Anual","65"
"2017","76616","Riofrío","Centro","2043000","Guayaba","Anual","42"
"2017","76400","La Unión","Norte","2043000","Guayaba","Anual","2.653,6"
"2017","76364","Jamundí","Sur","2043000","Guayaba","Anual","48"
"2017","76403","La Victoria","Norte","2043000","Guayaba","Anual","250"
"2017","76622","Roldanillo","Norte","2043000","Guayaba","Anual","2.364"
"2017","76823","Toro","Norte","2043000","Guayaba","Anual","1.548"
"2017","76109","Buenaventura","Pacifico","2043000","Guayaba","Anual","104"
"2017","76113","Bugalagrande","Centro","2043000","Guayaba","Anual","108"
"2017","76001","Cali","Sur","2043000","Guayaba","Anual","96"
"2017","76100","Bolivar","Norte","2043000","Guayaba","Anual","1.700"
"2017","76041","Ansermanuevo","Norte","2043000","Guayaba","Anual","3"
"2017","76275","Florida","Sur","2043000","Guayaba","Anual","130"
"2017","76130","Candelaria","Sur","2043000","Guayaba","Anual","225"
"2017","76892","Yumbo","Sur","2043000","Guayaba","Anual","38,5"
"2017","76890","Yotoco","Centro","2043000","Guayaba","Anual","238,5"
"2017","76895","Zarzal","Norte","2043000","Guayaba","Anual","65"
"2016","76606","Restrepo","Centro","2043000","Guayaba","Anual","88"
"2016","76403","La Victoria","Norte","2043000","Guayaba","Anual","240"
"2016","76400","La Unión","Norte","2043000","Guayaba","Anual","2.631"
"2016","76823","Toro","Norte","2043000","Guayaba","Anual","1.584"
"2016","76622","Roldanillo","Norte","2043000","Guayaba","Anual","2.316"
"2016","76616","Riofrío","Centro","2043000","Guayaba","Anual","42"
"2016","76100","Bolivar","Norte","2043000","Guayaba","Anual","1.900"
"2016","76113","Bugalagrande","Centro","2043000","Guayaba","Anual","108"
"2016","76001","Cali","Sur","2043000","Guayaba","Anual","88"
"2016","76041","Ansermanuevo","Norte","2043000","Guayaba","Anual","2"
"2016","76275","Florida","Sur","2043000","Guayaba","Anual","90"
"2016","76130","Candelaria","Sur","2043000","Guayaba","Anual","195"
"2016","76890","Yotoco","Centro","2043000","Guayaba","Anual","209"
"2016","76895","Zarzal","Norte","2043000","Guayaba","Anual","56"
"2016","76892","Yumbo","Sur","2043000","Guayaba","Anual","53"
"2015","76606","Restrepo","Centro","2043000","Guayaba","Anual","144"
"2015","76400","La Unión","Norte","2043000","Guayaba","Anual","2.969"
"2015","76364","Jamundí","Sur","2043000","Guayaba","Anual","160"
"2015","76403","La Victoria","Norte","2043000","Guayaba","Anual","240"
"2015","76828","Trujillo","Centro","2043000","Guayaba","Anual","72"
"2015","76622","Roldanillo","Norte","2043000","Guayaba","Anual","2.316"
"2015","76823","Toro","Norte","2043000","Guayaba","Anual","1.554"
"2015","76100","Bolivar","Norte","2043000","Guayaba","Anual","2.200"
"2015","76113","Bugalagrande","Centro","2043000","Guayaba","Anual","108"
"2015","76001","Cali","Sur","2043000","Guayaba","Anual","72"
"2015","76041","Ansermanuevo","Norte","2043000","Guayaba","Anual","4"
"2015","76275","Florida","Sur","2043000","Guayaba","Anual","56"
"2015","76130","Candelaria","Sur","2043000","Guayaba","Anual","169"
"2015","76892","Yumbo","Sur","2043000","Guayaba","Anual","57"
"2015","76890","Yotoco","Centro","2043000","Guayaba","Anual","376"
"2015","76895","Zarzal","Norte","2043000","Guayaba","Anual","31"
"2014","76606","Restrepo","Centro","2043000","Guayaba","Anual","144"
"2014","76364","Jamundí","Sur","2043000","Guayaba","Anual","154"
"2014","76403","La Victoria","Norte","2043000","Guayaba","Anual","396"
"2014","76400","La Unión","Norte","2043000","Guayaba","Anual","3.353"
"2014","76823","Toro","Norte","2043000","Guayaba","Anual","1.314"
"2014","76622","Roldanillo","Norte","2043000","Guayaba","Anual","2.232"
"2014","76109","Buenaventura","Pacifico","2043000","Guayaba","Anual","181"
"2014","76100","Bolivar","Norte","2043000","Guayaba","Anual","2.200"
"2014","76113","Bugalagrande","Centro","2043000","Guayaba","Anual","108"
"2014","76001","Cali","Sur","2043000","Guayaba","Anual","112"
"2014","76041","Ansermanuevo","Norte","2043000","Guayaba","Anual","4"
"2014","76275","Florida","Sur","2043000","Guayaba","Anual","90"
"2014","76130","Candelaria","Sur","2043000","Guayaba","Anual","125"
"2014","76892","Yumbo","Sur","2043000","Guayaba","Anual","146"
"2014","76890","Yotoco","Centro","2043000","Guayaba","Anual","406"
"2014","76895","Zarzal","Norte","2043000","Guayaba","Anual","31"
"2013","76520","Palmira","Sur","2043000","Guayaba","Anual","99"
"2013","76403","La Victoria","Norte","2043000","Guayaba","Anual","108"
"2013","76606","Restrepo","Centro","2043000","Guayaba","Anual","144"
"2013","76364","Jamundí","Sur","2043000","Guayaba","Anual","133"
"2013","76400","La Unión","Norte","2043000","Guayaba","Anual","401"
"2013","76823","Toro","Norte","2043000","Guayaba","Anual","1.296"
"2013","76622","Roldanillo","Norte","2043000","Guayaba","Anual","2.076"
"2013","76109","Buenaventura","Pacifico","2043000","Guayaba","Anual","181"
"2013","76100","Bolivar","Norte","2043000","Guayaba","Anual","2.400"
"2013","76113","Bugalagrande","Centro","2043000","Guayaba","Anual","108"
"2013","76041","Ansermanuevo","Norte","2043000","Guayaba","Anual","4"
"2013","76275","Florida","Sur","2043000","Guayaba","Anual","90"
"2013","76130","Candelaria","Sur","2043000","Guayaba","Anual","418"
"2013","76895","Zarzal","Norte","2043000","Guayaba","Anual","297"
"2013","76892","Yumbo","Sur","2043000","Guayaba","Anual","145"
"2013","76890","Yotoco","Centro","2043000","Guayaba","Anual","360"
"2012","76520","Palmira","Sur","2043000","Guayaba","Anual","72"
"2012","76606","Restrepo","Centro","2043000","Guayaba","Anual","176"
"2012","76563","Pradera","Sur","2043000","Guayaba","Anual","140"
"2012","76364","Jamundí","Sur","2043000","Guayaba","Anual","140"
"2012","76318","Guacarí","Centro","2043000","Guayaba","Anual","405"
"2012","76403","La Victoria","Norte","2043000","Guayaba","Anual","60"
"2012","76400","La Unión","Norte","2043000","Guayaba","Anual","3.972"
"2012","76823","Toro","Norte","2043000","Guayaba","Anual","1.356"
"2012","76834","Tuluá","Centro","2043000","Guayaba","Anual","120"
"2012","76622","Roldanillo","Norte","2043000","Guayaba","Anual","1.776"
"2012","76616","Riofrío","Centro","2043000","Guayaba","Anual","106"
"2012","76109","Buenaventura","Pacifico","2043000","Guayaba","Anual","170"
"2012","76100","Bolivar","Norte","2043000","Guayaba","Anual","2.475"
"2012","76113","Bugalagrande","Centro","2043000","Guayaba","Anual","108"
"2012","76111","Buga","Centro","2043000","Guayaba","Anual","330"
"2012","76001","Cali","Sur","2043000","Guayaba","Anual","135"
"2012","76041","Ansermanuevo","Norte","2043000","Guayaba","Anual","4"
"2012","76275","Florida","Sur","2043000","Guayaba","Anual","90"
"2012","76122","Caicedonia","Centro","2043000","Guayaba","Anual","120"
"2012","76130","Candelaria","Sur","2043000","Guayaba","Anual","418"
"2012","76895","Zarzal","Norte","2043000","Guayaba","Anual","61"
"2012","76892","Yumbo","Sur","2043000","Guayaba","Anual","91"
"2012","76890","Yotoco","Centro","2043000","Guayaba","Anual","414"
"2011","76520","Palmira","Sur","2043000","Guayaba","Anual","69"
"2011","76606","Restrepo","Centro","2043000","Guayaba","Anual","168"
"2011","76563","Pradera","Sur","2043000","Guayaba","Anual","140"
"2011","76364","Jamundí","Sur","2043000","Guayaba","Anual","104"
"2011","76318","Guacarí","Centro","2043000","Guayaba","Anual","405"
"2011","76400","La Unión","Norte","2043000","Guayaba","Anual","4.692"
"2011","76403","La Victoria","Norte","2043000","Guayaba","Anual","60"
"2011","76823","Toro","Norte","2043000","Guayaba","Anual","1.044"
"2011","76834","Tuluá","Centro","2043000","Guayaba","Anual","120"
"2011","76616","Riofrío","Centro","2043000","Guayaba","Anual","106"
"2011","76622","Roldanillo","Norte","2043000","Guayaba","Anual","1.792"
"2011","76109","Buenaventura","Pacifico","2043000","Guayaba","Anual","143"
"2011","76100","Bolivar","Norte","2043000","Guayaba","Anual","2.435"
"2011","76113","Bugalagrande","Centro","2043000","Guayaba","Anual","108"
"2011","76111","Buga","Centro","2043000","Guayaba","Anual","330"
"2011","76001","Cali","Sur","2043000","Guayaba","Anual","221"
"2011","76275","Florida","Sur","2043000","Guayaba","Anual","90"
"2011","76130","Candelaria","Sur","2043000","Guayaba","Anual","416"
"2011","76122","Caicedonia","Centro","2043000","Guayaba","Anual","64"
"2011","76147","Cartago","Norte","2043000","Guayaba","Anual","38"
"2011","76895","Zarzal","Norte","2043000","Guayaba","Anual","101"
"2011","76890","Yotoco","Centro","2043000","Guayaba","Anual","487"
"2011","76892","Yumbo","Sur","2043000","Guayaba","Anual","145"
"2010","76403","La Victoria","Norte","2043000","Guayaba","Anual","650"
"2010","76563","Pradera","Sur","2043000","Guayaba","Anual","140"
"2010","76520","Palmira","Sur","2043000","Guayaba","Anual","69"
"2010","76318","Guacarí","Centro","2043000","Guayaba","Anual","405"
"2010","76400","La Unión","Norte","2043000","Guayaba","Anual","6.285"
"2010","76364","Jamundí","Sur","2043000","Guayaba","Anual","48"
"2010","76823","Toro","Norte","2043000","Guayaba","Anual","1.020"
"2010","76828","Trujillo","Centro","2043000","Guayaba","Anual","0"
"2010","76834","Tuluá","Centro","2043000","Guayaba","Anual","120"
"2010","76616","Riofrío","Centro","2043000","Guayaba","Anual","106"
"2010","76606","Restrepo","Centro","2043000","Guayaba","Anual","192"
"2010","76622","Roldanillo","Norte","2043000","Guayaba","Anual","1.819"
"2010","76100","Bolivar","Norte","2043000","Guayaba","Anual","3.000"
"2010","76109","Buenaventura","Pacifico","2043000","Guayaba","Anual","169"
"2010","76111","Buga","Centro","2043000","Guayaba","Anual","396"
"2010","76001","Cali","Sur","2043000","Guayaba","Anual","270"
"2010","76041","Ansermanuevo","Norte","2043000","Guayaba","Anual","0"
"2010","76275","Florida","Sur","2043000","Guayaba","Anual","90"
"2010","76122","Caicedonia","Centro","2043000","Guayaba","Anual","70"
"2010","76113","Bugalagrande","Centro","2043000","Guayaba","Anual","108"
"2010","76130","Candelaria","Sur","2043000","Guayaba","Anual","526"
"2010","76147","Cartago","Norte","2043000","Guayaba","Anual","0"
"2010","76895","Zarzal","Norte","2043000","Guayaba","Anual","101"
"2010","76890","Yotoco","Centro","2043000","Guayaba","Anual","575"
"2010","76892","Yumbo","Sur","2043000","Guayaba","Anual","145"
"2009","76520","Palmira","Sur","2043000","Guayaba","Anual","69"
"2009","76606","Restrepo","Centro","2043000","Guayaba","Anual","176"
"2009","76563","Pradera","Sur","2043000","Guayaba","Anual","140"
"2009","76403","La Victoria","Norte","2043000","Guayaba","Anual","650"
"2009","76364","Jamundí","Sur","2043000","Guayaba","Anual","48"
"2009","76318","Guacarí","Centro","2043000","Guayaba","Anual","297"
"2009","76400","La Unión","Norte","2043000","Guayaba","Anual","5.880"
"2009","76828","Trujillo","Centro","2043000","Guayaba","Anual","0"
"2009","76823","Toro","Norte","2043000","Guayaba","Anual","1.020"
"2009","76834","Tuluá","Centro","2043000","Guayaba","Anual","120"
"2009","76622","Roldanillo","Norte","2043000","Guayaba","Anual","960"
"2009","76616","Riofrío","Centro","2043000","Guayaba","Anual","350"
"2009","76109","Buenaventura","Pacifico","2043000","Guayaba","Anual","169"
"2009","76100","Bolivar","Norte","2043000","Guayaba","Anual","3.000"
"2009","76111","Buga","Centro","2043000","Guayaba","Anual","462"
"2009","76036","Andalucia","Centro","2043000","Guayaba","Anual","134"
"2009","76113","Bugalagrande","Centro","2043000","Guayaba","Anual","108"
"2009","76275","Florida","Sur","2043000","Guayaba","Anual","90"
"2009","76130","Candelaria","Sur","2043000","Guayaba","Anual","516"
"2009","76233","Dagua","Sur","2043000","Guayaba","Anual","550"
"2009","76147","Cartago","Norte","2043000","Guayaba","Anual","0"
"2009","76895","Zarzal","Norte","2043000","Guayaba","Anual","2.025"
"2009","76869","Vijes","Sur","2043000","Guayaba","Anual","144"
"2009","76890","Yotoco","Centro","2043000","Guayaba","Anual","529"
"2008","76403","La Victoria","Norte","2043000","Guayaba","Anual","650"
"2008","76400","La Unión","Norte","2043000","Guayaba","Anual","5.602"
"2008","76563","Pradera","Sur","2043000","Guayaba","Anual","140"
"2008","76364","Jamundí","Sur","2043000","Guayaba","Anual","48"
"2008","76318","Guacarí","Centro","2043000","Guayaba","Anual","297"
"2008","76377","La Cumbre","Sur","2043000","Guayaba","Anual","297"
"2008","76823","Toro","Norte","2043000","Guayaba","Anual","1.440"
"2008","76616","Riofrío","Centro","2043000","Guayaba","Anual","350"
"2008","76606","Restrepo","Centro","2043000","Guayaba","Anual","224"
"2008","76622","Roldanillo","Norte","2043000","Guayaba","Anual","1.120"
"2008","76109","Buenaventura","Pacifico","2043000","Guayaba","Anual","169"
"2008","76100","Bolivar","Norte","2043000","Guayaba","Anual","3.060"
"2008","76111","Buga","Centro","2043000","Guayaba","Anual","385"
"2008","76036","Andalucia","Centro","2043000","Guayaba","Anual","140"
"2008","76001","Cali","Sur","2043000","Guayaba","Anual","120"
"2008","76126","Calima Darién","Centro","2043000","Guayaba","Anual","160"
"2008","76130","Candelaria","Sur","2043000","Guayaba","Anual","472"
"2008","76113","Bugalagrande","Centro","2043000","Guayaba","Anual","108"
"2008","76233","Dagua","Sur","2043000","Guayaba","Anual","600"
"2008","76895","Zarzal","Norte","2043000","Guayaba","Anual","1.800"
"2008","76869","Vijes","Sur","2043000","Guayaba","Anual","144"
"2008","76890","Yotoco","Centro","2043000","Guayaba","Anual","345"
"2007","76403","La Victoria","Norte","2043000","Guayaba","Anual","670"
"2007","76563","Pradera","Sur","2043000","Guayaba","Anual","340"
"2007","76318","Guacarí","Centro","2043000","Guayaba","Anual","297"
"2007","76400","La Unión","Norte","2043000","Guayaba","Anual","5.550"
"2007","76377","La Cumbre","Sur","2043000","Guayaba","Anual","144"
"2007","76823","Toro","Norte","2043000","Guayaba","Anual","3.740"
"2007","76834","Tuluá","Centro","2043000","Guayaba","Anual","550"
"2007","76616","Riofrío","Centro","2043000","Guayaba","Anual","374"
"2007","76606","Restrepo","Centro","2043000","Guayaba","Anual","232"
"2007","76622","Roldanillo","Norte","2043000","Guayaba","Anual","1.680"
"2007","76109","Buenaventura","Pacifico","2043000","Guayaba","Anual","169"
"2007","76113","Bugalagrande","Centro","2043000","Guayaba","Anual","108"
"2007","76111","Buga","Centro","2043000","Guayaba","Anual","616"
"2007","76036","Andalucia","Centro","2043000","Guayaba","Anual","157"
"2007","76001","Cali","Sur","2043000","Guayaba","Anual","128"
"2007","76100","Bolivar","Norte","2043000","Guayaba","Anual","3.420"
"2007","76250","El Dovio","Norte","2043000","Guayaba","Anual","10"
"2007","76275","Florida","Sur","2043000","Guayaba","Anual","108"
"2007","76130","Candelaria","Sur","2043000","Guayaba","Anual","464"
"2007","76126","Calima Darién","Centro","2043000","Guayaba","Anual","200"
"2007","76233","Dagua","Sur","2043000","Guayaba","Anual","650"
"2007","76895","Zarzal","Norte","2043000","Guayaba","Anual","1.125"
"2007","76869","Vijes","Sur","2043000","Guayaba","Anual","140"
"2007","76890","Yotoco","Centro","2043000","Guayaba","Anual","400"
"2007","76892","Yumbo","Sur","2043000","Guayaba","Anual","90"
"2006","76403","La Victoria","Norte","2043000","Guayaba","Anual","670"
"2006","76563","Pradera","Sur","2043000","Guayaba","Anual","340"
"2006","76520","Palmira","Sur","2043000","Guayaba","Anual","420"
"2006","76318","Guacarí","Centro","2043000","Guayaba","Anual","297"
"2006","76377","La Cumbre","Sur","2043000","Guayaba","Anual","180"
"2006","76400","La Unión","Norte","2043000","Guayaba","Anual","4.800"
"2006","76823","Toro","Norte","2043000","Guayaba","Anual","2.040"
"2006","76834","Tuluá","Centro","2043000","Guayaba","Anual","455"
"2006","76616","Riofrío","Centro","2043000","Guayaba","Anual","374"
"2006","76622","Roldanillo","Norte","2043000","Guayaba","Anual","1.680"
"2006","76606","Restrepo","Centro","2043000","Guayaba","Anual","272"
"2006","76109","Buenaventura","Pacifico","2043000","Guayaba","Anual","169"
"2006","76100","Bolivar","Norte","2043000","Guayaba","Anual","3.645"
"2006","76111","Buga","Centro","2043000","Guayaba","Anual","546"
"2006","76036","Andalucia","Centro","2043000","Guayaba","Anual","59"
"2006","76001","Cali","Sur","2043000","Guayaba","Anual","315"
"2006","76250","El Dovio","Norte","2043000","Guayaba","Anual","5"
"2006","76275","Florida","Sur","2043000","Guayaba","Anual","108"
"2006","76130","Candelaria","Sur","2043000","Guayaba","Anual","614"
"2006","76113","Bugalagrande","Centro","2043000","Guayaba","Anual","102"
"2006","76126","Calima Darién","Centro","2043000","Guayaba","Anual","220"
"2006","76233","Dagua","Sur","2043000","Guayaba","Anual","1.500"
"2006","76890","Yotoco","Centro","2043000","Guayaba","Anual","375"
"2006","76869","Vijes","Sur","2043000","Guayaba","Anual","140"
"2006","76895","Zarzal","Norte","2043000","Guayaba","Anual","760"
"2006","76892","Yumbo","Sur","2043000","Guayaba","Anual","90"
"2005","76520","Palmira","Sur","2043000","Guayaba","Anual","360"
"2005","76403","La Victoria","Norte","2043000","Guayaba","Anual","536"
"2005","76563","Pradera","Sur","2043000","Guayaba","Anual","340"
"2005","76364","Jamundí","Sur","2043000","Guayaba","Anual","72"
"2005","76400","La Unión","Norte","2043000","Guayaba","Anual","4.800"
"2005","76377","La Cumbre","Sur","2043000","Guayaba","Anual","478"
"2005","76823","Toro","Norte","2043000","Guayaba","Anual","1.400"
"2005","76834","Tuluá","Centro","2043000","Guayaba","Anual","120"
"2005","76616","Riofrío","Centro","2043000","Guayaba","Anual","374"
"2005","76606","Restrepo","Centro","2043000","Guayaba","Anual","128"
"2005","76670","San Pedro","Centro","2043000","Guayaba","Anual","34"
"2005","76622","Roldanillo","Norte","2043000","Guayaba","Anual","1.400"
"2005","76318","Guacarí","Centro","2043000","Guayaba","Anual","297"
"2005","76109","Buenaventura","Pacifico","2043000","Guayaba","Anual","150"
"2005","76113","Bugalagrande","Centro","2043000","Guayaba","Anual","102"
"2005","76111","Buga","Centro","2043000","Guayaba","Anual","546"
"2005","76036","Andalucia","Centro","2043000","Guayaba","Anual","59"
"2005","76001","Cali","Sur","2043000","Guayaba","Anual","315"
"2005","76100","Bolivar","Norte","2043000","Guayaba","Anual","4.245"
"2005","76250","El Dovio","Norte","2043000","Guayaba","Anual","3"
"2005","76275","Florida","Sur","2043000","Guayaba","Anual","113"
"2005","76130","Candelaria","Sur","2043000","Guayaba","Anual","53"
"2005","76126","Calima Darién","Centro","2043000","Guayaba","Anual","220"
"2005","76233","Dagua","Sur","2043000","Guayaba","Anual","1.032"
"2005","76895","Zarzal","Norte","2043000","Guayaba","Anual","1.427"
"2005","76892","Yumbo","Sur","2043000","Guayaba","Anual","90"
"2005","76869","Vijes","Sur","2043000","Guayaba","Anual","201"
"2005","76890","Yotoco","Centro","2043000","Guayaba","Anual","234"
"2004","76520","Palmira","Sur","2043000","Guayaba","Anual","450"
"2004","76403","La Victoria","Norte","2043000","Guayaba","Anual","517"
"2004","76563","Pradera","Sur","2043000","Guayaba","Anual","376"
"2004","76606","Restrepo","Centro","2043000","Guayaba","Anual","122"
"2004","76364","Jamundí","Sur","2043000","Guayaba","Anual","160"
"2004","76318","Guacarí","Centro","2043000","Guayaba","Anual","176"
"2004","76400","La Unión","Norte","2043000","Guayaba","Anual","3.575"
"2004","76377","La Cumbre","Sur","2043000","Guayaba","Anual","239"
"2004","76823","Toro","Norte","2043000","Guayaba","Anual","4.030"
"2004","76834","Tuluá","Centro","2043000","Guayaba","Anual","120"
"2004","76616","Riofrío","Centro","2043000","Guayaba","Anual","336"
"2004","76670","San Pedro","Centro","2043000","Guayaba","Anual","26"
"2004","76622","Roldanillo","Norte","2043000","Guayaba","Anual","552"
"2004","76109","Buenaventura","Pacifico","2043000","Guayaba","Anual","242"
"2004","76100","Bolivar","Norte","2043000","Guayaba","Anual","3.312"
"2004","76113","Bugalagrande","Centro","2043000","Guayaba","Anual","96"
"2004","76111","Buga","Centro","2043000","Guayaba","Anual","443"
"2004","76036","Andalucia","Centro","2043000","Guayaba","Anual","59"
"2004","76001","Cali","Sur","2043000","Guayaba","Anual","315"
"2004","76275","Florida","Sur","2043000","Guayaba","Anual","113"
"2004","76233","Dagua","Sur","2043000","Guayaba","Anual","1.032"
"2004","76130","Candelaria","Sur","2043000","Guayaba","Anual","0"
"2004","76126","Calima Darién","Centro","2043000","Guayaba","Anual","220"
"2004","76895","Zarzal","Norte","2043000","Guayaba","Anual","365"
"2004","76869","Vijes","Sur","2043000","Guayaba","Anual","156"
"2004","76845","Ulloa","Norte","2043000","Guayaba","Anual","5"
"2004","76892","Yumbo","Sur","2043000","Guayaba","Anual","82"
"2004","76890","Yotoco","Centro","2043000","Guayaba","Anual","114"
"2003","76403","La Victoria","Norte","2043000","Guayaba","Anual","437"
"2003","76563","Pradera","Sur","2043000","Guayaba","Anual","376"
"2003","76520","Palmira","Sur","2043000","Guayaba","Anual","528"
"2003","76364","Jamundí","Sur","2043000","Guayaba","Anual","158"
"2003","76318","Guacarí","Centro","2043000","Guayaba","Anual","270"
"2003","76400","La Unión","Norte","2043000","Guayaba","Anual","2.811"
"2003","76377","La Cumbre","Sur","2043000","Guayaba","Anual","215"
"2003","76823","Toro","Norte","2043000","Guayaba","Anual","4.250"
"2003","76834","Tuluá","Centro","2043000","Guayaba","Anual","72"
"2003","76616","Riofrío","Centro","2043000","Guayaba","Anual","296"
"2003","76606","Restrepo","Centro","2043000","Guayaba","Anual","122"
"2003","76670","San Pedro","Centro","2043000","Guayaba","Anual","26"
"2003","76622","Roldanillo","Norte","2043000","Guayaba","Anual","432"
"2003","76109","Buenaventura","Pacifico","2043000","Guayaba","Anual","242"
"2003","76113","Bugalagrande","Centro","2043000","Guayaba","Anual","81"
"2003","76111","Buga","Centro","2043000","Guayaba","Anual","341"
"2003","76036","Andalucia","Centro","2043000","Guayaba","Anual","59"
"2003","76001","Cali","Sur","2043000","Guayaba","Anual","500"
"2003","76100","Bolivar","Norte","2043000","Guayaba","Anual","4.002"
"2003","76275","Florida","Sur","2043000","Guayaba","Anual","113"
"2003","76233","Dagua","Sur","2043000","Guayaba","Anual","1.020"
"2003","76126","Calima Darién","Centro","2043000","Guayaba","Anual","260"
"2003","76895","Zarzal","Norte","2043000","Guayaba","Anual","160"
"2003","76869","Vijes","Sur","2043000","Guayaba","Anual","156"
"2003","76845","Ulloa","Norte","2043000","Guayaba","Anual","5"
"2003","76863","Versalles","Norte","2043000","Guayaba","Anual","16"
"2003","76892","Yumbo","Sur","2043000","Guayaba","Anual","82"
"2003","76890","Yotoco","Centro","2043000","Guayaba","Anual","112"
"2002","76403","La Victoria","Norte","2043000","Guayaba","Anual","360"
"2002","76563","Pradera","Sur","2043000","Guayaba","Anual","320"
"2002","76520","Palmira","Sur","2043000","Guayaba","Anual","350"
"2002","76364","Jamundí","Sur","2043000","Guayaba","Anual","135"
"2002","76318","Guacarí","Centro","2043000","Guayaba","Anual","192"
"2002","76400","La Unión","Norte","2043000","Guayaba","Anual","1.895"
"2002","76377","La Cumbre","Sur","2043000","Guayaba","Anual","216"
"2002","76823","Toro","Norte","2043000","Guayaba","Anual","2.442"
"2002","76616","Riofrío","Centro","2043000","Guayaba","Anual","193"
"2002","76606","Restrepo","Centro","2043000","Guayaba","Anual","104"
"2002","76622","Roldanillo","Norte","2043000","Guayaba","Anual","223"
"2002","76113","Bugalagrande","Centro","2043000","Guayaba","Anual","78"
"2002","76111","Buga","Centro","2043000","Guayaba","Anual","696"
"2002","76036","Andalucia","Centro","2043000","Guayaba","Anual","50"
"2002","76001","Cali","Sur","2043000","Guayaba","Anual","473"
"2002","76100","Bolivar","Norte","2043000","Guayaba","Anual","3.540"
"2002","76275","Florida","Sur","2043000","Guayaba","Anual","120"
"2002","76233","Dagua","Sur","2043000","Guayaba","Anual","870"
"2002","76126","Calima Darién","Centro","2043000","Guayaba","Anual","220"
"2002","76895","Zarzal","Norte","2043000","Guayaba","Anual","84"
"2002","76869","Vijes","Sur","2043000","Guayaba","Anual","133"
"2002","76845","Ulloa","Norte","2043000","Guayaba","Anual","5"
"2002","76890","Yotoco","Centro","2043000","Guayaba","Anual","95"
"2001","76403","La Victoria","Norte","2043000","Guayaba","Anual","270"
"2001","76563","Pradera","Sur","2043000","Guayaba","Anual","320"
"2001","76606","Restrepo","Centro","2043000","Guayaba","Anual","104"
"2001","76520","Palmira","Sur","2043000","Guayaba","Anual","300"
"2001","76364","Jamundí","Sur","2043000","Guayaba","Anual","135"
"2001","76318","Guacarí","Centro","2043000","Guayaba","Anual","204"
"2001","76400","La Unión","Norte","2043000","Guayaba","Anual","1.604"
"2001","76377","La Cumbre","Sur","2043000","Guayaba","Anual","144"
"2001","76823","Toro","Norte","2043000","Guayaba","Anual","2.442"
"2001","76845","Ulloa","Norte","2043000","Guayaba","Anual","0"
"2001","76834","Tuluá","Centro","2043000","Guayaba","Anual","120"
"2001","76622","Roldanillo","Norte","2043000","Guayaba","Anual","223"
"2001","76616","Riofrío","Centro","2043000","Guayaba","Anual","290"
"2001","76113","Bugalagrande","Centro","2043000","Guayaba","Anual","78"
"2001","76111","Buga","Centro","2043000","Guayaba","Anual","609"
"2001","76036","Andalucia","Centro","2043000","Guayaba","Anual","66"
"2001","76001","Cali","Sur","2043000","Guayaba","Anual","473"
"2001","76100","Bolivar","Norte","2043000","Guayaba","Anual","3.984"
"2001","76275","Florida","Sur","2043000","Guayaba","Anual","105"
"2001","76233","Dagua","Sur","2043000","Guayaba","Anual","580"
"2001","76126","Calima Darién","Centro","2043000","Guayaba","Anual","220"
"2001","76890","Yotoco","Centro","2043000","Guayaba","Anual","95"
"2001","76869","Vijes","Sur","2043000","Guayaba","Anual","133"
"2001","76863","Versalles","Norte","2043000","Guayaba","Anual","0"
"2001","76895","Zarzal","Norte","2043000","Guayaba","Anual","91"
"2000","76403","La Victoria","Norte","2043000","Guayaba","Anual","0"
"2000","76563","Pradera","Sur","2043000","Guayaba","Anual","320"
"2000","76606","Restrepo","Centro","2043000","Guayaba","Anual","88"
"2000","76520","Palmira","Sur","2043000","Guayaba","Anual","150"
"2000","76364","Jamundí","Sur","2043000","Guayaba","Anual","135"
"2000","76318","Guacarí","Centro","2043000","Guayaba","Anual","264"
"2000","76400","La Unión","Norte","2043000","Guayaba","Anual","343"
"2000","76377","La Cumbre","Sur","2043000","Guayaba","Anual","269,6"
"2000","76823","Toro","Norte","2043000","Guayaba","Anual","2.664"
"2000","76834","Tuluá","Centro","2043000","Guayaba","Anual","120"
"2000","76622","Roldanillo","Norte","2043000","Guayaba","Anual","144"
"2000","76616","Riofrío","Centro","2043000","Guayaba","Anual","289,5"
"2000","76109","Buenaventura","Pacifico","2043000","Guayaba","Anual","84"
"2000","76113","Bugalagrande","Centro","2043000","Guayaba","Anual","78"
"2000","76111","Buga","Centro","2043000","Guayaba","Anual","621"
"2000","76036","Andalucia","Centro","2043000","Guayaba","Anual","66,24"
"2000","76001","Cali","Sur","2043000","Guayaba","Anual","473"
"2000","76100","Bolivar","Norte","2043000","Guayaba","Anual","3.984"
"2000","76275","Florida","Sur","2043000","Guayaba","Anual","105"
"2000","76233","Dagua","Sur","2043000","Guayaba","Anual","608"
"2000","76126","Calima Darién","Centro","2043000","Guayaba","Anual","220"
"2000","76890","Yotoco","Centro","2043000","Guayaba","Anual","85,5"
"2000","76869","Vijes","Sur","2043000","Guayaba","Anual","133"
"2000","76895","Zarzal","Norte","2043000","Guayaba","Anual","0"
"2022","76403","La Victoria","Norte","2044500","Maracuyá","Anual","183,6"
"2022","76400","La Unión","Norte","2044500","Maracuyá","Anual","90,32"
"2022","76520","Palmira","Sur","2044500","Maracuyá","Anual","229,2"
"2022","76318","Guacarí","Centro","2044500","Maracuyá","Anual","540"
"2022","76306","Ginebra","Sur","2044500","Maracuyá","Anual","625"
"2022","76364","Jamundí","Sur","2044500","Maracuyá","Anual","142,5"
"2022","76670","San Pedro","Centro","2044500","Maracuyá","Anual","180"
"2022","76606","Restrepo","Centro","2044500","Maracuyá","Anual","66"
"2022","76622","Roldanillo","Norte","2044500","Maracuyá","Anual","1.539"
"2022","76616","Riofrío","Centro","2044500","Maracuyá","Anual","180"
"2022","76113","Bugalagrande","Centro","2044500","Maracuyá","Anual","132"
"2022","76122","Caicedonia","Centro","2044500","Maracuyá","Anual","182"
"2022","76111","Buga","Centro","2044500","Maracuyá","Anual","161"
"2022","76041","Ansermanuevo","Norte","2044500","Maracuyá","Anual","150"
"2022","76100","Bolivar","Norte","2044500","Maracuyá","Anual","1.005"
"2022","76036","Andalucia","Centro","2044500","Maracuyá","Anual","330"
"2022","76020","Alcalá","Norte","2044500","Maracuyá","Anual","574"
"2022","76248","El Cerrito","Sur","2044500","Maracuyá","Anual","700,4"
"2022","76275","Florida","Sur","2044500","Maracuyá","Anual","159,77"
"2022","76250","El Dovio","Norte","2044500","Maracuyá","Anual","367,5"
"2022","76130","Candelaria","Sur","2044500","Maracuyá","Anual","240,4"
"2022","76233","Dagua","Sur","2044500","Maracuyá","Anual","1.488"
"2022","76892","Yumbo","Sur","2044500","Maracuyá","Anual","27,5"
"2022","76890","Yotoco","Centro","2044500","Maracuyá","Anual","297"
"2022","76869","Vijes","Sur","2044500","Maracuyá","Anual","330"
"2021","76400","La Unión","Norte","2044500","Maracuyá","Anual","154,32"
"2021","76520","Palmira","Sur","2044500","Maracuyá","Anual","229,2"
"2021","76318","Guacarí","Centro","2044500","Maracuyá","Anual","510"
"2021","76306","Ginebra","Sur","2044500","Maracuyá","Anual","875"
"2021","76364","Jamundí","Sur","2044500","Maracuyá","Anual","307,5"
"2021","76670","San Pedro","Centro","2044500","Maracuyá","Anual","168"
"2021","76622","Roldanillo","Norte","2044500","Maracuyá","Anual","1.059"
"2021","76606","Restrepo","Centro","2044500","Maracuyá","Anual","90"
"2021","76616","Riofrío","Centro","2044500","Maracuyá","Anual","180"
"2021","76100","Bolivar","Norte","2044500","Maracuyá","Anual","1.110"
"2021","76113","Bugalagrande","Centro","2044500","Maracuyá","Anual","168"
"2021","76111","Buga","Centro","2044500","Maracuyá","Anual","175"
"2021","76020","Alcalá","Norte","2044500","Maracuyá","Anual","351,23"
"2021","76041","Ansermanuevo","Norte","2044500","Maracuyá","Anual","50"
"2021","76036","Andalucia","Centro","2044500","Maracuyá","Anual","375"
"2021","76250","El Dovio","Norte","2044500","Maracuyá","Anual","445,5"
"2021","76275","Florida","Sur","2044500","Maracuyá","Anual","112"
"2021","76248","El Cerrito","Sur","2044500","Maracuyá","Anual","824"
"2021","76126","Calima Darién","Centro","2044500","Maracuyá","Anual","0"
"2021","76233","Dagua","Sur","2044500","Maracuyá","Anual","2.325"
"2021","76130","Candelaria","Sur","2044500","Maracuyá","Anual","402,5"
"2021","76890","Yotoco","Centro","2044500","Maracuyá","Anual","189"
"2021","76895","Zarzal","Norte","2044500","Maracuyá","Anual","0"
"2021","76892","Yumbo","Sur","2044500","Maracuyá","Anual","12,5"
"2021","76828","Trujillo","Centro","2044500","Maracuyá","Anual","168"
"2021","76869","Vijes","Sur","2044500","Maracuyá","Anual","368"
"2020","76520","Palmira","Sur","2044500","Maracuyá","Anual","458,4"
"2020","76364","Jamundí","Sur","2044500","Maracuyá","Anual","370"
"2020","76318","Guacarí","Centro","2044500","Maracuyá","Anual","2.550"
"2020","76400","La Unión","Norte","2044500","Maracuyá","Anual","291,85"
"2020","76823","Toro","Norte","2044500","Maracuyá","Anual","450"
"2020","76834","Tuluá","Centro","2044500","Maracuyá","Anual","160"
"2020","76828","Trujillo","Centro","2044500","Maracuyá","Anual","241,6"
"2020","76622","Roldanillo","Norte","2044500","Maracuyá","Anual","884,49"
"2020","76616","Riofrío","Centro","2044500","Maracuyá","Anual","105"
"2020","76736","Sevilla","Centro","2044500","Maracuyá","Anual","120"
"2020","76670","San Pedro","Centro","2044500","Maracuyá","Anual","462"
"2020","76100","Bolivar","Norte","2044500","Maracuyá","Anual","378"
"2020","76113","Bugalagrande","Centro","2044500","Maracuyá","Anual","144"
"2020","76111","Buga","Centro","2044500","Maracuyá","Anual","56"
"2020","76036","Andalucia","Centro","2044500","Maracuyá","Anual","360"
"2020","76041","Ansermanuevo","Norte","2044500","Maracuyá","Anual","50"
"2020","76250","El Dovio","Norte","2044500","Maracuyá","Anual","825"
"2020","76248","El Cerrito","Sur","2044500","Maracuyá","Anual","800"
"2020","76306","Ginebra","Sur","2044500","Maracuyá","Anual","90"
"2020","76275","Florida","Sur","2044500","Maracuyá","Anual","120"
"2020","76130","Candelaria","Sur","2044500","Maracuyá","Anual","390,6"
"2020","76122","Caicedonia","Centro","2044500","Maracuyá","Anual","30"
"2020","76243","El Aguila","Norte","2044500","Maracuyá","Anual","0"
"2020","76233","Dagua","Sur","2044500","Maracuyá","Anual","2.075"
"2020","76869","Vijes","Sur","2044500","Maracuyá","Anual","405"
"2020","76845","Ulloa","Norte","2044500","Maracuyá","Anual","190"
"2020","76892","Yumbo","Sur","2044500","Maracuyá","Anual","65"
"2020","76890","Yotoco","Centro","2044500","Maracuyá","Anual","189"
"2019","76520","Palmira","Sur","2044500","Maracuyá","Anual","331,2"
"2019","76606","Restrepo","Centro","2044500","Maracuyá","Anual","180"
"2019","76403","La Victoria","Norte","2044500","Maracuyá","Anual","264"
"2019","76400","La Unión","Norte","2044500","Maracuyá","Anual","349,35"
"2019","76834","Tuluá","Centro","2044500","Maracuyá","Anual","180"
"2019","76828","Trujillo","Centro","2044500","Maracuyá","Anual","140,25"
"2019","76863","Versalles","Norte","2044500","Maracuyá","Anual","140"
"2019","76869","Vijes","Sur","2044500","Maracuyá","Anual","525"
"2019","76845","Ulloa","Norte","2044500","Maracuyá","Anual","115"
"2019","76622","Roldanillo","Norte","2044500","Maracuyá","Anual","1.900,5"
"2019","76823","Toro","Norte","2044500","Maracuyá","Anual","450"
"2019","76670","San Pedro","Centro","2044500","Maracuyá","Anual","462"
"2019","76100","Bolivar","Norte","2044500","Maracuyá","Anual","504"
"2019","76113","Bugalagrande","Centro","2044500","Maracuyá","Anual","144"
"2019","76036","Andalucia","Centro","2044500","Maracuyá","Anual","360"
"2019","76250","El Dovio","Norte","2044500","Maracuyá","Anual","600"
"2019","76275","Florida","Sur","2044500","Maracuyá","Anual","120"
"2019","76318","Guacarí","Centro","2044500","Maracuyá","Anual","2.520"
"2019","76130","Candelaria","Sur","2044500","Maracuyá","Anual","381,6"
"2019","76233","Dagua","Sur","2044500","Maracuyá","Anual","1.584"
"2019","76892","Yumbo","Sur","2044500","Maracuyá","Anual","65"
"2019","76895","Zarzal","Norte","2044500","Maracuyá","Anual","60"
"2018","76497","Obando","Norte","2044500","Maracuyá","Anual","0"
"2018","76520","Palmira","Sur","2044500","Maracuyá","Anual","331,2"
"2018","76616","Riofrío","Centro","2044500","Maracuyá","Anual","120"
"2018","76606","Restrepo","Centro","2044500","Maracuyá","Anual","180"
"2018","76364","Jamundí","Sur","2044500","Maracuyá","Anual","230"
"2018","76400","La Unión","Norte","2044500","Maracuyá","Anual","292,35"
"2018","76828","Trujillo","Centro","2044500","Maracuyá","Anual","176"
"2018","76863","Versalles","Norte","2044500","Maracuyá","Anual","120"
"2018","76845","Ulloa","Norte","2044500","Maracuyá","Anual","24"
"2018","76622","Roldanillo","Norte","2044500","Maracuyá","Anual","1.330"
"2018","76823","Toro","Norte","2044500","Maracuyá","Anual","600"
"2018","76670","San Pedro","Centro","2044500","Maracuyá","Anual","560"
"2018","76100","Bolivar","Norte","2044500","Maracuyá","Anual","560"
"2018","76113","Bugalagrande","Centro","2044500","Maracuyá","Anual","144"
"2018","76122","Caicedonia","Centro","2044500","Maracuyá","Anual","144"
"2018","76020","Alcalá","Norte","2044500","Maracuyá","Anual","0"
"2018","76036","Andalucia","Centro","2044500","Maracuyá","Anual","300"
"2018","76275","Florida","Sur","2044500","Maracuyá","Anual","140"
"2018","76250","El Dovio","Norte","2044500","Maracuyá","Anual","510"
"2018","76318","Guacarí","Centro","2044500","Maracuyá","Anual","2.490"
"2018","76233","Dagua","Sur","2044500","Maracuyá","Anual","1.278"
"2018","76130","Candelaria","Sur","2044500","Maracuyá","Anual","399"
"2018","76869","Vijes","Sur","2044500","Maracuyá","Anual","375"
"2018","76895","Zarzal","Norte","2044500","Maracuyá","Anual","0"
"2018","76892","Yumbo","Sur","2044500","Maracuyá","Anual","30"
"2017","76520","Palmira","Sur","2044500","Maracuyá","Anual","160,8"
"2017","76616","Riofrío","Centro","2044500","Maracuyá","Anual","0"
"2017","76606","Restrepo","Centro","2044500","Maracuyá","Anual","144"
"2017","76364","Jamundí","Sur","2044500","Maracuyá","Anual","230"
"2017","76400","La Unión","Norte","2044500","Maracuyá","Anual","255"
"2017","76834","Tuluá","Centro","2044500","Maracuyá","Anual","160"
"2017","76828","Trujillo","Centro","2044500","Maracuyá","Anual","162"
"2017","76863","Versalles","Norte","2044500","Maracuyá","Anual","160"
"2017","76845","Ulloa","Norte","2044500","Maracuyá","Anual","0"
"2017","76670","San Pedro","Centro","2044500","Maracuyá","Anual","560"
"2017","76622","Roldanillo","Norte","2044500","Maracuyá","Anual","1.980"
"2017","76823","Toro","Norte","2044500","Maracuyá","Anual","600"
"2017","76113","Bugalagrande","Centro","2044500","Maracuyá","Anual","144"
"2017","76122","Caicedonia","Centro","2044500","Maracuyá","Anual","144"
"2017","76100","Bolivar","Norte","2044500","Maracuyá","Anual","672"
"2017","76275","Florida","Sur","2044500","Maracuyá","Anual","140"
"2017","76250","El Dovio","Norte","2044500","Maracuyá","Anual","495"
"2017","76318","Guacarí","Centro","2044500","Maracuyá","Anual","710"
"2017","76306","Ginebra","Sur","2044500","Maracuyá","Anual","210"
"2017","76248","El Cerrito","Sur","2044500","Maracuyá","Anual","160"
"2017","76233","Dagua","Sur","2044500","Maracuyá","Anual","2.880"
"2017","76130","Candelaria","Sur","2044500","Maracuyá","Anual","405"
"2017","76246","El Cairo","Norte","2044500","Maracuyá","Anual","45"
"2017","76243","El Aguila","Norte","2044500","Maracuyá","Anual","0"
"2017","76892","Yumbo","Sur","2044500","Maracuyá","Anual","17,5"
"2017","76890","Yotoco","Centro","2044500","Maracuyá","Anual","405"
"2016","76520","Palmira","Sur","2044500","Maracuyá","Anual","161"
"2016","76497","Obando","Norte","2044500","Maracuyá","Anual","210"
"2016","76606","Restrepo","Centro","2044500","Maracuyá","Anual","136"
"2016","76364","Jamundí","Sur","2044500","Maracuyá","Anual","330"
"2016","76403","La Victoria","Norte","2044500","Maracuyá","Anual","192"
"2016","76400","La Unión","Norte","2044500","Maracuyá","Anual","180"
"2016","76823","Toro","Norte","2044500","Maracuyá","Anual","700"
"2016","76834","Tuluá","Centro","2044500","Maracuyá","Anual","160"
"2016","76622","Roldanillo","Norte","2044500","Maracuyá","Anual","2.660"
"2016","76670","San Pedro","Centro","2044500","Maracuyá","Anual","490"
"2016","76100","Bolivar","Norte","2044500","Maracuyá","Anual","980"
"2016","76036","Andalucia","Centro","2044500","Maracuyá","Anual","600"
"2016","76250","El Dovio","Norte","2044500","Maracuyá","Anual","390"
"2016","76306","Ginebra","Sur","2044500","Maracuyá","Anual","195"
"2016","76318","Guacarí","Centro","2044500","Maracuyá","Anual","580"
"2016","76275","Florida","Sur","2044500","Maracuyá","Anual","150"
"2016","76130","Candelaria","Sur","2044500","Maracuyá","Anual","480"
"2016","76233","Dagua","Sur","2044500","Maracuyá","Anual","414"
"2016","76895","Zarzal","Norte","2044500","Maracuyá","Anual","210"
"2015","76520","Palmira","Sur","2044500","Maracuyá","Anual","161"
"2015","76606","Restrepo","Centro","2044500","Maracuyá","Anual","119"
"2015","76364","Jamundí","Sur","2044500","Maracuyá","Anual","290"
"2015","76497","Obando","Norte","2044500","Maracuyá","Anual","186"
"2015","76400","La Unión","Norte","2044500","Maracuyá","Anual","515"
"2015","76828","Trujillo","Centro","2044500","Maracuyá","Anual","216"
"2015","76834","Tuluá","Centro","2044500","Maracuyá","Anual","48"
"2015","76622","Roldanillo","Norte","2044500","Maracuyá","Anual","2.135"
"2015","76823","Toro","Norte","2044500","Maracuyá","Anual","1.125"
"2015","76670","San Pedro","Centro","2044500","Maracuyá","Anual","420"
"2015","76100","Bolivar","Norte","2044500","Maracuyá","Anual","1.540"
"2015","76036","Andalucia","Centro","2044500","Maracuyá","Anual","500"
"2015","76275","Florida","Sur","2044500","Maracuyá","Anual","135"
"2015","76250","El Dovio","Norte","2044500","Maracuyá","Anual","72"
"2015","76318","Guacarí","Centro","2044500","Maracuyá","Anual","567"
"2015","76306","Ginebra","Sur","2044500","Maracuyá","Anual","165"
"2015","76130","Candelaria","Sur","2044500","Maracuyá","Anual","480"
"2015","76248","El Cerrito","Sur","2044500","Maracuyá","Anual","575"
"2015","76233","Dagua","Sur","2044500","Maracuyá","Anual","494"
"2015","76892","Yumbo","Sur","2044500","Maracuyá","Anual","54"
"2015","76895","Zarzal","Norte","2044500","Maracuyá","Anual","450"
"2014","76520","Palmira","Sur","2044500","Maracuyá","Anual","504"
"2014","76497","Obando","Norte","2044500","Maracuyá","Anual","248"
"2014","76606","Restrepo","Centro","2044500","Maracuyá","Anual","128"
"2014","76318","Guacarí","Centro","2044500","Maracuyá","Anual","660"
"2014","76400","La Unión","Norte","2044500","Maracuyá","Anual","690"
"2014","76823","Toro","Norte","2044500","Maracuyá","Anual","990"
"2014","76863","Versalles","Norte","2044500","Maracuyá","Anual","360"
"2014","76622","Roldanillo","Norte","2044500","Maracuyá","Anual","4.690"
"2014","76616","Riofrío","Centro","2044500","Maracuyá","Anual","42"
"2014","76670","San Pedro","Centro","2044500","Maracuyá","Anual","350"
"2014","76100","Bolivar","Norte","2044500","Maracuyá","Anual","1.848"
"2014","76036","Andalucia","Centro","2044500","Maracuyá","Anual","665"
"2014","76250","El Dovio","Norte","2044500","Maracuyá","Anual","42"
"2014","76248","El Cerrito","Sur","2044500","Maracuyá","Anual","450"
"2014","76306","Ginebra","Sur","2044500","Maracuyá","Anual","180"
"2014","76233","Dagua","Sur","2044500","Maracuyá","Anual","380"
"2014","76895","Zarzal","Norte","2044500","Maracuyá","Anual","400"
"2013","76497","Obando","Norte","2044500","Maracuyá","Anual","111"
"2013","76520","Palmira","Sur","2044500","Maracuyá","Anual","456"
"2013","76403","La Victoria","Norte","2044500","Maracuyá","Anual","416"
"2013","76318","Guacarí","Centro","2044500","Maracuyá","Anual","840"
"2013","76400","La Unión","Norte","2044500","Maracuyá","Anual","1.254"
"2013","76823","Toro","Norte","2044500","Maracuyá","Anual","900"
"2013","76670","San Pedro","Centro","2044500","Maracuyá","Anual","910"
"2013","76828","Trujillo","Centro","2044500","Maracuyá","Anual","252"
"2013","76616","Riofrío","Centro","2044500","Maracuyá","Anual","30"
"2013","76606","Restrepo","Centro","2044500","Maracuyá","Anual","180"
"2013","76622","Roldanillo","Norte","2044500","Maracuyá","Anual","5.355"
"2013","76100","Bolivar","Norte","2044500","Maracuyá","Anual","1.652"
"2013","76113","Bugalagrande","Centro","2044500","Maracuyá","Anual","112"
"2013","76036","Andalucia","Centro","2044500","Maracuyá","Anual","700"
"2013","76248","El Cerrito","Sur","2044500","Maracuyá","Anual","225"
"2013","76306","Ginebra","Sur","2044500","Maracuyá","Anual","180"
"2013","76233","Dagua","Sur","2044500","Maracuyá","Anual","380"
"2013","76895","Zarzal","Norte","2044500","Maracuyá","Anual","117"
"2013","76863","Versalles","Norte","2044500","Maracuyá","Anual","360"
"2012","76520","Palmira","Sur","2044500","Maracuyá","Anual","352"
"2012","76497","Obando","Norte","2044500","Maracuyá","Anual","111"
"2012","76606","Restrepo","Centro","2044500","Maracuyá","Anual","152"
"2012","76364","Jamundí","Sur","2044500","Maracuyá","Anual","120"
"2012","76318","Guacarí","Centro","2044500","Maracuyá","Anual","435"
"2012","76403","La Victoria","Norte","2044500","Maracuyá","Anual","600"
"2012","76400","La Unión","Norte","2044500","Maracuyá","Anual","3.600"
"2012","76828","Trujillo","Centro","2044500","Maracuyá","Anual","0"
"2012","76834","Tuluá","Centro","2044500","Maracuyá","Anual","1.210"
"2012","76622","Roldanillo","Norte","2044500","Maracuyá","Anual","3.710"
"2012","76670","San Pedro","Centro","2044500","Maracuyá","Anual","938"
"2012","76100","Bolivar","Norte","2044500","Maracuyá","Anual","1.645"
"2012","76113","Bugalagrande","Centro","2044500","Maracuyá","Anual","112"
"2012","76122","Caicedonia","Centro","2044500","Maracuyá","Anual","105"
"2012","76233","Dagua","Sur","2044500","Maracuyá","Anual","108"
"2012","76895","Zarzal","Norte","2044500","Maracuyá","Anual","57"
"2011","76520","Palmira","Sur","2044500","Maracuyá","Anual","145"
"2011","76403","La Victoria","Norte","2044500","Maracuyá","Anual","600"
"2011","76497","Obando","Norte","2044500","Maracuyá","Anual","136"
"2011","76606","Restrepo","Centro","2044500","Maracuyá","Anual","144"
"2011","76318","Guacarí","Centro","2044500","Maracuyá","Anual","750"
"2011","76364","Jamundí","Sur","2044500","Maracuyá","Anual","0"
"2011","76400","La Unión","Norte","2044500","Maracuyá","Anual","948"
"2011","76834","Tuluá","Centro","2044500","Maracuyá","Anual","1.210"
"2011","76670","San Pedro","Centro","2044500","Maracuyá","Anual","932"
"2011","76622","Roldanillo","Norte","2044500","Maracuyá","Anual","3.188"
"2011","76100","Bolivar","Norte","2044500","Maracuyá","Anual","1.050"
"2011","76113","Bugalagrande","Centro","2044500","Maracuyá","Anual","112"
"2011","76122","Caicedonia","Centro","2044500","Maracuyá","Anual","180"
"2011","76233","Dagua","Sur","2044500","Maracuyá","Anual","108"
"2011","76895","Zarzal","Norte","2044500","Maracuyá","Anual","354"
"2011","76890","Yotoco","Centro","2044500","Maracuyá","Anual","121"
"2011","76892","Yumbo","Sur","2044500","Maracuyá","Anual","1.511"
"2010","76520","Palmira","Sur","2044500","Maracuyá","Anual","214"
"2010","76318","Guacarí","Centro","2044500","Maracuyá","Anual","750"
"2010","76400","La Unión","Norte","2044500","Maracuyá","Anual","2.626"
"2010","76364","Jamundí","Sur","2044500","Maracuyá","Anual","160"
"2010","76834","Tuluá","Centro","2044500","Maracuyá","Anual","1.210"
"2010","76606","Restrepo","Centro","2044500","Maracuyá","Anual","132"
"2010","76670","San Pedro","Centro","2044500","Maracuyá","Anual","792"
"2010","76622","Roldanillo","Norte","2044500","Maracuyá","Anual","5.996"
"2010","76100","Bolivar","Norte","2044500","Maracuyá","Anual","754"
"2010","76111","Buga","Centro","2044500","Maracuyá","Anual","600"
"2010","76036","Andalucia","Centro","2044500","Maracuyá","Anual","1.800"
"2010","76248","El Cerrito","Sur","2044500","Maracuyá","Anual","135"
"2010","76122","Caicedonia","Centro","2044500","Maracuyá","Anual","330"
"2010","76113","Bugalagrande","Centro","2044500","Maracuyá","Anual","112"
"2010","76233","Dagua","Sur","2044500","Maracuyá","Anual","108"
"2010","76147","Cartago","Norte","2044500","Maracuyá","Anual","51"
"2010","76895","Zarzal","Norte","2044500","Maracuyá","Anual","2.590"
"2010","76892","Yumbo","Sur","2044500","Maracuyá","Anual","1.016"
"2009","76520","Palmira","Sur","2044500","Maracuyá","Anual","214"
"2009","76403","La Victoria","Norte","2044500","Maracuyá","Anual","900"
"2009","76318","Guacarí","Centro","2044500","Maracuyá","Anual","1.350"
"2009","76400","La Unión","Norte","2044500","Maracuyá","Anual","5.292"
"2009","76828","Trujillo","Centro","2044500","Maracuyá","Anual","64"
"2009","76834","Tuluá","Centro","2044500","Maracuyá","Anual","1.210"
"2009","76670","San Pedro","Centro","2044500","Maracuyá","Anual","700"
"2009","76622","Roldanillo","Norte","2044500","Maracuyá","Anual","6.686"
"2009","76100","Bolivar","Norte","2044500","Maracuyá","Anual","580"
"2009","76111","Buga","Centro","2044500","Maracuyá","Anual","300"
"2009","76036","Andalucia","Centro","2044500","Maracuyá","Anual","473"
"2009","76041","Ansermanuevo","Norte","2044500","Maracuyá","Anual","402"
"2009","76248","El Cerrito","Sur","2044500","Maracuyá","Anual","285"
"2009","76113","Bugalagrande","Centro","2044500","Maracuyá","Anual","112"
"2009","76122","Caicedonia","Centro","2044500","Maracuyá","Anual","465"
"2009","76147","Cartago","Norte","2044500","Maracuyá","Anual","71"
"2009","76895","Zarzal","Norte","2044500","Maracuyá","Anual","580"
"2009","76892","Yumbo","Sur","2044500","Maracuyá","Anual","521"
"2008","76403","La Victoria","Norte","2044500","Maracuyá","Anual","600"
"2008","76400","La Unión","Norte","2044500","Maracuyá","Anual","5.999"
"2008","76520","Palmira","Sur","2044500","Maracuyá","Anual","207"
"2008","76318","Guacarí","Centro","2044500","Maracuyá","Anual","1.230"
"2008","76377","La Cumbre","Sur","2044500","Maracuyá","Anual","1.230"
"2008","76364","Jamundí","Sur","2044500","Maracuyá","Anual","238"
"2008","76670","San Pedro","Centro","2044500","Maracuyá","Anual","84"
"2008","76834","Tuluá","Centro","2044500","Maracuyá","Anual","2.675"
"2008","76606","Restrepo","Centro","2044500","Maracuyá","Anual","102"
"2008","76622","Roldanillo","Norte","2044500","Maracuyá","Anual","7.800"
"2008","76100","Bolivar","Norte","2044500","Maracuyá","Anual","406"
"2008","76111","Buga","Centro","2044500","Maracuyá","Anual","72"
"2008","76036","Andalucia","Centro","2044500","Maracuyá","Anual","4.440"
"2008","76041","Ansermanuevo","Norte","2044500","Maracuyá","Anual","315"
"2008","76248","El Cerrito","Sur","2044500","Maracuyá","Anual","225"
"2008","76113","Bugalagrande","Centro","2044500","Maracuyá","Anual","112"
"2008","76122","Caicedonia","Centro","2044500","Maracuyá","Anual","285"
"2008","76895","Zarzal","Norte","2044500","Maracuyá","Anual","280"
"2008","76863","Versalles","Norte","2044500","Maracuyá","Anual","0"
"2008","76892","Yumbo","Sur","2044500","Maracuyá","Anual","150"
"2007","76403","La Victoria","Norte","2044500","Maracuyá","Anual","900"
"2007","76520","Palmira","Sur","2044500","Maracuyá","Anual","207"
"2007","76318","Guacarí","Centro","2044500","Maracuyá","Anual","1.050"
"2007","76364","Jamundí","Sur","2044500","Maracuyá","Anual","375"
"2007","76400","La Unión","Norte","2044500","Maracuyá","Anual","8.316"
"2007","76823","Toro","Norte","2044500","Maracuyá","Anual","2.750"
"2007","76834","Tuluá","Centro","2044500","Maracuyá","Anual","2.225"
"2007","76606","Restrepo","Centro","2044500","Maracuyá","Anual","90"
"2007","76670","San Pedro","Centro","2044500","Maracuyá","Anual","91"
"2007","76622","Roldanillo","Norte","2044500","Maracuyá","Anual","8.700"
"2007","76100","Bolivar","Norte","2044500","Maracuyá","Anual","1.559"
"2007","76113","Bugalagrande","Centro","2044500","Maracuyá","Anual","252"
"2007","76111","Buga","Centro","2044500","Maracuyá","Anual","130"
"2007","76036","Andalucia","Centro","2044500","Maracuyá","Anual","6.345"
"2007","76248","El Cerrito","Sur","2044500","Maracuyá","Anual","540"
"2007","76306","Ginebra","Sur","2044500","Maracuyá","Anual","1.000"
"2007","76130","Candelaria","Sur","2044500","Maracuyá","Anual","735"
"2007","76122","Caicedonia","Centro","2044500","Maracuyá","Anual","528"
"2007","76895","Zarzal","Norte","2044500","Maracuyá","Anual","400"
"2007","76863","Versalles","Norte","2044500","Maracuyá","Anual","84"
"2007","76892","Yumbo","Sur","2044500","Maracuyá","Anual","94"
"2006","76400","La Unión","Norte","2044500","Maracuyá","Anual","4.200"
"2006","76520","Palmira","Sur","2044500","Maracuyá","Anual","144"
"2006","76318","Guacarí","Centro","2044500","Maracuyá","Anual","1.200"
"2006","76364","Jamundí","Sur","2044500","Maracuyá","Anual","98"
"2006","76834","Tuluá","Centro","2044500","Maracuyá","Anual","960"
"2006","76670","San Pedro","Centro","2044500","Maracuyá","Anual","63"
"2006","76622","Roldanillo","Norte","2044500","Maracuyá","Anual","8.700"
"2006","76100","Bolivar","Norte","2044500","Maracuyá","Anual","1.807"
"2006","76111","Buga","Centro","2044500","Maracuyá","Anual","120"
"2006","76036","Andalucia","Centro","2044500","Maracuyá","Anual","1.845"
"2006","76130","Candelaria","Sur","2044500","Maracuyá","Anual","735"
"2006","76122","Caicedonia","Centro","2044500","Maracuyá","Anual","528"
"2006","76113","Bugalagrande","Centro","2044500","Maracuyá","Anual","252"
"2006","76890","Yotoco","Centro","2044500","Maracuyá","Anual","608"
"2006","76863","Versalles","Norte","2044500","Maracuyá","Anual","84"
"2005","76364","Jamundí","Sur","2044500","Maracuyá","Anual","90"
"2005","76318","Guacarí","Centro","2044500","Maracuyá","Anual","1.050"
"2005","76400","La Unión","Norte","2044500","Maracuyá","Anual","3.360"
"2005","76823","Toro","Norte","2044500","Maracuyá","Anual","450"
"2005","76834","Tuluá","Centro","2044500","Maracuyá","Anual","625"
"2005","76622","Roldanillo","Norte","2044500","Maracuyá","Anual","6.950"
"2005","76113","Bugalagrande","Centro","2044500","Maracuyá","Anual","252"
"2005","76111","Buga","Centro","2044500","Maracuyá","Anual","120"
"2005","76100","Bolivar","Norte","2044500","Maracuyá","Anual","725"
"2005","76306","Ginebra","Sur","2044500","Maracuyá","Anual","23"
"2005","76147","Cartago","Norte","2044500","Maracuyá","Anual","51"
"2005","76130","Candelaria","Sur","2044500","Maracuyá","Anual","1.066"
"2005","76122","Caicedonia","Centro","2044500","Maracuyá","Anual","396"
"2005","76895","Zarzal","Norte","2044500","Maracuyá","Anual","836"
"2005","76863","Versalles","Norte","2044500","Maracuyá","Anual","91"
"2004","76403","La Victoria","Norte","2044500","Maracuyá","Anual","330"
"2004","76364","Jamundí","Sur","2044500","Maracuyá","Anual","96"
"2004","76318","Guacarí","Centro","2044500","Maracuyá","Anual","810"
"2004","76400","La Unión","Norte","2044500","Maracuyá","Anual","2.874"
"2004","76823","Toro","Norte","2044500","Maracuyá","Anual","3.724"
"2004","76834","Tuluá","Centro","2044500","Maracuyá","Anual","171"
"2004","76622","Roldanillo","Norte","2044500","Maracuyá","Anual","6.506"
"2004","76100","Bolivar","Norte","2044500","Maracuyá","Anual","210"
"2004","76113","Bugalagrande","Centro","2044500","Maracuyá","Anual","133"
"2004","76036","Andalucia","Centro","2044500","Maracuyá","Anual","37"
"2004","76250","El Dovio","Norte","2044500","Maracuyá","Anual","66"
"2004","76306","Ginebra","Sur","2044500","Maracuyá","Anual","176"
"2004","76147","Cartago","Norte","2044500","Maracuyá","Anual","36"
"2004","76233","Dagua","Sur","2044500","Maracuyá","Anual","184"
"2004","76892","Yumbo","Sur","2044500","Maracuyá","Anual","16"
"2003","76403","La Victoria","Norte","2044500","Maracuyá","Anual","218"
"2003","76400","La Unión","Norte","2044500","Maracuyá","Anual","9.177"
"2003","76318","Guacarí","Centro","2044500","Maracuyá","Anual","288"
"2003","76377","La Cumbre","Sur","2044500","Maracuyá","Anual","15"
"2003","76823","Toro","Norte","2044500","Maracuyá","Anual","3.770"
"2003","76834","Tuluá","Centro","2044500","Maracuyá","Anual","268"
"2003","76670","San Pedro","Centro","2044500","Maracuyá","Anual","49"
"2003","76622","Roldanillo","Norte","2044500","Maracuyá","Anual","6.643"
"2003","76100","Bolivar","Norte","2044500","Maracuyá","Anual","700"
"2003","76113","Bugalagrande","Centro","2044500","Maracuyá","Anual","119"
"2003","76036","Andalucia","Centro","2044500","Maracuyá","Anual","77"
"2003","76250","El Dovio","Norte","2044500","Maracuyá","Anual","147"
"2003","76306","Ginebra","Sur","2044500","Maracuyá","Anual","176"
"2003","76147","Cartago","Norte","2044500","Maracuyá","Anual","47"
"2003","76233","Dagua","Sur","2044500","Maracuyá","Anual","161"
"2003","76892","Yumbo","Sur","2044500","Maracuyá","Anual","16"
"2002","76403","La Victoria","Norte","2044500","Maracuyá","Anual","120"
"2002","76400","La Unión","Norte","2044500","Maracuyá","Anual","10.131"
"2002","76318","Guacarí","Centro","2044500","Maracuyá","Anual","299"
"2002","76377","La Cumbre","Sur","2044500","Maracuyá","Anual","15"
"2002","76823","Toro","Norte","2044500","Maracuyá","Anual","3.952"
"2002","76834","Tuluá","Centro","2044500","Maracuyá","Anual","242"
"2002","76670","San Pedro","Centro","2044500","Maracuyá","Anual","49"
"2002","76622","Roldanillo","Norte","2044500","Maracuyá","Anual","6.937"
"2002","76100","Bolivar","Norte","2044500","Maracuyá","Anual","725"
"2002","76113","Bugalagrande","Centro","2044500","Maracuyá","Anual","119"
"2002","76036","Andalucia","Centro","2044500","Maracuyá","Anual","77"
"2002","76250","El Dovio","Norte","2044500","Maracuyá","Anual","132"
"2002","76147","Cartago","Norte","2044500","Maracuyá","Anual","47"
"2002","76233","Dagua","Sur","2044500","Maracuyá","Anual","173"
"2002","76892","Yumbo","Sur","2044500","Maracuyá","Anual","13"
"2001","76403","La Victoria","Norte","2044500","Maracuyá","Anual","195"
"2001","76318","Guacarí","Centro","2044500","Maracuyá","Anual","78"
"2001","76400","La Unión","Norte","2044500","Maracuyá","Anual","2.824"
"2001","76823","Toro","Norte","2044500","Maracuyá","Anual","3.562"
"2001","76834","Tuluá","Centro","2044500","Maracuyá","Anual","220"
"2001","76670","San Pedro","Centro","2044500","Maracuyá","Anual","63"
"2001","76622","Roldanillo","Norte","2044500","Maracuyá","Anual","5.136"
"2001","76100","Bolivar","Norte","2044500","Maracuyá","Anual","261"
"2001","76113","Bugalagrande","Centro","2044500","Maracuyá","Anual","91"
"2001","76111","Buga","Centro","2044500","Maracuyá","Anual","75"
"2001","76250","El Dovio","Norte","2044500","Maracuyá","Anual","96"
"2001","76306","Ginebra","Sur","2044500","Maracuyá","Anual","130"
"2001","76233","Dagua","Sur","2044500","Maracuyá","Anual","218"
"2001","76147","Cartago","Norte","2044500","Maracuyá","Anual","47"
"2001","76892","Yumbo","Sur","2044500","Maracuyá","Anual","13"
"2000","76403","La Victoria","Norte","2044500","Maracuyá","Anual","450"
"2000","76318","Guacarí","Centro","2044500","Maracuyá","Anual","104"
"2000","76400","La Unión","Norte","2044500","Maracuyá","Anual","6.000"
"2000","76823","Toro","Norte","2044500","Maracuyá","Anual","4.560"
"2000","76834","Tuluá","Centro","2044500","Maracuyá","Anual","264"
"2000","76670","San Pedro","Centro","2044500","Maracuyá","Anual","49"
"2000","76622","Roldanillo","Norte","2044500","Maracuyá","Anual","4.680"
"2000","76113","Bugalagrande","Centro","2044500","Maracuyá","Anual","112"
"2000","76036","Andalucia","Centro","2044500","Maracuyá","Anual","79,75"
"2000","76100","Bolivar","Norte","2044500","Maracuyá","Anual","391,5"
"2000","76250","El Dovio","Norte","2044500","Maracuyá","Anual","96"
"2000","76306","Ginebra","Sur","2044500","Maracuyá","Anual","160"
"2000","76233","Dagua","Sur","2044500","Maracuyá","Anual","180"
"2000","76892","Yumbo","Sur","2044500","Maracuyá","Anual","8,192"
"2022","76520","Palmira","Sur","2044700","Mora","Anual","9,6"
"2022","76318","Guacarí","Centro","2044700","Mora","Anual","336,6"
"2022","76306","Ginebra","Sur","2044700","Mora","Anual","536"
"2022","76670","San Pedro","Centro","2044700","Mora","Anual","112"
"2022","76736","Sevilla","Centro","2044700","Mora","Anual","300"
"2022","76622","Roldanillo","Norte","2044700","Mora","Anual","27,5"
"2022","76041","Ansermanuevo","Norte","2044700","Mora","Anual","12"
"2022","76111","Buga","Centro","2044700","Mora","Anual","162"
"2022","76246","El Cairo","Norte","2044700","Mora","Anual","0,8"
"2022","76275","Florida","Sur","2044700","Mora","Anual","575,54"
"2022","76126","Calima Darién","Centro","2044700","Mora","Anual","122,49"
"2022","76892","Yumbo","Sur","2044700","Mora","Anual","3"
"2022","76834","Tuluá","Centro","2044700","Mora","Anual","780"
"2022","76828","Trujillo","Centro","2044700","Mora","Anual","305"
"2022","76863","Versalles","Norte","2044700","Mora","Anual","655,2"
"2021","76520","Palmira","Sur","2044700","Mora","Anual","9,6"
"2021","76318","Guacarí","Centro","2044700","Mora","Anual","300,04"
"2021","76306","Ginebra","Sur","2044700","Mora","Anual","410"
"2021","76275","Florida","Sur","2044700","Mora","Anual","469"
"2021","76670","San Pedro","Centro","2044700","Mora","Anual","112"
"2021","76736","Sevilla","Centro","2044700","Mora","Anual","180"
"2021","76100","Bolivar","Norte","2044700","Mora","Anual","54,01"
"2021","76111","Buga","Centro","2044700","Mora","Anual","120"
"2021","76041","Ansermanuevo","Norte","2044700","Mora","Anual","12"
"2021","76246","El Cairo","Norte","2044700","Mora","Anual","0,5"
"2021","76126","Calima Darién","Centro","2044700","Mora","Anual","94,86"
"2021","76892","Yumbo","Sur","2044700","Mora","Anual","3"
"2021","76834","Tuluá","Centro","2044700","Mora","Anual","932"
"2021","76828","Trujillo","Centro","2044700","Mora","Anual","215,25"
"2021","76863","Versalles","Norte","2044700","Mora","Anual","679,2"
"2020","76520","Palmira","Sur","2044700","Mora","Anual","6"
"2020","76563","Pradera","Sur","2044700","Mora","Anual","320"
"2020","76318","Guacarí","Centro","2044700","Mora","Anual","378"
"2020","76736","Sevilla","Centro","2044700","Mora","Anual","180"
"2020","76834","Tuluá","Centro","2044700","Mora","Anual","940"
"2020","76828","Trujillo","Centro","2044700","Mora","Anual","275,98"
"2020","76670","San Pedro","Centro","2044700","Mora","Anual","217"
"2020","76100","Bolivar","Norte","2044700","Mora","Anual","75"
"2020","76111","Buga","Centro","2044700","Mora","Anual","150"
"2020","76041","Ansermanuevo","Norte","2044700","Mora","Anual","12"
"2020","76306","Ginebra","Sur","2044700","Mora","Anual","828"
"2020","76275","Florida","Sur","2044700","Mora","Anual","670"
"2020","76863","Versalles","Norte","2044700","Mora","Anual","679,2"
"2020","76892","Yumbo","Sur","2044700","Mora","Anual","3"
"2019","76520","Palmira","Sur","2044700","Mora","Anual","5,5"
"2019","76563","Pradera","Sur","2044700","Mora","Anual","218"
"2019","76364","Jamundí","Sur","2044700","Mora","Anual","17,5"
"2019","76834","Tuluá","Centro","2044700","Mora","Anual","812"
"2019","76828","Trujillo","Centro","2044700","Mora","Anual","443,625"
"2019","76863","Versalles","Norte","2044700","Mora","Anual","547,2"
"2019","76736","Sevilla","Centro","2044700","Mora","Anual","240"
"2019","76670","San Pedro","Centro","2044700","Mora","Anual","217"
"2019","76100","Bolivar","Norte","2044700","Mora","Anual","75"
"2019","76111","Buga","Centro","2044700","Mora","Anual","88"
"2019","76041","Ansermanuevo","Norte","2044700","Mora","Anual","3"
"2019","76318","Guacarí","Centro","2044700","Mora","Anual","392"
"2019","76275","Florida","Sur","2044700","Mora","Anual","650"
"2019","76306","Ginebra","Sur","2044700","Mora","Anual","1.104"
"2019","76126","Calima Darién","Centro","2044700","Mora","Anual","96"
"2019","76243","El Aguila","Norte","2044700","Mora","Anual","36"
"2019","76892","Yumbo","Sur","2044700","Mora","Anual","7,8"
"2018","76563","Pradera","Sur","2044700","Mora","Anual","132"
"2018","76520","Palmira","Sur","2044700","Mora","Anual","15,5"
"2018","76364","Jamundí","Sur","2044700","Mora","Anual","36"
"2018","76828","Trujillo","Centro","2044700","Mora","Anual","525"
"2018","76863","Versalles","Norte","2044700","Mora","Anual","445,2"
"2018","76834","Tuluá","Centro","2044700","Mora","Anual","796"
"2018","76736","Sevilla","Centro","2044700","Mora","Anual","240"
"2018","76670","San Pedro","Centro","2044700","Mora","Anual","182"
"2018","76100","Bolivar","Norte","2044700","Mora","Anual","85"
"2018","76041","Ansermanuevo","Norte","2044700","Mora","Anual","3"
"2018","76275","Florida","Sur","2044700","Mora","Anual","572"
"2018","76318","Guacarí","Centro","2044700","Mora","Anual","174"
"2018","76306","Ginebra","Sur","2044700","Mora","Anual","534"
"2018","76126","Calima Darién","Centro","2044700","Mora","Anual","96"
"2018","76243","El Aguila","Norte","2044700","Mora","Anual","36"
"2018","76892","Yumbo","Sur","2044700","Mora","Anual","10,2"
"2017","76563","Pradera","Sur","2044700","Mora","Anual","75"
"2017","76616","Riofrío","Centro","2044700","Mora","Anual","100"
"2017","76364","Jamundí","Sur","2044700","Mora","Anual","58,5"
"2017","76834","Tuluá","Centro","2044700","Mora","Anual","563,5"
"2017","76828","Trujillo","Centro","2044700","Mora","Anual","643,5"
"2017","76863","Versalles","Norte","2044700","Mora","Anual","409,2"
"2017","76670","San Pedro","Centro","2044700","Mora","Anual","182"
"2017","76736","Sevilla","Centro","2044700","Mora","Anual","240"
"2017","76100","Bolivar","Norte","2044700","Mora","Anual","100"
"2017","76111","Buga","Centro","2044700","Mora","Anual","30"
"2017","76054","Argelia","Norte","2044700","Mora","Anual","27,5"
"2017","76041","Ansermanuevo","Norte","2044700","Mora","Anual","0"
"2017","76275","Florida","Sur","2044700","Mora","Anual","468"
"2017","76318","Guacarí","Centro","2044700","Mora","Anual","186"
"2017","76306","Ginebra","Sur","2044700","Mora","Anual","600"
"2017","76126","Calima Darién","Centro","2044700","Mora","Anual","96"
"2017","76246","El Cairo","Norte","2044700","Mora","Anual","180"
"2016","76520","Palmira","Sur","2044700","Mora","Anual","45"
"2016","76606","Restrepo","Centro","2044700","Mora","Anual","64"
"2016","76563","Pradera","Sur","2044700","Mora","Anual","60"
"2016","76364","Jamundí","Sur","2044700","Mora","Anual","68"
"2016","76318","Guacarí","Centro","2044700","Mora","Anual","175"
"2016","76828","Trujillo","Centro","2044700","Mora","Anual","675"
"2016","76834","Tuluá","Centro","2044700","Mora","Anual","682"
"2016","76616","Riofrío","Centro","2044700","Mora","Anual","155"
"2016","76736","Sevilla","Centro","2044700","Mora","Anual","120"
"2016","76670","San Pedro","Centro","2044700","Mora","Anual","140"
"2016","76100","Bolivar","Norte","2044700","Mora","Anual","115"
"2016","76111","Buga","Centro","2044700","Mora","Anual","30"
"2016","76054","Argelia","Norte","2044700","Mora","Anual","28"
"2016","76306","Ginebra","Sur","2044700","Mora","Anual","1.560"
"2016","76275","Florida","Sur","2044700","Mora","Anual","504"
"2016","76126","Calima Darién","Centro","2044700","Mora","Anual","136"
"2016","76246","El Cairo","Norte","2044700","Mora","Anual","150"
"2016","76863","Versalles","Norte","2044700","Mora","Anual","269"
"2015","76563","Pradera","Sur","2044700","Mora","Anual","60"
"2015","76520","Palmira","Sur","2044700","Mora","Anual","45"
"2015","76616","Riofrío","Centro","2044700","Mora","Anual","155"
"2015","76606","Restrepo","Centro","2044700","Mora","Anual","48"
"2015","76828","Trujillo","Centro","2044700","Mora","Anual","1.400"
"2015","76863","Versalles","Norte","2044700","Mora","Anual","219"
"2015","76834","Tuluá","Centro","2044700","Mora","Anual","398"
"2015","76736","Sevilla","Centro","2044700","Mora","Anual","51"
"2015","76670","San Pedro","Centro","2044700","Mora","Anual","112"
"2015","76100","Bolivar","Norte","2044700","Mora","Anual","130"
"2015","76111","Buga","Centro","2044700","Mora","Anual","30"
"2015","76054","Argelia","Norte","2044700","Mora","Anual","24"
"2015","76126","Calima Darién","Centro","2044700","Mora","Anual","192"
"2015","76275","Florida","Sur","2044700","Mora","Anual","522"
"2015","76318","Guacarí","Centro","2044700","Mora","Anual","255"
"2015","76306","Ginebra","Sur","2044700","Mora","Anual","880"
"2015","76246","El Cairo","Norte","2044700","Mora","Anual","238"
"2015","76243","El Aguila","Norte","2044700","Mora","Anual","54"
"2014","76520","Palmira","Sur","2044700","Mora","Anual","130"
"2014","76606","Restrepo","Centro","2044700","Mora","Anual","64"
"2014","76563","Pradera","Sur","2044700","Mora","Anual","60"
"2014","76364","Jamundí","Sur","2044700","Mora","Anual","77"
"2014","76318","Guacarí","Centro","2044700","Mora","Anual","100"
"2014","76828","Trujillo","Centro","2044700","Mora","Anual","1.418"
"2014","76834","Tuluá","Centro","2044700","Mora","Anual","404"
"2014","76616","Riofrío","Centro","2044700","Mora","Anual","162"
"2014","76736","Sevilla","Centro","2044700","Mora","Anual","88"
"2014","76670","San Pedro","Centro","2044700","Mora","Anual","98"
"2014","76100","Bolivar","Norte","2044700","Mora","Anual","150"
"2014","76111","Buga","Centro","2044700","Mora","Anual","30"
"2014","76001","Cali","Sur","2044700","Mora","Anual","65"
"2014","76054","Argelia","Norte","2044700","Mora","Anual","24"
"2014","76246","El Cairo","Norte","2044700","Mora","Anual","168"
"2014","76306","Ginebra","Sur","2044700","Mora","Anual","430"
"2014","76275","Florida","Sur","2044700","Mora","Anual","360"
"2014","76126","Calima Darién","Centro","2044700","Mora","Anual","90"
"2014","76243","El Aguila","Norte","2044700","Mora","Anual","175"
"2014","76863","Versalles","Norte","2044700","Mora","Anual","168"
"2013","76520","Palmira","Sur","2044700","Mora","Anual","125"
"2013","76563","Pradera","Sur","2044700","Mora","Anual","60"
"2013","76364","Jamundí","Sur","2044700","Mora","Anual","72"
"2013","76736","Sevilla","Centro","2044700","Mora","Anual","51"
"2013","76670","San Pedro","Centro","2044700","Mora","Anual","84"
"2013","76828","Trujillo","Centro","2044700","Mora","Anual","1.298"
"2013","76616","Riofrío","Centro","2044700","Mora","Anual","126"
"2013","76100","Bolivar","Norte","2044700","Mora","Anual","150"
"2013","76054","Argelia","Norte","2044700","Mora","Anual","24"
"2013","76041","Ansermanuevo","Norte","2044700","Mora","Anual","19"
"2013","76243","El Aguila","Norte","2044700","Mora","Anual","164"
"2013","76246","El Cairo","Norte","2044700","Mora","Anual","63"
"2013","76306","Ginebra","Sur","2044700","Mora","Anual","430"
"2013","76275","Florida","Sur","2044700","Mora","Anual","225"
"2013","76126","Calima Darién","Centro","2044700","Mora","Anual","123"
"2013","76863","Versalles","Norte","2044700","Mora","Anual","107"
"2013","76834","Tuluá","Centro","2044700","Mora","Anual","419"
"2012","76520","Palmira","Sur","2044700","Mora","Anual","118"
"2012","76606","Restrepo","Centro","2044700","Mora","Anual","72"
"2012","76364","Jamundí","Sur","2044700","Mora","Anual","45"
"2012","76318","Guacarí","Centro","2044700","Mora","Anual","472"
"2012","76828","Trujillo","Centro","2044700","Mora","Anual","220"
"2012","76834","Tuluá","Centro","2044700","Mora","Anual","0"
"2012","76736","Sevilla","Centro","2044700","Mora","Anual","51"
"2012","76670","San Pedro","Centro","2044700","Mora","Anual","84"
"2012","76100","Bolivar","Norte","2044700","Mora","Anual","160"
"2012","76111","Buga","Centro","2044700","Mora","Anual","125"
"2012","76041","Ansermanuevo","Norte","2044700","Mora","Anual","54"
"2012","76250","El Dovio","Norte","2044700","Mora","Anual","18"
"2012","76306","Ginebra","Sur","2044700","Mora","Anual","80"
"2012","76275","Florida","Sur","2044700","Mora","Anual","135"
"2012","76126","Calima Darién","Centro","2044700","Mora","Anual","111"
"2012","76243","El Aguila","Norte","2044700","Mora","Anual","66"
"2012","76863","Versalles","Norte","2044700","Mora","Anual","39"
"2012","76892","Yumbo","Sur","2044700","Mora","Anual","8"
"2011","76520","Palmira","Sur","2044700","Mora","Anual","118"
"2011","76318","Guacarí","Centro","2044700","Mora","Anual","490"
"2011","76364","Jamundí","Sur","2044700","Mora","Anual","88"
"2011","76828","Trujillo","Centro","2044700","Mora","Anual","227"
"2011","76736","Sevilla","Centro","2044700","Mora","Anual","51"
"2011","76834","Tuluá","Centro","2044700","Mora","Anual","494"
"2011","76670","San Pedro","Centro","2044700","Mora","Anual","84"
"2011","76622","Roldanillo","Norte","2044700","Mora","Anual","13"
"2011","76100","Bolivar","Norte","2044700","Mora","Anual","160"
"2011","76111","Buga","Centro","2044700","Mora","Anual","125"
"2011","76001","Cali","Sur","2044700","Mora","Anual","98"
"2011","76041","Ansermanuevo","Norte","2044700","Mora","Anual","21"
"2011","76243","El Aguila","Norte","2044700","Mora","Anual","50"
"2011","76275","Florida","Sur","2044700","Mora","Anual","135"
"2011","76306","Ginebra","Sur","2044700","Mora","Anual","11"
"2011","76126","Calima Darién","Centro","2044700","Mora","Anual","243"
"2011","76863","Versalles","Norte","2044700","Mora","Anual","49"
"2011","76892","Yumbo","Sur","2044700","Mora","Anual","5"
"2010","76520","Palmira","Sur","2044700","Mora","Anual","118"
"2010","76318","Guacarí","Centro","2044700","Mora","Anual","490"
"2010","76306","Ginebra","Sur","2044700","Mora","Anual","468"
"2010","76364","Jamundí","Sur","2044700","Mora","Anual","200"
"2010","76736","Sevilla","Centro","2044700","Mora","Anual","45"
"2010","76834","Tuluá","Centro","2044700","Mora","Anual","512"
"2010","76828","Trujillo","Centro","2044700","Mora","Anual","227"
"2010","76616","Riofrío","Centro","2044700","Mora","Anual","105"
"2010","76606","Restrepo","Centro","2044700","Mora","Anual","48"
"2010","76622","Roldanillo","Norte","2044700","Mora","Anual","10"
"2010","76100","Bolivar","Norte","2044700","Mora","Anual","138"
"2010","76111","Buga","Centro","2044700","Mora","Anual","196"
"2010","76001","Cali","Sur","2044700","Mora","Anual","120"
"2010","76041","Ansermanuevo","Norte","2044700","Mora","Anual","54"
"2010","76246","El Cairo","Norte","2044700","Mora","Anual","4"
"2010","76243","El Aguila","Norte","2044700","Mora","Anual","110"
"2010","76275","Florida","Sur","2044700","Mora","Anual","135"
"2010","76250","El Dovio","Norte","2044700","Mora","Anual","18"
"2010","76126","Calima Darién","Centro","2044700","Mora","Anual","219"
"2010","76863","Versalles","Norte","2044700","Mora","Anual","59"
"2009","76520","Palmira","Sur","2044700","Mora","Anual","118"
"2009","76606","Restrepo","Centro","2044700","Mora","Anual","48"
"2009","76318","Guacarí","Centro","2044700","Mora","Anual","425"
"2009","76364","Jamundí","Sur","2044700","Mora","Anual","480"
"2009","76828","Trujillo","Centro","2044700","Mora","Anual","116"
"2009","76834","Tuluá","Centro","2044700","Mora","Anual","422"
"2009","76736","Sevilla","Centro","2044700","Mora","Anual","53"
"2009","76616","Riofrío","Centro","2044700","Mora","Anual","105"
"2009","76670","San Pedro","Centro","2044700","Mora","Anual","56"
"2009","76622","Roldanillo","Norte","2044700","Mora","Anual","4"
"2009","76100","Bolivar","Norte","2044700","Mora","Anual","95"
"2009","76111","Buga","Centro","2044700","Mora","Anual","112"
"2009","76001","Cali","Sur","2044700","Mora","Anual","96"
"2009","76054","Argelia","Norte","2044700","Mora","Anual","0"
"2009","76041","Ansermanuevo","Norte","2044700","Mora","Anual","30"
"2009","76243","El Aguila","Norte","2044700","Mora","Anual","61"
"2009","76306","Ginebra","Sur","2044700","Mora","Anual","468"
"2009","76275","Florida","Sur","2044700","Mora","Anual","196"
"2009","76126","Calima Darién","Centro","2044700","Mora","Anual","189"
"2009","76863","Versalles","Norte","2044700","Mora","Anual","24"
"2008","76520","Palmira","Sur","2044700","Mora","Anual","24"
"2008","76318","Guacarí","Centro","2044700","Mora","Anual","425"
"2008","76377","La Cumbre","Sur","2044700","Mora","Anual","425"
"2008","76364","Jamundí","Sur","2044700","Mora","Anual","835"
"2008","76670","San Pedro","Centro","2044700","Mora","Anual","56"
"2008","76736","Sevilla","Centro","2044700","Mora","Anual","40"
"2008","76834","Tuluá","Centro","2044700","Mora","Anual","513"
"2008","76828","Trujillo","Centro","2044700","Mora","Anual","348"
"2008","76616","Riofrío","Centro","2044700","Mora","Anual","60"
"2008","76100","Bolivar","Norte","2044700","Mora","Anual","80"
"2008","76111","Buga","Centro","2044700","Mora","Anual","85"
"2008","76041","Ansermanuevo","Norte","2044700","Mora","Anual","24"
"2008","76243","El Aguila","Norte","2044700","Mora","Anual","39"
"2008","76275","Florida","Sur","2044700","Mora","Anual","100"
"2008","76306","Ginebra","Sur","2044700","Mora","Anual","442"
"2008","76126","Calima Darién","Centro","2044700","Mora","Anual","174"
"2008","76863","Versalles","Norte","2044700","Mora","Anual","23"
"2007","76520","Palmira","Sur","2044700","Mora","Anual","24"
"2007","76318","Guacarí","Centro","2044700","Mora","Anual","380"
"2007","76364","Jamundí","Sur","2044700","Mora","Anual","58"
"2007","76736","Sevilla","Centro","2044700","Mora","Anual","36"
"2007","76834","Tuluá","Centro","2044700","Mora","Anual","270"
"2007","76828","Trujillo","Centro","2044700","Mora","Anual","2.310"
"2007","76616","Riofrío","Centro","2044700","Mora","Anual","110"
"2007","76670","San Pedro","Centro","2044700","Mora","Anual","63"
"2007","76100","Bolivar","Norte","2044700","Mora","Anual","85"
"2007","76111","Buga","Centro","2044700","Mora","Anual","301"
"2007","76041","Ansermanuevo","Norte","2044700","Mora","Anual","54"
"2007","76248","El Cerrito","Sur","2044700","Mora","Anual","80"
"2007","76243","El Aguila","Norte","2044700","Mora","Anual","281"
"2007","76246","El Cairo","Norte","2044700","Mora","Anual","41"
"2007","76306","Ginebra","Sur","2044700","Mora","Anual","442"
"2007","76275","Florida","Sur","2044700","Mora","Anual","98"
"2007","76126","Calima Darién","Centro","2044700","Mora","Anual","171"
"2007","76863","Versalles","Norte","2044700","Mora","Anual","20"
"2006","76520","Palmira","Sur","2044700","Mora","Anual","135"
"2006","76318","Guacarí","Centro","2044700","Mora","Anual","350"
"2006","76364","Jamundí","Sur","2044700","Mora","Anual","419"
"2006","76828","Trujillo","Centro","2044700","Mora","Anual","1.495"
"2006","76834","Tuluá","Centro","2044700","Mora","Anual","1.020"
"2006","76616","Riofrío","Centro","2044700","Mora","Anual","110"
"2006","76670","San Pedro","Centro","2044700","Mora","Anual","46"
"2006","76100","Bolivar","Norte","2044700","Mora","Anual","100"
"2006","76111","Buga","Centro","2044700","Mora","Anual","231"
"2006","76001","Cali","Sur","2044700","Mora","Anual","36"
"2006","76041","Ansermanuevo","Norte","2044700","Mora","Anual","54"
"2006","76243","El Aguila","Norte","2044700","Mora","Anual","281"
"2006","76275","Florida","Sur","2044700","Mora","Anual","190"
"2006","76306","Ginebra","Sur","2044700","Mora","Anual","442"
"2006","76126","Calima Darién","Centro","2044700","Mora","Anual","141"
"2006","76863","Versalles","Norte","2044700","Mora","Anual","12"
"2005","76364","Jamundí","Sur","2044700","Mora","Anual","324"
"2005","76318","Guacarí","Centro","2044700","Mora","Anual","225"
"2005","76377","La Cumbre","Sur","2044700","Mora","Anual","1"
"2005","76670","San Pedro","Centro","2044700","Mora","Anual","45"
"2005","76828","Trujillo","Centro","2044700","Mora","Anual","1.320"
"2005","76616","Riofrío","Centro","2044700","Mora","Anual","114"
"2005","76100","Bolivar","Norte","2044700","Mora","Anual","125"
"2005","76111","Buga","Centro","2044700","Mora","Anual","182"
"2005","76001","Cali","Sur","2044700","Mora","Anual","36"
"2005","76243","El Aguila","Norte","2044700","Mora","Anual","281"
"2005","76246","El Cairo","Norte","2044700","Mora","Anual","25"
"2005","76306","Ginebra","Sur","2044700","Mora","Anual","421"
"2005","76275","Florida","Sur","2044700","Mora","Anual","190"
"2005","76126","Calima Darién","Centro","2044700","Mora","Anual","82"
"2005","76834","Tuluá","Centro","2044700","Mora","Anual","816"
"2004","76563","Pradera","Sur","2044700","Mora","Anual","102"
"2004","76520","Palmira","Sur","2044700","Mora","Anual","41"
"2004","76364","Jamundí","Sur","2044700","Mora","Anual","332"
"2004","76318","Guacarí","Centro","2044700","Mora","Anual","198"
"2004","76377","La Cumbre","Sur","2044700","Mora","Anual","1"
"2004","76834","Tuluá","Centro","2044700","Mora","Anual","777"
"2004","76828","Trujillo","Centro","2044700","Mora","Anual","2.127"
"2004","76616","Riofrío","Centro","2044700","Mora","Anual","86"
"2004","76670","San Pedro","Centro","2044700","Mora","Anual","45"
"2004","76622","Roldanillo","Norte","2044700","Mora","Anual","17"
"2004","76100","Bolivar","Norte","2044700","Mora","Anual","128"
"2004","76111","Buga","Centro","2044700","Mora","Anual","439"
"2004","76001","Cali","Sur","2044700","Mora","Anual","34"
"2004","76250","El Dovio","Norte","2044700","Mora","Anual","23"
"2004","76246","El Cairo","Norte","2044700","Mora","Anual","24"
"2004","76306","Ginebra","Sur","2044700","Mora","Anual","405"
"2004","76275","Florida","Sur","2044700","Mora","Anual","183"
"2004","76126","Calima Darién","Centro","2044700","Mora","Anual","82"
"2004","76243","El Aguila","Norte","2044700","Mora","Anual","281"
"2004","76863","Versalles","Norte","2044700","Mora","Anual","24"
"2003","76563","Pradera","Sur","2044700","Mora","Anual","102"
"2003","76520","Palmira","Sur","2044700","Mora","Anual","39"
"2003","76318","Guacarí","Centro","2044700","Mora","Anual","279"
"2003","76377","La Cumbre","Sur","2044700","Mora","Anual","19"
"2003","76364","Jamundí","Sur","2044700","Mora","Anual","348"
"2003","76834","Tuluá","Centro","2044700","Mora","Anual","960"
"2003","76828","Trujillo","Centro","2044700","Mora","Anual","2.002"
"2003","76670","San Pedro","Centro","2044700","Mora","Anual","42"
"2003","76616","Riofrío","Centro","2044700","Mora","Anual","81"
"2003","76622","Roldanillo","Norte","2044700","Mora","Anual","43"
"2003","76100","Bolivar","Norte","2044700","Mora","Anual","130"
"2003","76111","Buga","Centro","2044700","Mora","Anual","325"
"2003","76054","Argelia","Norte","2044700","Mora","Anual","26"
"2003","76041","Ansermanuevo","Norte","2044700","Mora","Anual","72"
"2003","76250","El Dovio","Norte","2044700","Mora","Anual","38"
"2003","76246","El Cairo","Norte","2044700","Mora","Anual","50"
"2003","76306","Ginebra","Sur","2044700","Mora","Anual","362"
"2003","76275","Florida","Sur","2044700","Mora","Anual","172"
"2003","76243","El Aguila","Norte","2044700","Mora","Anual","264"
"2003","76126","Calima Darién","Centro","2044700","Mora","Anual","154"
"2003","76892","Yumbo","Sur","2044700","Mora","Anual","17"
"2003","76863","Versalles","Norte","2044700","Mora","Anual","20"
"2002","76563","Pradera","Sur","2044700","Mora","Anual","85"
"2002","76520","Palmira","Sur","2044700","Mora","Anual","32"
"2002","76318","Guacarí","Centro","2044700","Mora","Anual","223"
"2002","76377","La Cumbre","Sur","2044700","Mora","Anual","12"
"2002","76364","Jamundí","Sur","2044700","Mora","Anual","272"
"2002","76834","Tuluá","Centro","2044700","Mora","Anual","800"
"2002","76828","Trujillo","Centro","2044700","Mora","Anual","2.002"
"2002","76616","Riofrío","Centro","2044700","Mora","Anual","46"
"2002","76670","San Pedro","Centro","2044700","Mora","Anual","42"
"2002","76622","Roldanillo","Norte","2044700","Mora","Anual","43"
"2002","76100","Bolivar","Norte","2044700","Mora","Anual","125"
"2002","76111","Buga","Centro","2044700","Mora","Anual","295"
"2002","76054","Argelia","Norte","2044700","Mora","Anual","24"
"2002","76041","Ansermanuevo","Norte","2044700","Mora","Anual","56"
"2002","76246","El Cairo","Norte","2044700","Mora","Anual","19"
"2002","76306","Ginebra","Sur","2044700","Mora","Anual","333"
"2002","76275","Florida","Sur","2044700","Mora","Anual","108"
"2002","76243","El Aguila","Norte","2044700","Mora","Anual","250"
"2002","76126","Calima Darién","Centro","2044700","Mora","Anual","112"
"2002","76863","Versalles","Norte","2044700","Mora","Anual","20"
"2002","76892","Yumbo","Sur","2044700","Mora","Anual","15"
"2001","76563","Pradera","Sur","2044700","Mora","Anual","85"
"2001","76364","Jamundí","Sur","2044700","Mora","Anual","151"
"2001","76318","Guacarí","Centro","2044700","Mora","Anual","43"
"2001","76377","La Cumbre","Sur","2044700","Mora","Anual","4"
"2001","76828","Trujillo","Centro","2044700","Mora","Anual","1.080"
"2001","76834","Tuluá","Centro","2044700","Mora","Anual","603"
"2001","76670","San Pedro","Centro","2044700","Mora","Anual","77"
"2001","76622","Roldanillo","Norte","2044700","Mora","Anual","6"
"2001","76100","Bolivar","Norte","2044700","Mora","Anual","125"
"2001","76111","Buga","Centro","2044700","Mora","Anual","275"
"2001","76041","Ansermanuevo","Norte","2044700","Mora","Anual","24"
"2001","76246","El Cairo","Norte","2044700","Mora","Anual","18"
"2001","76306","Ginebra","Sur","2044700","Mora","Anual","224"
"2001","76275","Florida","Sur","2044700","Mora","Anual","174"
"2001","76243","El Aguila","Norte","2044700","Mora","Anual","222"
"2001","76126","Calima Darién","Centro","2044700","Mora","Anual","140"
"2001","76892","Yumbo","Sur","2044700","Mora","Anual","15"
"2000","76563","Pradera","Sur","2044700","Mora","Anual","85"
"2000","76318","Guacarí","Centro","2044700","Mora","Anual","157,5"
"2000","76364","Jamundí","Sur","2044700","Mora","Anual","370"
"2000","76377","La Cumbre","Sur","2044700","Mora","Anual","56"
"2000","76834","Tuluá","Centro","2044700","Mora","Anual","795"
"2000","76828","Trujillo","Centro","2044700","Mora","Anual","2.550"
"2000","76616","Riofrío","Centro","2044700","Mora","Anual","85"
"2000","76670","San Pedro","Centro","2044700","Mora","Anual","98"
"2000","76622","Roldanillo","Norte","2044700","Mora","Anual","36,48"
"2000","76100","Bolivar","Norte","2044700","Mora","Anual","100"
"2000","76111","Buga","Centro","2044700","Mora","Anual","371"
"2000","76001","Cali","Sur","2044700","Mora","Anual","48"
"2000","76041","Ansermanuevo","Norte","2044700","Mora","Anual","40"
"2000","76306","Ginebra","Sur","2044700","Mora","Anual","518"
"2000","76275","Florida","Sur","2044700","Mora","Anual","320"
"2000","76243","El Aguila","Norte","2044700","Mora","Anual","177"
"2000","76246","El Cairo","Norte","2044700","Mora","Anual","13,0112"
"2000","76126","Calima Darién","Centro","2044700","Mora","Anual","108"
"2000","76892","Yumbo","Sur","2044700","Mora","Anual","26,6"
"2022","76563","Pradera","Sur","2042900","Guanábana","Anual","180"
"2022","76497","Obando","Norte","2042900","Guanábana","Anual","42"
"2022","76318","Guacarí","Centro","2042900","Guanábana","Anual","957,7"
"2022","76364","Jamundí","Sur","2042900","Guanábana","Anual","30"
"2022","76736","Sevilla","Centro","2042900","Guanábana","Anual","330"
"2022","76670","San Pedro","Centro","2042900","Guanábana","Anual","144"
"2022","76622","Roldanillo","Norte","2042900","Guanábana","Anual","300"
"2022","76041","Ansermanuevo","Norte","2042900","Guanábana","Anual","380"
"2022","76100","Bolivar","Norte","2042900","Guanábana","Anual","72"
"2022","76020","Alcalá","Norte","2042900","Guanábana","Anual","260"
"2022","76113","Bugalagrande","Centro","2042900","Guanábana","Anual","540"
"2022","76122","Caicedonia","Centro","2042900","Guanábana","Anual","800"
"2022","76275","Florida","Sur","2042900","Guanábana","Anual","94,6"
"2022","76233","Dagua","Sur","2042900","Guanábana","Anual","490"
"2022","76828","Trujillo","Centro","2042900","Guanábana","Anual","5,88"
"2022","76892","Yumbo","Sur","2042900","Guanábana","Anual","62,4"
"2022","76895","Zarzal","Norte","2042900","Guanábana","Anual","2,5"
"2021","76497","Obando","Norte","2042900","Guanábana","Anual","36"
"2021","76318","Guacarí","Centro","2042900","Guanábana","Anual","980"
"2021","76670","San Pedro","Centro","2042900","Guanábana","Anual","187"
"2021","76823","Toro","Norte","2042900","Guanábana","Anual","120"
"2021","76736","Sevilla","Centro","2042900","Guanábana","Anual","240"
"2021","76563","Pradera","Sur","2042900","Guanábana","Anual","167,1"
"2021","76622","Roldanillo","Norte","2042900","Guanábana","Anual","264"
"2021","76100","Bolivar","Norte","2042900","Guanábana","Anual","95,04"
"2021","76113","Bugalagrande","Centro","2042900","Guanábana","Anual","540"
"2021","76020","Alcalá","Norte","2042900","Guanábana","Anual","331,63"
"2021","76041","Ansermanuevo","Norte","2042900","Guanábana","Anual","612"
"2021","76122","Caicedonia","Centro","2042900","Guanábana","Anual","880"
"2021","76233","Dagua","Sur","2042900","Guanábana","Anual","350"
"2021","76892","Yumbo","Sur","2042900","Guanábana","Anual","78,6"
"2021","76895","Zarzal","Norte","2042900","Guanábana","Anual","2,5"
"2021","76828","Trujillo","Centro","2042900","Guanábana","Anual","16,48"
"2020","76497","Obando","Norte","2042900","Guanábana","Anual","3"
"2020","76563","Pradera","Sur","2042900","Guanábana","Anual","180"
"2020","76823","Toro","Norte","2042900","Guanábana","Anual","120"
"2020","76828","Trujillo","Centro","2042900","Guanábana","Anual","46,4"
"2020","76622","Roldanillo","Norte","2042900","Guanábana","Anual","100"
"2020","76736","Sevilla","Centro","2042900","Guanábana","Anual","112"
"2020","76670","San Pedro","Centro","2042900","Guanábana","Anual","187"
"2020","76100","Bolivar","Norte","2042900","Guanábana","Anual","140"
"2020","76113","Bugalagrande","Centro","2042900","Guanábana","Anual","495"
"2020","76020","Alcalá","Norte","2042900","Guanábana","Anual","130"
"2020","76041","Ansermanuevo","Norte","2042900","Guanábana","Anual","612"
"2020","76122","Caicedonia","Centro","2042900","Guanábana","Anual","1.595"
"2020","76318","Guacarí","Centro","2042900","Guanábana","Anual","1.060"
"2020","76233","Dagua","Sur","2042900","Guanábana","Anual","300"
"2020","76895","Zarzal","Norte","2042900","Guanábana","Anual","2,5"
"2020","76892","Yumbo","Sur","2042900","Guanábana","Anual","68,1"
"2019","76563","Pradera","Sur","2042900","Guanábana","Anual","288,3"
"2019","76497","Obando","Norte","2042900","Guanábana","Anual","0"
"2019","76400","La Unión","Norte","2042900","Guanábana","Anual","87,6"
"2019","76828","Trujillo","Centro","2042900","Guanábana","Anual","28"
"2019","76622","Roldanillo","Norte","2042900","Guanábana","Anual","100,1"
"2019","76823","Toro","Norte","2042900","Guanábana","Anual","120"
"2019","76670","San Pedro","Centro","2042900","Guanábana","Anual","144,5"
"2019","76100","Bolivar","Norte","2042900","Guanábana","Anual","140"
"2019","76113","Bugalagrande","Centro","2042900","Guanábana","Anual","495"
"2019","76122","Caicedonia","Centro","2042900","Guanábana","Anual","858"
"2019","76020","Alcalá","Norte","2042900","Guanábana","Anual","130"
"2019","76001","Cali","Sur","2042900","Guanábana","Anual","0"
"2019","76041","Ansermanuevo","Norte","2042900","Guanábana","Anual","576"
"2019","76318","Guacarí","Centro","2042900","Guanábana","Anual","480"
"2019","76147","Cartago","Norte","2042900","Guanábana","Anual","90"
"2019","76233","Dagua","Sur","2042900","Guanábana","Anual","525"
"2019","76892","Yumbo","Sur","2042900","Guanábana","Anual","90,6"
"2019","76895","Zarzal","Norte","2042900","Guanábana","Anual","98"
"2018","76563","Pradera","Sur","2042900","Guanábana","Anual","450"
"2018","76400","La Unión","Norte","2042900","Guanábana","Anual","87,6"
"2018","76834","Tuluá","Centro","2042900","Guanábana","Anual","49"
"2018","76828","Trujillo","Centro","2042900","Guanábana","Anual","28"
"2018","76670","San Pedro","Centro","2042900","Guanábana","Anual","153"
"2018","76622","Roldanillo","Norte","2042900","Guanábana","Anual","100,1"
"2018","76823","Toro","Norte","2042900","Guanábana","Anual","120"
"2018","76122","Caicedonia","Centro","2042900","Guanábana","Anual","847"
"2018","76113","Bugalagrande","Centro","2042900","Guanábana","Anual","495"
"2018","76020","Alcalá","Norte","2042900","Guanábana","Anual","60"
"2018","76100","Bolivar","Norte","2042900","Guanábana","Anual","210"
"2018","76041","Ansermanuevo","Norte","2042900","Guanábana","Anual","585"
"2018","76318","Guacarí","Centro","2042900","Guanábana","Anual","440"
"2018","76233","Dagua","Sur","2042900","Guanábana","Anual","330"
"2018","76892","Yumbo","Sur","2042900","Guanábana","Anual","66"
"2018","76895","Zarzal","Norte","2042900","Guanábana","Anual","95"
"2017","76563","Pradera","Sur","2042900","Guanábana","Anual","300"
"2017","76400","La Unión","Norte","2042900","Guanábana","Anual","87,6"
"2017","76834","Tuluá","Centro","2042900","Guanábana","Anual","49"
"2017","76828","Trujillo","Centro","2042900","Guanábana","Anual","35"
"2017","76670","San Pedro","Centro","2042900","Guanábana","Anual","144,5"
"2017","76622","Roldanillo","Norte","2042900","Guanábana","Anual","100,1"
"2017","76823","Toro","Norte","2042900","Guanábana","Anual","120"
"2017","76122","Caicedonia","Centro","2042900","Guanábana","Anual","896"
"2017","76113","Bugalagrande","Centro","2042900","Guanábana","Anual","440"
"2017","76020","Alcalá","Norte","2042900","Guanábana","Anual","0"
"2017","76100","Bolivar","Norte","2042900","Guanábana","Anual","210"
"2017","76041","Ansermanuevo","Norte","2042900","Guanábana","Anual","87"
"2017","76318","Guacarí","Centro","2042900","Guanábana","Anual","190"
"2017","76233","Dagua","Sur","2042900","Guanábana","Anual","120"
"2017","76147","Cartago","Norte","2042900","Guanábana","Anual","0"
"2017","76895","Zarzal","Norte","2042900","Guanábana","Anual","95"
"2016","76563","Pradera","Sur","2042900","Guanábana","Anual","300"
"2016","76403","La Victoria","Norte","2042900","Guanábana","Anual","0"
"2016","76400","La Unión","Norte","2042900","Guanábana","Anual","108"
"2016","76823","Toro","Norte","2042900","Guanábana","Anual","135"
"2016","76834","Tuluá","Centro","2042900","Guanábana","Anual","49"
"2016","76622","Roldanillo","Norte","2042900","Guanábana","Anual","100"
"2016","76670","San Pedro","Centro","2042900","Guanábana","Anual","102"
"2016","76113","Bugalagrande","Centro","2042900","Guanábana","Anual","495"
"2016","76122","Caicedonia","Centro","2042900","Guanábana","Anual","307"
"2016","76100","Bolivar","Norte","2042900","Guanábana","Anual","210"
"2016","76318","Guacarí","Centro","2042900","Guanábana","Anual","240"
"2015","76563","Pradera","Sur","2042900","Guanábana","Anual","300"
"2015","76400","La Unión","Norte","2042900","Guanábana","Anual","17"
"2015","76403","La Victoria","Norte","2042900","Guanábana","Anual","0"
"2015","76834","Tuluá","Centro","2042900","Guanábana","Anual","49"
"2015","76670","San Pedro","Centro","2042900","Guanábana","Anual","60"
"2015","76622","Roldanillo","Norte","2042900","Guanábana","Anual","100"
"2015","76823","Toro","Norte","2042900","Guanábana","Anual","432"
"2015","76122","Caicedonia","Centro","2042900","Guanábana","Anual","218"
"2015","76113","Bugalagrande","Centro","2042900","Guanábana","Anual","495"
"2015","76100","Bolivar","Norte","2042900","Guanábana","Anual","200"
"2015","76318","Guacarí","Centro","2042900","Guanábana","Anual","228"
"2015","76233","Dagua","Sur","2042900","Guanábana","Anual","54"
"2015","76895","Zarzal","Norte","2042900","Guanábana","Anual","351"
"2014","76563","Pradera","Sur","2042900","Guanábana","Anual","300"
"2014","76400","La Unión","Norte","2042900","Guanábana","Anual","17"
"2014","76823","Toro","Norte","2042900","Guanábana","Anual","1.121"
"2014","76834","Tuluá","Centro","2042900","Guanábana","Anual","64"
"2014","76622","Roldanillo","Norte","2042900","Guanábana","Anual","100"
"2014","76670","San Pedro","Centro","2042900","Guanábana","Anual","60"
"2014","76113","Bugalagrande","Centro","2042900","Guanábana","Anual","495"
"2014","76100","Bolivar","Norte","2042900","Guanábana","Anual","180"
"2014","76122","Caicedonia","Centro","2042900","Guanábana","Anual","620"
"2014","76318","Guacarí","Centro","2042900","Guanábana","Anual","210"
"2014","76233","Dagua","Sur","2042900","Guanábana","Anual","54"
"2014","76892","Yumbo","Sur","2042900","Guanábana","Anual","66"
"2014","76895","Zarzal","Norte","2042900","Guanábana","Anual","380"
"2013","76563","Pradera","Sur","2042900","Guanábana","Anual","300"
"2013","76318","Guacarí","Centro","2042900","Guanábana","Anual","170"
"2013","76400","La Unión","Norte","2042900","Guanábana","Anual","17"
"2013","76823","Toro","Norte","2042900","Guanábana","Anual","1.378"
"2013","76670","San Pedro","Centro","2042900","Guanábana","Anual","60"
"2013","76622","Roldanillo","Norte","2042900","Guanábana","Anual","119"
"2013","76100","Bolivar","Norte","2042900","Guanábana","Anual","180"
"2013","76113","Bugalagrande","Centro","2042900","Guanábana","Anual","495"
"2013","76122","Caicedonia","Centro","2042900","Guanábana","Anual","500"
"2013","76233","Dagua","Sur","2042900","Guanábana","Anual","54"
"2013","76892","Yumbo","Sur","2042900","Guanábana","Anual","66"
"2012","76520","Palmira","Sur","2042900","Guanábana","Anual","75"
"2012","76563","Pradera","Sur","2042900","Guanábana","Anual","300"
"2012","76318","Guacarí","Centro","2042900","Guanábana","Anual","170"
"2012","76400","La Unión","Norte","2042900","Guanábana","Anual","12"
"2012","76828","Trujillo","Centro","2042900","Guanábana","Anual","0"
"2012","76823","Toro","Norte","2042900","Guanábana","Anual","981"
"2012","76845","Ulloa","Norte","2042900","Guanábana","Anual","0"
"2012","76834","Tuluá","Centro","2042900","Guanábana","Anual","162"
"2012","76622","Roldanillo","Norte","2042900","Guanábana","Anual","119"
"2012","76616","Riofrío","Centro","2042900","Guanábana","Anual","0"
"2012","76670","San Pedro","Centro","2042900","Guanábana","Anual","60"
"2012","76100","Bolivar","Norte","2042900","Guanábana","Anual","81"
"2012","76113","Bugalagrande","Centro","2042900","Guanábana","Anual","495"
"2012","76111","Buga","Centro","2042900","Guanábana","Anual","65"
"2012","76041","Ansermanuevo","Norte","2042900","Guanábana","Anual","115"
"2012","76275","Florida","Sur","2042900","Guanábana","Anual","192"
"2012","76122","Caicedonia","Centro","2042900","Guanábana","Anual","240"
"2011","76520","Palmira","Sur","2042900","Guanábana","Anual","75"
"2011","76563","Pradera","Sur","2042900","Guanábana","Anual","300"
"2011","76318","Guacarí","Centro","2042900","Guanábana","Anual","190"
"2011","76400","La Unión","Norte","2042900","Guanábana","Anual","42"
"2011","76823","Toro","Norte","2042900","Guanábana","Anual","3.042"
"2011","76834","Tuluá","Centro","2042900","Guanábana","Anual","162"
"2011","76622","Roldanillo","Norte","2042900","Guanábana","Anual","100"
"2011","76616","Riofrío","Centro","2042900","Guanábana","Anual","0"
"2011","76113","Bugalagrande","Centro","2042900","Guanábana","Anual","495"
"2011","76111","Buga","Centro","2042900","Guanábana","Anual","65"
"2011","76100","Bolivar","Norte","2042900","Guanábana","Anual","42"
"2011","76275","Florida","Sur","2042900","Guanábana","Anual","192"
"2011","76122","Caicedonia","Centro","2042900","Guanábana","Anual","240"
"2011","76895","Zarzal","Norte","2042900","Guanábana","Anual","625"
"2011","76892","Yumbo","Sur","2042900","Guanábana","Anual","64"
"2010","76520","Palmira","Sur","2042900","Guanábana","Anual","75"
"2010","76563","Pradera","Sur","2042900","Guanábana","Anual","300"
"2010","76318","Guacarí","Centro","2042900","Guanábana","Anual","190"
"2010","76400","La Unión","Norte","2042900","Guanábana","Anual","83"
"2010","76828","Trujillo","Centro","2042900","Guanábana","Anual","0"
"2010","76823","Toro","Norte","2042900","Guanábana","Anual","3.060"
"2010","76834","Tuluá","Centro","2042900","Guanábana","Anual","162"
"2010","76616","Riofrío","Centro","2042900","Guanábana","Anual","0"
"2010","76622","Roldanillo","Norte","2042900","Guanábana","Anual","122"
"2010","76100","Bolivar","Norte","2042900","Guanábana","Anual","42"
"2010","76111","Buga","Centro","2042900","Guanábana","Anual","78"
"2010","76036","Andalucia","Centro","2042900","Guanábana","Anual","0"
"2010","76041","Ansermanuevo","Norte","2042900","Guanábana","Anual","102"
"2010","76275","Florida","Sur","2042900","Guanábana","Anual","192"
"2010","76122","Caicedonia","Centro","2042900","Guanábana","Anual","210"
"2010","76113","Bugalagrande","Centro","2042900","Guanábana","Anual","550"
"2010","76895","Zarzal","Norte","2042900","Guanábana","Anual","580"
"2010","76892","Yumbo","Sur","2042900","Guanábana","Anual","64"
"2009","76520","Palmira","Sur","2042900","Guanábana","Anual","75"
"2009","76563","Pradera","Sur","2042900","Guanábana","Anual","300"
"2009","76318","Guacarí","Centro","2042900","Guanábana","Anual","180"
"2009","76400","La Unión","Norte","2042900","Guanábana","Anual","83"
"2009","76828","Trujillo","Centro","2042900","Guanábana","Anual","0"
"2009","76823","Toro","Norte","2042900","Guanábana","Anual","2.880"
"2009","76834","Tuluá","Centro","2042900","Guanábana","Anual","162"
"2009","76622","Roldanillo","Norte","2042900","Guanábana","Anual","150"
"2009","76616","Riofrío","Centro","2042900","Guanábana","Anual","0"
"2009","76100","Bolivar","Norte","2042900","Guanábana","Anual","42"
"2009","76113","Bugalagrande","Centro","2042900","Guanábana","Anual","550"
"2009","76111","Buga","Centro","2042900","Guanábana","Anual","95"
"2009","76041","Ansermanuevo","Norte","2042900","Guanábana","Anual","51"
"2009","76275","Florida","Sur","2042900","Guanábana","Anual","138"
"2009","76122","Caicedonia","Centro","2042900","Guanábana","Anual","180"
"2009","76895","Zarzal","Norte","2042900","Guanábana","Anual","900"
"2009","76892","Yumbo","Sur","2042900","Guanábana","Anual","84"
"2008","76400","La Unión","Norte","2042900","Guanábana","Anual","62"
"2008","76563","Pradera","Sur","2042900","Guanábana","Anual","300"
"2008","76520","Palmira","Sur","2042900","Guanábana","Anual","72"
"2008","76364","Jamundí","Sur","2042900","Guanábana","Anual","48"
"2008","76318","Guacarí","Centro","2042900","Guanábana","Anual","180"
"2008","76377","La Cumbre","Sur","2042900","Guanábana","Anual","180"
"2008","76823","Toro","Norte","2042900","Guanábana","Anual","3.060"
"2008","76616","Riofrío","Centro","2042900","Guanábana","Anual","0"
"2008","76670","San Pedro","Centro","2042900","Guanábana","Anual","40"
"2008","76100","Bolivar","Norte","2042900","Guanábana","Anual","0"
"2008","76111","Buga","Centro","2042900","Guanábana","Anual","88"
"2008","76036","Andalucia","Centro","2042900","Guanábana","Anual","49"
"2008","76041","Ansermanuevo","Norte","2042900","Guanábana","Anual","60"
"2008","76113","Bugalagrande","Centro","2042900","Guanábana","Anual","550"
"2008","76233","Dagua","Sur","2042900","Guanábana","Anual","48"
"2008","76895","Zarzal","Norte","2042900","Guanábana","Anual","900"
"2008","76892","Yumbo","Sur","2042900","Guanábana","Anual","72"
"2007","76520","Palmira","Sur","2042900","Guanábana","Anual","72"
"2007","76563","Pradera","Sur","2042900","Guanábana","Anual","340"
"2007","76364","Jamundí","Sur","2042900","Guanábana","Anual","64"
"2007","76318","Guacarí","Centro","2042900","Guanábana","Anual","190"
"2007","76400","La Unión","Norte","2042900","Guanábana","Anual","93"
"2007","76823","Toro","Norte","2042900","Guanábana","Anual","4.080"
"2007","76834","Tuluá","Centro","2042900","Guanábana","Anual","525"
"2007","76616","Riofrío","Centro","2042900","Guanábana","Anual","0"
"2007","76113","Bugalagrande","Centro","2042900","Guanábana","Anual","550"
"2007","76111","Buga","Centro","2042900","Guanábana","Anual","160"
"2007","76036","Andalucia","Centro","2042900","Guanábana","Anual","560"
"2007","76041","Ansermanuevo","Norte","2042900","Guanábana","Anual","225"
"2007","76275","Florida","Sur","2042900","Guanábana","Anual","128"
"2007","76233","Dagua","Sur","2042900","Guanábana","Anual","48"
"2007","76895","Zarzal","Norte","2042900","Guanábana","Anual","560"
"2007","76892","Yumbo","Sur","2042900","Guanábana","Anual","112"
"2006","76520","Palmira","Sur","2042900","Guanábana","Anual","72"
"2006","76563","Pradera","Sur","2042900","Guanábana","Anual","340"
"2006","76318","Guacarí","Centro","2042900","Guanábana","Anual","220"
"2006","76400","La Unión","Norte","2042900","Guanábana","Anual","93"
"2006","76823","Toro","Norte","2042900","Guanábana","Anual","6.120"
"2006","76834","Tuluá","Centro","2042900","Guanábana","Anual","380"
"2006","76736","Sevilla","Centro","2042900","Guanábana","Anual","72"
"2006","76670","San Pedro","Centro","2042900","Guanábana","Anual","38"
"2006","76111","Buga","Centro","2042900","Guanábana","Anual","135"
"2006","76036","Andalucia","Centro","2042900","Guanábana","Anual","66"
"2006","76100","Bolivar","Norte","2042900","Guanábana","Anual","54"
"2006","76041","Ansermanuevo","Norte","2042900","Guanábana","Anual","225"
"2006","76275","Florida","Sur","2042900","Guanábana","Anual","128"
"2006","76113","Bugalagrande","Centro","2042900","Guanábana","Anual","550"
"2006","76122","Caicedonia","Centro","2042900","Guanábana","Anual","0"
"2006","76233","Dagua","Sur","2042900","Guanábana","Anual","72"
"2006","76895","Zarzal","Norte","2042900","Guanábana","Anual","816"
"2006","76892","Yumbo","Sur","2042900","Guanábana","Anual","116"
"2005","76563","Pradera","Sur","2042900","Guanábana","Anual","272"
"2005","76400","La Unión","Norte","2042900","Guanábana","Anual","93"
"2005","76823","Toro","Norte","2042900","Guanábana","Anual","4.128"
"2005","76736","Sevilla","Centro","2042900","Guanábana","Anual","64"
"2005","76834","Tuluá","Centro","2042900","Guanábana","Anual","315"
"2005","76111","Buga","Centro","2042900","Guanábana","Anual","135"
"2005","76113","Bugalagrande","Centro","2042900","Guanábana","Anual","550"
"2005","76036","Andalucia","Centro","2042900","Guanábana","Anual","61"
"2005","76100","Bolivar","Norte","2042900","Guanábana","Anual","54"
"2005","76041","Ansermanuevo","Norte","2042900","Guanábana","Anual","195"
"2005","76318","Guacarí","Centro","2042900","Guanábana","Anual","124"
"2005","76275","Florida","Sur","2042900","Guanábana","Anual","128"
"2005","76147","Cartago","Norte","2042900","Guanábana","Anual","23"
"2005","76122","Caicedonia","Centro","2042900","Guanábana","Anual","0"
"2005","76233","Dagua","Sur","2042900","Guanábana","Anual","72"
"2005","76895","Zarzal","Norte","2042900","Guanábana","Anual","160"
"2005","76892","Yumbo","Sur","2042900","Guanábana","Anual","116"
"2004","76563","Pradera","Sur","2042900","Guanábana","Anual","272"
"2004","76364","Jamundí","Sur","2042900","Guanábana","Anual","57"
"2004","76400","La Unión","Norte","2042900","Guanábana","Anual","195"
"2004","76736","Sevilla","Centro","2042900","Guanábana","Anual","0"
"2004","76823","Toro","Norte","2042900","Guanábana","Anual","1.562"
"2004","76834","Tuluá","Centro","2042900","Guanábana","Anual","170"
"2004","76113","Bugalagrande","Centro","2042900","Guanábana","Anual","550"
"2004","76111","Buga","Centro","2042900","Guanábana","Anual","150"
"2004","76036","Andalucia","Centro","2042900","Guanábana","Anual","61"
"2004","76041","Ansermanuevo","Norte","2042900","Guanábana","Anual","195"
"2004","76275","Florida","Sur","2042900","Guanábana","Anual","128"
"2004","76147","Cartago","Norte","2042900","Guanábana","Anual","23"
"2004","76895","Zarzal","Norte","2042900","Guanábana","Anual","76"
"2004","76892","Yumbo","Sur","2042900","Guanábana","Anual","116"
"2003","76563","Pradera","Sur","2042900","Guanábana","Anual","272"
"2003","76318","Guacarí","Centro","2042900","Guanábana","Anual","140"
"2003","76400","La Unión","Norte","2042900","Guanábana","Anual","138"
"2003","76823","Toro","Norte","2042900","Guanábana","Anual","1.177"
"2003","76834","Tuluá","Centro","2042900","Guanábana","Anual","136"
"2003","76113","Bugalagrande","Centro","2042900","Guanábana","Anual","550"
"2003","76111","Buga","Centro","2042900","Guanábana","Anual","272"
"2003","76036","Andalucia","Centro","2042900","Guanábana","Anual","61"
"2003","76275","Florida","Sur","2042900","Guanábana","Anual","112"
"2003","76147","Cartago","Norte","2042900","Guanábana","Anual","21"
"2003","76895","Zarzal","Norte","2042900","Guanábana","Anual","57"
"2003","76892","Yumbo","Sur","2042900","Guanábana","Anual","131"
"2002","76563","Pradera","Sur","2042900","Guanábana","Anual","187"
"2002","76318","Guacarí","Centro","2042900","Guanábana","Anual","112"
"2002","76400","La Unión","Norte","2042900","Guanábana","Anual","102"
"2002","76823","Toro","Norte","2042900","Guanábana","Anual","616"
"2002","76834","Tuluá","Centro","2042900","Guanábana","Anual","105"
"2002","76670","San Pedro","Centro","2042900","Guanábana","Anual","0"
"2002","76113","Bugalagrande","Centro","2042900","Guanábana","Anual","550"
"2002","76111","Buga","Centro","2042900","Guanábana","Anual","280"
"2002","76036","Andalucia","Centro","2042900","Guanábana","Anual","61"
"2002","76041","Ansermanuevo","Norte","2042900","Guanábana","Anual","90"
"2002","76275","Florida","Sur","2042900","Guanábana","Anual","77"
"2002","76147","Cartago","Norte","2042900","Guanábana","Anual","23"
"2002","76892","Yumbo","Sur","2042900","Guanábana","Anual","84"
"2001","76497","Obando","Norte","2042900","Guanábana","Anual","72"
"2001","76563","Pradera","Sur","2042900","Guanábana","Anual","187"
"2001","76318","Guacarí","Centro","2042900","Guanábana","Anual","128"
"2001","76400","La Unión","Norte","2042900","Guanábana","Anual","69"
"2001","76823","Toro","Norte","2042900","Guanábana","Anual","560"
"2001","76834","Tuluá","Centro","2042900","Guanábana","Anual","162"
"2001","76670","San Pedro","Centro","2042900","Guanábana","Anual","0"
"2001","76113","Bugalagrande","Centro","2042900","Guanábana","Anual","550"
"2001","76111","Buga","Centro","2042900","Guanábana","Anual","400"
"2001","76036","Andalucia","Centro","2042900","Guanábana","Anual","61"
"2001","76041","Ansermanuevo","Norte","2042900","Guanábana","Anual","90"
"2001","76275","Florida","Sur","2042900","Guanábana","Anual","77"
"2001","76147","Cartago","Norte","2042900","Guanábana","Anual","23"
"2001","76892","Yumbo","Sur","2042900","Guanábana","Anual","84"
"2000","76497","Obando","Norte","2042900","Guanábana","Anual","72"
"2000","76520","Palmira","Sur","2042900","Guanábana","Anual","0"
"2000","76563","Pradera","Sur","2042900","Guanábana","Anual","187"
"2000","76318","Guacarí","Centro","2042900","Guanábana","Anual","93,75"
"2000","76400","La Unión","Norte","2042900","Guanábana","Anual","56"
"2000","76823","Toro","Norte","2042900","Guanábana","Anual","1.423,2"
"2000","76834","Tuluá","Centro","2042900","Guanábana","Anual","216"
"2000","76670","San Pedro","Centro","2042900","Guanábana","Anual","0"
"2000","76111","Buga","Centro","2042900","Guanábana","Anual","522,5"
"2000","76113","Bugalagrande","Centro","2042900","Guanábana","Anual","550"
"2000","76036","Andalucia","Centro","2042900","Guanábana","Anual","60,5"
"2000","76041","Ansermanuevo","Norte","2042900","Guanábana","Anual","90"
"2000","76275","Florida","Sur","2042900","Guanábana","Anual","77"
"2000","76147","Cartago","Norte","2042900","Guanábana","Anual","22,5"
"2000","76895","Zarzal","Norte","2042900","Guanábana","Anual","0"
"2000","76892","Yumbo","Sur","2042900","Guanábana","Anual","63"
"2022","76403","La Victoria","Norte","2045301","Papaya","Anual","52,2"
"2022","76400","La Unión","Norte","2045301","Papaya","Anual","1.251,6"
"2022","76497","Obando","Norte","2045301","Papaya","Anual","27"
"2022","76318","Guacarí","Centro","2045301","Papaya","Anual","4.140"
"2022","76306","Ginebra","Sur","2045301","Papaya","Anual","684"
"2022","76364","Jamundí","Sur","2045301","Papaya","Anual","15"
"2022","76377","La Cumbre","Sur","2045301","Papaya","Anual","40"
"2022","76670","San Pedro","Centro","2045301","Papaya","Anual","336"
"2022","76823","Toro","Norte","2045301","Papaya","Anual","1.050"
"2022","76736","Sevilla","Centro","2045301","Papaya","Anual","150"
"2022","76622","Roldanillo","Norte","2045301","Papaya","Anual","2.842"
"2022","76036","Andalucia","Centro","2045301","Papaya","Anual","453,24"
"2022","76100","Bolivar","Norte","2045301","Papaya","Anual","513"
"2022","76020","Alcalá","Norte","2045301","Papaya","Anual","628"
"2022","76275","Florida","Sur","2045301","Papaya","Anual","307,25"
"2022","76892","Yumbo","Sur","2045301","Papaya","Anual","330,5"
"2022","76890","Yotoco","Centro","2045301","Papaya","Anual","600"
"2022","76834","Tuluá","Centro","2045301","Papaya","Anual","345"
"2022","76828","Trujillo","Centro","2045301","Papaya","Anual","119,6"
"2022","76869","Vijes","Sur","2045301","Papaya","Anual","1.400"
"2021","76400","La Unión","Norte","2045301","Papaya","Anual","2.385"
"2021","76497","Obando","Norte","2045301","Papaya","Anual","24"
"2021","76403","La Victoria","Norte","2045301","Papaya","Anual","24,983"
"2021","76306","Ginebra","Sur","2045301","Papaya","Anual","300"
"2021","76275","Florida","Sur","2045301","Papaya","Anual","275"
"2021","76377","La Cumbre","Sur","2045301","Papaya","Anual","42"
"2021","76318","Guacarí","Centro","2045301","Papaya","Anual","310,08"
"2021","76670","San Pedro","Centro","2045301","Papaya","Anual","600"
"2021","76622","Roldanillo","Norte","2045301","Papaya","Anual","2.336"
"2021","76736","Sevilla","Centro","2045301","Papaya","Anual","90"
"2021","76100","Bolivar","Norte","2045301","Papaya","Anual","540"
"2021","76020","Alcalá","Norte","2045301","Papaya","Anual","756,591"
"2021","76036","Andalucia","Centro","2045301","Papaya","Anual","130,32"
"2021","76823","Toro","Norte","2045301","Papaya","Anual","1.750"
"2021","76890","Yotoco","Centro","2045301","Papaya","Anual","840"
"2021","76869","Vijes","Sur","2045301","Papaya","Anual","1.890"
"2021","76892","Yumbo","Sur","2045301","Papaya","Anual","2.911"
"2021","76828","Trujillo","Centro","2045301","Papaya","Anual","246"
"2021","76834","Tuluá","Centro","2045301","Papaya","Anual","420"
"2020","76497","Obando","Norte","2045301","Papaya","Anual","80"
"2020","76364","Jamundí","Sur","2045301","Papaya","Anual","87,5"
"2020","76318","Guacarí","Centro","2045301","Papaya","Anual","330"
"2020","76377","La Cumbre","Sur","2045301","Papaya","Anual","204"
"2020","76400","La Unión","Norte","2045301","Papaya","Anual","1.675"
"2020","76823","Toro","Norte","2045301","Papaya","Anual","1.260"
"2020","76834","Tuluá","Centro","2045301","Papaya","Anual","390"
"2020","76828","Trujillo","Centro","2045301","Papaya","Anual","252,73"
"2020","76622","Roldanillo","Norte","2045301","Papaya","Anual","6.510"
"2020","76670","San Pedro","Centro","2045301","Papaya","Anual","1.500"
"2020","76100","Bolivar","Norte","2045301","Papaya","Anual","860"
"2020","76020","Alcalá","Norte","2045301","Papaya","Anual","340"
"2020","76036","Andalucia","Centro","2045301","Papaya","Anual","1.250"
"2020","76306","Ginebra","Sur","2045301","Papaya","Anual","80"
"2020","76275","Florida","Sur","2045301","Papaya","Anual","330"
"2020","76895","Zarzal","Norte","2045301","Papaya","Anual","120"
"2020","76869","Vijes","Sur","2045301","Papaya","Anual","1.600"
"2020","76845","Ulloa","Norte","2045301","Papaya","Anual","98"
"2020","76892","Yumbo","Sur","2045301","Papaya","Anual","233,5"
"2020","76890","Yotoco","Centro","2045301","Papaya","Anual","350"
"2019","76497","Obando","Norte","2045301","Papaya","Anual","400"
"2019","76377","La Cumbre","Sur","2045301","Papaya","Anual","244"
"2019","76400","La Unión","Norte","2045301","Papaya","Anual","3.570"
"2019","76834","Tuluá","Centro","2045301","Papaya","Anual","420"
"2019","76828","Trujillo","Centro","2045301","Papaya","Anual","319"
"2019","76845","Ulloa","Norte","2045301","Papaya","Anual","241,5"
"2019","76622","Roldanillo","Norte","2045301","Papaya","Anual","6.636"
"2019","76823","Toro","Norte","2045301","Papaya","Anual","1.295"
"2019","76670","San Pedro","Centro","2045301","Papaya","Anual","1.500"
"2019","76100","Bolivar","Norte","2045301","Papaya","Anual","900"
"2019","76020","Alcalá","Norte","2045301","Papaya","Anual","240"
"2019","76036","Andalucia","Centro","2045301","Papaya","Anual","330"
"2019","76306","Ginebra","Sur","2045301","Papaya","Anual","80"
"2019","76318","Guacarí","Centro","2045301","Papaya","Anual","320"
"2019","76275","Florida","Sur","2045301","Papaya","Anual","330"
"2019","76869","Vijes","Sur","2045301","Papaya","Anual","2.100"
"2019","76895","Zarzal","Norte","2045301","Papaya","Anual","320"
"2019","76892","Yumbo","Sur","2045301","Papaya","Anual","490"
"2018","76497","Obando","Norte","2045301","Papaya","Anual","400"
"2018","76364","Jamundí","Sur","2045301","Papaya","Anual","87,5"
"2018","76403","La Victoria","Norte","2045301","Papaya","Anual","0"
"2018","76400","La Unión","Norte","2045301","Papaya","Anual","1.675"
"2018","76828","Trujillo","Centro","2045301","Papaya","Anual","870"
"2018","76845","Ulloa","Norte","2045301","Papaya","Anual","175,7"
"2018","76834","Tuluá","Centro","2045301","Papaya","Anual","450"
"2018","76622","Roldanillo","Norte","2045301","Papaya","Anual","3.024"
"2018","76823","Toro","Norte","2045301","Papaya","Anual","1.295"
"2018","76670","San Pedro","Centro","2045301","Papaya","Anual","1.350"
"2018","76100","Bolivar","Norte","2045301","Papaya","Anual","1.134"
"2018","76020","Alcalá","Norte","2045301","Papaya","Anual","300"
"2018","76036","Andalucia","Centro","2045301","Papaya","Anual","300"
"2018","76275","Florida","Sur","2045301","Papaya","Anual","330"
"2018","76318","Guacarí","Centro","2045301","Papaya","Anual","310"
"2018","76306","Ginebra","Sur","2045301","Papaya","Anual","80"
"2018","76890","Yotoco","Centro","2045301","Papaya","Anual","300"
"2018","76869","Vijes","Sur","2045301","Papaya","Anual","2.000"
"2018","76895","Zarzal","Norte","2045301","Papaya","Anual","74"
"2018","76892","Yumbo","Sur","2045301","Papaya","Anual","365"
"2017","76377","La Cumbre","Sur","2045301","Papaya","Anual","45"
"2017","76497","Obando","Norte","2045301","Papaya","Anual","300"
"2017","76400","La Unión","Norte","2045301","Papaya","Anual","3.325"
"2017","76834","Tuluá","Centro","2045301","Papaya","Anual","382,5"
"2017","76828","Trujillo","Centro","2045301","Papaya","Anual","690"
"2017","76869","Vijes","Sur","2045301","Papaya","Anual","2.000"
"2017","76845","Ulloa","Norte","2045301","Papaya","Anual","0"
"2017","76622","Roldanillo","Norte","2045301","Papaya","Anual","1.968"
"2017","76823","Toro","Norte","2045301","Papaya","Anual","1.050"
"2017","76670","San Pedro","Centro","2045301","Papaya","Anual","1.350"
"2017","76100","Bolivar","Norte","2045301","Papaya","Anual","1.242"
"2017","76111","Buga","Centro","2045301","Papaya","Anual","340"
"2017","76036","Andalucia","Centro","2045301","Papaya","Anual","700"
"2017","76275","Florida","Sur","2045301","Papaya","Anual","330"
"2017","76318","Guacarí","Centro","2045301","Papaya","Anual","3.220"
"2017","76306","Ginebra","Sur","2045301","Papaya","Anual","110"
"2017","76892","Yumbo","Sur","2045301","Papaya","Anual","20"
"2017","76890","Yotoco","Centro","2045301","Papaya","Anual","700"
"2017","76895","Zarzal","Norte","2045301","Papaya","Anual","174"
"2016","76364","Jamundí","Sur","2045301","Papaya","Anual","210"
"2016","76318","Guacarí","Centro","2045301","Papaya","Anual","10.450"
"2016","76403","La Victoria","Norte","2045301","Papaya","Anual","0"
"2016","76400","La Unión","Norte","2045301","Papaya","Anual","4.332"
"2016","76823","Toro","Norte","2045301","Papaya","Anual","945"
"2016","76834","Tuluá","Centro","2045301","Papaya","Anual","330"
"2016","76622","Roldanillo","Norte","2045301","Papaya","Anual","6.690"
"2016","76670","San Pedro","Centro","2045301","Papaya","Anual","1.200"
"2016","76100","Bolivar","Norte","2045301","Papaya","Anual","810"
"2016","76111","Buga","Centro","2045301","Papaya","Anual","340"
"2016","76041","Ansermanuevo","Norte","2045301","Papaya","Anual","0"
"2016","76306","Ginebra","Sur","2045301","Papaya","Anual","550"
"2016","76275","Florida","Sur","2045301","Papaya","Anual","450"
"2016","76869","Vijes","Sur","2045301","Papaya","Anual","1.200"
"2016","76895","Zarzal","Norte","2045301","Papaya","Anual","174"
"2015","76403","La Victoria","Norte","2045301","Papaya","Anual","210"
"2015","76400","La Unión","Norte","2045301","Papaya","Anual","11.528"
"2015","76828","Trujillo","Centro","2045301","Papaya","Anual","640"
"2015","76834","Tuluá","Centro","2045301","Papaya","Anual","2.000"
"2015","76823","Toro","Norte","2045301","Papaya","Anual","1.750"
"2015","76622","Roldanillo","Norte","2045301","Papaya","Anual","15.816"
"2015","76670","San Pedro","Centro","2045301","Papaya","Anual","1.050"
"2015","76100","Bolivar","Norte","2045301","Papaya","Anual","972"
"2015","76036","Andalucia","Centro","2045301","Papaya","Anual","240"
"2015","76318","Guacarí","Centro","2045301","Papaya","Anual","7.968"
"2015","76306","Ginebra","Sur","2045301","Papaya","Anual","240"
"2015","76869","Vijes","Sur","2045301","Papaya","Anual","1.320"
"2015","76895","Zarzal","Norte","2045301","Papaya","Anual","719"
"2015","76892","Yumbo","Sur","2045301","Papaya","Anual","408"
"2014","76497","Obando","Norte","2045301","Papaya","Anual","912"
"2014","76318","Guacarí","Centro","2045301","Papaya","Anual","2.400"
"2014","76400","La Unión","Norte","2045301","Papaya","Anual","8.550"
"2014","76828","Trujillo","Centro","2045301","Papaya","Anual","840"
"2014","76823","Toro","Norte","2045301","Papaya","Anual","1.750"
"2014","76834","Tuluá","Centro","2045301","Papaya","Anual","2.100"
"2014","76622","Roldanillo","Norte","2045301","Papaya","Anual","16.200"
"2014","76670","San Pedro","Centro","2045301","Papaya","Anual","900"
"2014","76100","Bolivar","Norte","2045301","Papaya","Anual","2.025"
"2014","76111","Buga","Centro","2045301","Papaya","Anual","225"
"2014","76036","Andalucia","Centro","2045301","Papaya","Anual","302"
"2014","76275","Florida","Sur","2045301","Papaya","Anual","480"
"2014","76869","Vijes","Sur","2045301","Papaya","Anual","1.260"
"2014","76895","Zarzal","Norte","2045301","Papaya","Anual","743"
"2014","76892","Yumbo","Sur","2045301","Papaya","Anual","1.088"
"2013","76497","Obando","Norte","2045301","Papaya","Anual","660"
"2013","76403","La Victoria","Norte","2045301","Papaya","Anual","1.072"
"2013","76318","Guacarí","Centro","2045301","Papaya","Anual","5.700"
"2013","76400","La Unión","Norte","2045301","Papaya","Anual","10.725"
"2013","76823","Toro","Norte","2045301","Papaya","Anual","1.715"
"2013","76670","San Pedro","Centro","2045301","Papaya","Anual","900"
"2013","76828","Trujillo","Centro","2045301","Papaya","Anual","7.200"
"2013","76622","Roldanillo","Norte","2045301","Papaya","Anual","16.224"
"2013","76100","Bolivar","Norte","2045301","Papaya","Anual","1.485"
"2013","76036","Andalucia","Centro","2045301","Papaya","Anual","336"
"2013","76275","Florida","Sur","2045301","Papaya","Anual","180"
"2013","76895","Zarzal","Norte","2045301","Papaya","Anual","586"
"2013","76892","Yumbo","Sur","2045301","Papaya","Anual","1.156"
"2013","76834","Tuluá","Centro","2045301","Papaya","Anual","240"
"2013","76869","Vijes","Sur","2045301","Papaya","Anual","3.420"
"2012","76497","Obando","Norte","2045301","Papaya","Anual","660"
"2012","76318","Guacarí","Centro","2045301","Papaya","Anual","2.160"
"2012","76400","La Unión","Norte","2045301","Papaya","Anual","12.225"
"2012","76403","La Victoria","Norte","2045301","Papaya","Anual","420"
"2012","76828","Trujillo","Centro","2045301","Papaya","Anual","280"
"2012","76823","Toro","Norte","2045301","Papaya","Anual","3.150"
"2012","76834","Tuluá","Centro","2045301","Papaya","Anual","9.620"
"2012","76616","Riofrío","Centro","2045301","Papaya","Anual","200"
"2012","76670","San Pedro","Centro","2045301","Papaya","Anual","900"
"2012","76622","Roldanillo","Norte","2045301","Papaya","Anual","16.200"
"2012","76100","Bolivar","Norte","2045301","Papaya","Anual","1.350"
"2012","76036","Andalucia","Centro","2045301","Papaya","Anual","7.560"
"2012","76895","Zarzal","Norte","2045301","Papaya","Anual","236"
"2012","76890","Yotoco","Centro","2045301","Papaya","Anual","2.850"
"2011","76403","La Victoria","Norte","2045301","Papaya","Anual","420"
"2011","76497","Obando","Norte","2045301","Papaya","Anual","660"
"2011","76318","Guacarí","Centro","2045301","Papaya","Anual","1.920"
"2011","76400","La Unión","Norte","2045301","Papaya","Anual","3.968"
"2011","76823","Toro","Norte","2045301","Papaya","Anual","3.745"
"2011","76834","Tuluá","Centro","2045301","Papaya","Anual","9.620"
"2011","76616","Riofrío","Centro","2045301","Papaya","Anual","200"
"2011","76622","Roldanillo","Norte","2045301","Papaya","Anual","19.901"
"2011","76100","Bolivar","Norte","2045301","Papaya","Anual","1.404"
"2011","76036","Andalucia","Centro","2045301","Papaya","Anual","7.560"
"2011","76895","Zarzal","Norte","2045301","Papaya","Anual","600"
"2011","76869","Vijes","Sur","2045301","Papaya","Anual","2.470"
"2011","76890","Yotoco","Centro","2045301","Papaya","Anual","3.000"
"2011","76892","Yumbo","Sur","2045301","Papaya","Anual","2.784"
"2010","76497","Obando","Norte","2045301","Papaya","Anual","880"
"2010","76403","La Victoria","Norte","2045301","Papaya","Anual","0"
"2010","76318","Guacarí","Centro","2045301","Papaya","Anual","1.920"
"2010","76400","La Unión","Norte","2045301","Papaya","Anual","6.840"
"2010","76823","Toro","Norte","2045301","Papaya","Anual","3.710"
"2010","76834","Tuluá","Centro","2045301","Papaya","Anual","9.620"
"2010","76616","Riofrío","Centro","2045301","Papaya","Anual","200"
"2010","76622","Roldanillo","Norte","2045301","Papaya","Anual","20.873"
"2010","76100","Bolivar","Norte","2045301","Papaya","Anual","1.809"
"2010","76111","Buga","Centro","2045301","Papaya","Anual","450"
"2010","76036","Andalucia","Centro","2045301","Papaya","Anual","11.760"
"2010","76895","Zarzal","Norte","2045301","Papaya","Anual","3.300"
"2010","76869","Vijes","Sur","2045301","Papaya","Anual","390"
"2010","76892","Yumbo","Sur","2045301","Papaya","Anual","2.784"
"2010","76890","Yotoco","Centro","2045301","Papaya","Anual","3.000"
"2009","76403","La Victoria","Norte","2045301","Papaya","Anual","7.620"
"2009","76318","Guacarí","Centro","2045301","Papaya","Anual","286"
"2009","76400","La Unión","Norte","2045301","Papaya","Anual","8.720"
"2009","76364","Jamundí","Sur","2045301","Papaya","Anual","640"
"2009","76828","Trujillo","Centro","2045301","Papaya","Anual","280"
"2009","76823","Toro","Norte","2045301","Papaya","Anual","3.500"
"2009","76834","Tuluá","Centro","2045301","Papaya","Anual","9.620"
"2009","76616","Riofrío","Centro","2045301","Papaya","Anual","200"
"2009","76622","Roldanillo","Norte","2045301","Papaya","Anual","23.273"
"2009","76100","Bolivar","Norte","2045301","Papaya","Anual","1.377"
"2009","76036","Andalucia","Centro","2045301","Papaya","Anual","9.360"
"2009","76895","Zarzal","Norte","2045301","Papaya","Anual","5.250"
"2009","76869","Vijes","Sur","2045301","Papaya","Anual","120"
"2009","76892","Yumbo","Sur","2045301","Papaya","Anual","2.477"
"2009","76890","Yotoco","Centro","2045301","Papaya","Anual","1.976"
"2008","76403","La Victoria","Norte","2045301","Papaya","Anual","630"
"2008","76400","La Unión","Norte","2045301","Papaya","Anual","17.798"
"2008","76318","Guacarí","Centro","2045301","Papaya","Anual","594"
"2008","76377","La Cumbre","Sur","2045301","Papaya","Anual","264"
"2008","76364","Jamundí","Sur","2045301","Papaya","Anual","192"
"2008","76823","Toro","Norte","2045301","Papaya","Anual","3.500"
"2008","76834","Tuluá","Centro","2045301","Papaya","Anual","8.140"
"2008","76622","Roldanillo","Norte","2045301","Papaya","Anual","14.400"
"2008","76616","Riofrío","Centro","2045301","Papaya","Anual","233"
"2008","76100","Bolivar","Norte","2045301","Papaya","Anual","972"
"2008","76036","Andalucia","Centro","2045301","Papaya","Anual","936"
"2008","76895","Zarzal","Norte","2045301","Papaya","Anual","8.100"
"2008","76869","Vijes","Sur","2045301","Papaya","Anual","270"
"2008","76892","Yumbo","Sur","2045301","Papaya","Anual","245"
"2008","76890","Yotoco","Centro","2045301","Papaya","Anual","1.245"
"2007","76403","La Victoria","Norte","2045301","Papaya","Anual","630"
"2007","76318","Guacarí","Centro","2045301","Papaya","Anual","242"
"2007","76400","La Unión","Norte","2045301","Papaya","Anual","30.800"
"2007","76823","Toro","Norte","2045301","Papaya","Anual","7.200"
"2007","76834","Tuluá","Centro","2045301","Papaya","Anual","7.440"
"2007","76828","Trujillo","Centro","2045301","Papaya","Anual","272"
"2007","76616","Riofrío","Centro","2045301","Papaya","Anual","252"
"2007","76622","Roldanillo","Norte","2045301","Papaya","Anual","14.000"
"2007","76100","Bolivar","Norte","2045301","Papaya","Anual","1.350"
"2007","76036","Andalucia","Centro","2045301","Papaya","Anual","11.097"
"2007","76041","Ansermanuevo","Norte","2045301","Papaya","Anual","975"
"2007","76895","Zarzal","Norte","2045301","Papaya","Anual","10.400"
"2007","76869","Vijes","Sur","2045301","Papaya","Anual","120"
"2007","76892","Yumbo","Sur","2045301","Papaya","Anual","53"
"2007","76890","Yotoco","Centro","2045301","Papaya","Anual","6.105"
"2006","76400","La Unión","Norte","2045301","Papaya","Anual","21.000"
"2006","76318","Guacarí","Centro","2045301","Papaya","Anual","70"
"2006","76364","Jamundí","Sur","2045301","Papaya","Anual","260"
"2006","76823","Toro","Norte","2045301","Papaya","Anual","6.750"
"2006","76834","Tuluá","Centro","2045301","Papaya","Anual","6.120"
"2006","76670","San Pedro","Centro","2045301","Papaya","Anual","49"
"2006","76622","Roldanillo","Norte","2045301","Papaya","Anual","6.160"
"2006","76100","Bolivar","Norte","2045301","Papaya","Anual","1.512"
"2006","76111","Buga","Centro","2045301","Papaya","Anual","220"
"2006","76036","Andalucia","Centro","2045301","Papaya","Anual","1.375"
"2006","76113","Bugalagrande","Centro","2045301","Papaya","Anual","225"
"2006","76869","Vijes","Sur","2045301","Papaya","Anual","120"
"2006","76895","Zarzal","Norte","2045301","Papaya","Anual","1.800"
"2006","76890","Yotoco","Centro","2045301","Papaya","Anual","3.910"
"2005","76400","La Unión","Norte","2045301","Papaya","Anual","8.400"
"2005","76364","Jamundí","Sur","2045301","Papaya","Anual","260"
"2005","76318","Guacarí","Centro","2045301","Papaya","Anual","300"
"2005","76823","Toro","Norte","2045301","Papaya","Anual","7.200"
"2005","76670","San Pedro","Centro","2045301","Papaya","Anual","49"
"2005","76616","Riofrío","Centro","2045301","Papaya","Anual","216"
"2005","76606","Restrepo","Centro","2045301","Papaya","Anual","135"
"2005","76622","Roldanillo","Norte","2045301","Papaya","Anual","14.706"
"2005","76100","Bolivar","Norte","2045301","Papaya","Anual","1.026"
"2005","76113","Bugalagrande","Centro","2045301","Papaya","Anual","225"
"2005","76111","Buga","Centro","2045301","Papaya","Anual","160"
"2005","76041","Ansermanuevo","Norte","2045301","Papaya","Anual","143"
"2005","76895","Zarzal","Norte","2045301","Papaya","Anual","1.620"
"2005","76834","Tuluá","Centro","2045301","Papaya","Anual","3.520"
"2005","76890","Yotoco","Centro","2045301","Papaya","Anual","900"
"2004","76364","Jamundí","Sur","2045301","Papaya","Anual","0"
"2004","76318","Guacarí","Centro","2045301","Papaya","Anual","118"
"2004","76400","La Unión","Norte","2045301","Papaya","Anual","1.940"
"2004","76823","Toro","Norte","2045301","Papaya","Anual","1.248"
"2004","76834","Tuluá","Centro","2045301","Papaya","Anual","140"
"2004","76828","Trujillo","Centro","2045301","Papaya","Anual","204"
"2004","76616","Riofrío","Centro","2045301","Papaya","Anual","281"
"2004","76670","San Pedro","Centro","2045301","Papaya","Anual","21"
"2004","76622","Roldanillo","Norte","2045301","Papaya","Anual","1.050"
"2004","76100","Bolivar","Norte","2045301","Papaya","Anual","948"
"2004","76111","Buga","Centro","2045301","Papaya","Anual","294"
"2004","76041","Ansermanuevo","Norte","2045301","Papaya","Anual","143"
"2004","76113","Bugalagrande","Centro","2045301","Papaya","Anual","230"
"2004","76275","Florida","Sur","2045301","Papaya","Anual","305"
"2003","76400","La Unión","Norte","2045301","Papaya","Anual","1.372"
"2003","76318","Guacarí","Centro","2045301","Papaya","Anual","70"
"2003","76823","Toro","Norte","2045301","Papaya","Anual","888"
"2003","76616","Riofrío","Centro","2045301","Papaya","Anual","198"
"2003","76622","Roldanillo","Norte","2045301","Papaya","Anual","393"
"2003","76100","Bolivar","Norte","2045301","Papaya","Anual","1.276"
"2003","76111","Buga","Centro","2045301","Papaya","Anual","210"
"2003","76036","Andalucia","Centro","2045301","Papaya","Anual","53"
"2003","76246","El Cairo","Norte","2045301","Papaya","Anual","8"
"2003","76113","Bugalagrande","Centro","2045301","Papaya","Anual","215"
"2003","76845","Ulloa","Norte","2045301","Papaya","Anual","100"
"2002","76400","La Unión","Norte","2045301","Papaya","Anual","1.516"
"2002","76318","Guacarí","Centro","2045301","Papaya","Anual","70"
"2002","76823","Toro","Norte","2045301","Papaya","Anual","888"
"2002","76616","Riofrío","Centro","2045301","Papaya","Anual","156"
"2002","76622","Roldanillo","Norte","2045301","Papaya","Anual","414"
"2002","76100","Bolivar","Norte","2045301","Papaya","Anual","243"
"2002","76111","Buga","Centro","2045301","Papaya","Anual","165"
"2002","76036","Andalucia","Centro","2045301","Papaya","Anual","60"
"2002","76246","El Cairo","Norte","2045301","Papaya","Anual","8"
"2002","76113","Bugalagrande","Centro","2045301","Papaya","Anual","301"
"2002","76845","Ulloa","Norte","2045301","Papaya","Anual","100"
"2001","76400","La Unión","Norte","2045301","Papaya","Anual","645"
"2001","76823","Toro","Norte","2045301","Papaya","Anual","582"
"2001","76845","Ulloa","Norte","2045301","Papaya","Anual","83"
"2001","76616","Riofrío","Centro","2045301","Papaya","Anual","102"
"2001","76622","Roldanillo","Norte","2045301","Papaya","Anual","304"
"2001","76100","Bolivar","Norte","2045301","Papaya","Anual","297"
"2001","76111","Buga","Centro","2045301","Papaya","Anual","260"
"2001","76036","Andalucia","Centro","2045301","Papaya","Anual","100"
"2001","76113","Bugalagrande","Centro","2045301","Papaya","Anual","133"
"2001","76246","El Cairo","Norte","2045301","Papaya","Anual","5"
"2000","76400","La Unión","Norte","2045301","Papaya","Anual","2.100"
"2000","76377","La Cumbre","Sur","2045301","Papaya","Anual","15"
"2000","76823","Toro","Norte","2045301","Papaya","Anual","490"
"2000","76616","Riofrío","Centro","2045301","Papaya","Anual","68"
"2000","76622","Roldanillo","Norte","2045301","Papaya","Anual","140"
"2000","76100","Bolivar","Norte","2045301","Papaya","Anual","432"
"2000","76111","Buga","Centro","2045301","Papaya","Anual","315"
"2000","76246","El Cairo","Norte","2045301","Papaya","Anual","0"
"2000","76113","Bugalagrande","Centro","2045301","Papaya","Anual","280"
"2000","76845","Ulloa","Norte","2045301","Papaya","Anual","98"
"2022","76400","La Unión","Norte","2045601","Piña","Anual","3,6"
"2022","76275","Florida","Sur","2045601","Piña","Anual","11.840,9"
"2022","76364","Jamundí","Sur","2045601","Piña","Anual","4.745"
"2022","76377","La Cumbre","Sur","2045601","Piña","Anual","17.528"
"2022","76736","Sevilla","Centro","2045601","Piña","Anual","950"
"2022","76606","Restrepo","Centro","2045601","Piña","Anual","30.628"
"2022","76563","Pradera","Sur","2045601","Piña","Anual","1.600"
"2022","76020","Alcalá","Norte","2045601","Piña","Anual","2.507,4"
"2022","76111","Buga","Centro","2045601","Piña","Anual","1.225"
"2022","76122","Caicedonia","Centro","2045601","Piña","Anual","560"
"2022","76041","Ansermanuevo","Norte","2045601","Piña","Anual","50"
"2022","76233","Dagua","Sur","2045601","Piña","Anual","55.438,2"
"2022","76892","Yumbo","Sur","2045601","Piña","Anual","6"
"2022","76890","Yotoco","Centro","2045601","Piña","Anual","770"
"2022","76869","Vijes","Sur","2045601","Piña","Anual","18.612"
"2022","76845","Ulloa","Norte","2045601","Piña","Anual","450"
"2021","76400","La Unión","Norte","2045601","Piña","Anual","12,6"
"2021","76377","La Cumbre","Sur","2045601","Piña","Anual","17.528"
"2021","76275","Florida","Sur","2045601","Piña","Anual","10.885"
"2021","76364","Jamundí","Sur","2045601","Piña","Anual","4.745"
"2021","76736","Sevilla","Centro","2045601","Piña","Anual","540"
"2021","76563","Pradera","Sur","2045601","Piña","Anual","1.600"
"2021","76606","Restrepo","Centro","2045601","Piña","Anual","30.383"
"2021","76111","Buga","Centro","2045601","Piña","Anual","1.225"
"2021","76020","Alcalá","Norte","2045601","Piña","Anual","2.939,86"
"2021","76041","Ansermanuevo","Norte","2045601","Piña","Anual","90"
"2021","76122","Caicedonia","Centro","2045601","Piña","Anual","126"
"2021","76233","Dagua","Sur","2045601","Piña","Anual","55.440"
"2021","76890","Yotoco","Centro","2045601","Piña","Anual","19.003"
"2021","76895","Zarzal","Norte","2045601","Piña","Anual","30"
"2021","76892","Yumbo","Sur","2045601","Piña","Anual","1.120"
"2021","76845","Ulloa","Norte","2045601","Piña","Anual","450"
"2020","76606","Restrepo","Centro","2045601","Piña","Anual","28.200"
"2020","76563","Pradera","Sur","2045601","Piña","Anual","1.600"
"2020","76364","Jamundí","Sur","2045601","Piña","Anual","4.290"
"2020","76400","La Unión","Norte","2045601","Piña","Anual","65"
"2020","76377","La Cumbre","Sur","2045601","Piña","Anual","12.040"
"2020","76823","Toro","Norte","2045601","Piña","Anual","495"
"2020","76736","Sevilla","Centro","2045601","Piña","Anual","384"
"2020","76622","Roldanillo","Norte","2045601","Piña","Anual","0"
"2020","76616","Riofrío","Centro","2045601","Piña","Anual","630"
"2020","76109","Buenaventura","Pacifico","2045601","Piña","Anual","81"
"2020","76111","Buga","Centro","2045601","Piña","Anual","1.225"
"2020","76020","Alcalá","Norte","2045601","Piña","Anual","3.083,5"
"2020","76041","Ansermanuevo","Norte","2045601","Piña","Anual","137,5"
"2020","76275","Florida","Sur","2045601","Piña","Anual","10.885"
"2020","76122","Caicedonia","Centro","2045601","Piña","Anual","117"
"2020","76233","Dagua","Sur","2045601","Piña","Anual","55.439,88"
"2020","76869","Vijes","Sur","2045601","Piña","Anual","18.262,99"
"2020","76845","Ulloa","Norte","2045601","Piña","Anual","1.065"
"2020","76892","Yumbo","Sur","2045601","Piña","Anual","60"
"2020","76890","Yotoco","Centro","2045601","Piña","Anual","1.120"
"2019","76606","Restrepo","Centro","2045601","Piña","Anual","26.700"
"2019","76563","Pradera","Sur","2045601","Piña","Anual","1.600"
"2019","76364","Jamundí","Sur","2045601","Piña","Anual","1.860"
"2019","76377","La Cumbre","Sur","2045601","Piña","Anual","12.584"
"2019","76400","La Unión","Norte","2045601","Piña","Anual","312"
"2019","76845","Ulloa","Norte","2045601","Piña","Anual","750"
"2019","76823","Toro","Norte","2045601","Piña","Anual","495"
"2019","76109","Buenaventura","Pacifico","2045601","Piña","Anual","180"
"2019","76111","Buga","Centro","2045601","Piña","Anual","2.730"
"2019","76020","Alcalá","Norte","2045601","Piña","Anual","2.868"
"2019","76041","Ansermanuevo","Norte","2045601","Piña","Anual","90"
"2019","76275","Florida","Sur","2045601","Piña","Anual","6.685"
"2019","76233","Dagua","Sur","2045601","Piña","Anual","69.180"
"2019","76869","Vijes","Sur","2045601","Piña","Anual","18.060"
"2019","76890","Yotoco","Centro","2045601","Piña","Anual","1.470"
"2018","76563","Pradera","Sur","2045601","Piña","Anual","2.400"
"2018","76606","Restrepo","Centro","2045601","Piña","Anual","36.900"
"2018","76377","La Cumbre","Sur","2045601","Piña","Anual","10.220"
"2018","76364","Jamundí","Sur","2045601","Piña","Anual","1.885"
"2018","76400","La Unión","Norte","2045601","Piña","Anual","972"
"2018","76823","Toro","Norte","2045601","Piña","Anual","1.550"
"2018","76845","Ulloa","Norte","2045601","Piña","Anual","750"
"2018","76622","Roldanillo","Norte","2045601","Piña","Anual","2.000"
"2018","76616","Riofrío","Centro","2045601","Piña","Anual","360"
"2018","76109","Buenaventura","Pacifico","2045601","Piña","Anual","63"
"2018","76100","Bolivar","Norte","2045601","Piña","Anual","720"
"2018","76122","Caicedonia","Centro","2045601","Piña","Anual","720"
"2018","76111","Buga","Centro","2045601","Piña","Anual","7.410"
"2018","76020","Alcalá","Norte","2045601","Piña","Anual","2.772,4"
"2018","76041","Ansermanuevo","Norte","2045601","Piña","Anual","0"
"2018","76275","Florida","Sur","2045601","Piña","Anual","6.440"
"2018","76147","Cartago","Norte","2045601","Piña","Anual","0"
"2018","76233","Dagua","Sur","2045601","Piña","Anual","50.880"
"2018","76243","El Aguila","Norte","2045601","Piña","Anual","227,5"
"2018","76890","Yotoco","Centro","2045601","Piña","Anual","770"
"2018","76869","Vijes","Sur","2045601","Piña","Anual","18.000"
"2018","76892","Yumbo","Sur","2045601","Piña","Anual","576"
"2017","76563","Pradera","Sur","2045601","Piña","Anual","1.600"
"2017","76616","Riofrío","Centro","2045601","Piña","Anual","360"
"2017","76606","Restrepo","Centro","2045601","Piña","Anual","35.400"
"2017","76377","La Cumbre","Sur","2045601","Piña","Anual","12.400"
"2017","76364","Jamundí","Sur","2045601","Piña","Anual","1.080"
"2017","76403","La Victoria","Norte","2045601","Piña","Anual","0"
"2017","76400","La Unión","Norte","2045601","Piña","Anual","1.152"
"2017","76869","Vijes","Sur","2045601","Piña","Anual","17.280"
"2017","76845","Ulloa","Norte","2045601","Piña","Anual","495"
"2017","76622","Roldanillo","Norte","2045601","Piña","Anual","2.460"
"2017","76823","Toro","Norte","2045601","Piña","Anual","1.000"
"2017","76100","Bolivar","Norte","2045601","Piña","Anual","1.680"
"2017","76122","Caicedonia","Centro","2045601","Piña","Anual","1.820"
"2017","76111","Buga","Centro","2045601","Piña","Anual","6.000"
"2017","76020","Alcalá","Norte","2045601","Piña","Anual","1.798"
"2017","76275","Florida","Sur","2045601","Piña","Anual","4.620"
"2017","76147","Cartago","Norte","2045601","Piña","Anual","90"
"2017","76233","Dagua","Sur","2045601","Piña","Anual","46.200"
"2017","76890","Yotoco","Centro","2045601","Piña","Anual","2.520"
"2017","76895","Zarzal","Norte","2045601","Piña","Anual","3.990"
"2016","76606","Restrepo","Centro","2045601","Piña","Anual","27.900"
"2016","76563","Pradera","Sur","2045601","Piña","Anual","1.000"
"2016","76364","Jamundí","Sur","2045601","Piña","Anual","1.110"
"2016","76377","La Cumbre","Sur","2045601","Piña","Anual","6.400"
"2016","76400","La Unión","Norte","2045601","Piña","Anual","0"
"2016","76845","Ulloa","Norte","2045601","Piña","Anual","315"
"2016","76622","Roldanillo","Norte","2045601","Piña","Anual","2.320"
"2016","76100","Bolivar","Norte","2045601","Piña","Anual","4.400"
"2016","76122","Caicedonia","Centro","2045601","Piña","Anual","1.820"
"2016","76111","Buga","Centro","2045601","Piña","Anual","6.000"
"2016","76020","Alcalá","Norte","2045601","Piña","Anual","1.425"
"2016","76275","Florida","Sur","2045601","Piña","Anual","315"
"2016","76243","El Aguila","Norte","2045601","Piña","Anual","338"
"2016","76233","Dagua","Sur","2045601","Piña","Anual","67.800"
"2016","76890","Yotoco","Centro","2045601","Piña","Anual","420"
"2016","76869","Vijes","Sur","2045601","Piña","Anual","17.280"
"2015","76563","Pradera","Sur","2045601","Piña","Anual","1.000"
"2015","76606","Restrepo","Centro","2045601","Piña","Anual","23.100"
"2015","76377","La Cumbre","Sur","2045601","Piña","Anual","11.200"
"2015","76364","Jamundí","Sur","2045601","Piña","Anual","930"
"2015","76823","Toro","Norte","2045601","Piña","Anual","0"
"2015","76845","Ulloa","Norte","2045601","Piña","Anual","198"
"2015","76622","Roldanillo","Norte","2045601","Piña","Anual","630"
"2015","76100","Bolivar","Norte","2045601","Piña","Anual","3.760"
"2015","76122","Caicedonia","Centro","2045601","Piña","Anual","3.600"
"2015","76020","Alcalá","Norte","2045601","Piña","Anual","980"
"2015","76233","Dagua","Sur","2045601","Piña","Anual","72.000"
"2015","76890","Yotoco","Centro","2045601","Piña","Anual","420"
"2015","76869","Vijes","Sur","2045601","Piña","Anual","18.081"
"2014","76606","Restrepo","Centro","2045601","Piña","Anual","9.600"
"2014","76563","Pradera","Sur","2045601","Piña","Anual","1.000"
"2014","76377","La Cumbre","Sur","2045601","Piña","Anual","7.875"
"2014","76845","Ulloa","Norte","2045601","Piña","Anual","144"
"2014","76622","Roldanillo","Norte","2045601","Piña","Anual","3.010"
"2014","76100","Bolivar","Norte","2045601","Piña","Anual","4.560"
"2014","76111","Buga","Centro","2045601","Piña","Anual","5.600"
"2014","76020","Alcalá","Norte","2045601","Piña","Anual","1.800"
"2014","76122","Caicedonia","Centro","2045601","Piña","Anual","1.350"
"2014","76233","Dagua","Sur","2045601","Piña","Anual","66.000"
"2014","76869","Vijes","Sur","2045601","Piña","Anual","14.760"
"2013","76563","Pradera","Sur","2045601","Piña","Anual","0"
"2013","76377","La Cumbre","Sur","2045601","Piña","Anual","7.913"
"2013","76606","Restrepo","Centro","2045601","Piña","Anual","15.000"
"2013","76100","Bolivar","Norte","2045601","Piña","Anual","2.800"
"2013","76111","Buga","Centro","2045601","Piña","Anual","4.000"
"2013","76020","Alcalá","Norte","2045601","Piña","Anual","3.600"
"2013","76122","Caicedonia","Centro","2045601","Piña","Anual","2.250"
"2013","76233","Dagua","Sur","2045601","Piña","Anual","57.000"
"2013","76147","Cartago","Norte","2045601","Piña","Anual","0"
"2013","76895","Zarzal","Norte","2045601","Piña","Anual","347"
"2013","76845","Ulloa","Norte","2045601","Piña","Anual","198"
"2013","76869","Vijes","Sur","2045601","Piña","Anual","5.025"
"2012","76520","Palmira","Sur","2045601","Piña","Anual","1.060"
"2012","76606","Restrepo","Centro","2045601","Piña","Anual","25.800"
"2012","76364","Jamundí","Sur","2045601","Piña","Anual","315"
"2012","76377","La Cumbre","Sur","2045601","Piña","Anual","8.520"
"2012","76622","Roldanillo","Norte","2045601","Piña","Anual","0"
"2012","76100","Bolivar","Norte","2045601","Piña","Anual","2.480"
"2012","76111","Buga","Centro","2045601","Piña","Anual","4.750"
"2012","76020","Alcalá","Norte","2045601","Piña","Anual","0"
"2012","76122","Caicedonia","Centro","2045601","Piña","Anual","2.750"
"2012","76233","Dagua","Sur","2045601","Piña","Anual","30.600"
"2012","76895","Zarzal","Norte","2045601","Piña","Anual","266"
"2012","76869","Vijes","Sur","2045601","Piña","Anual","4.050"
"2012","76845","Ulloa","Norte","2045601","Piña","Anual","2.412"
"2011","76364","Jamundí","Sur","2045601","Piña","Anual","0"
"2011","76377","La Cumbre","Sur","2045601","Piña","Anual","5.840"
"2011","76606","Restrepo","Centro","2045601","Piña","Anual","30.540"
"2011","76100","Bolivar","Norte","2045601","Piña","Anual","2.480"
"2011","76111","Buga","Centro","2045601","Piña","Anual","4.750"
"2011","76020","Alcalá","Norte","2045601","Piña","Anual","538"
"2011","76122","Caicedonia","Centro","2045601","Piña","Anual","2.400"
"2011","76233","Dagua","Sur","2045601","Piña","Anual","30.600"
"2011","76895","Zarzal","Norte","2045601","Piña","Anual","95"
"2011","76869","Vijes","Sur","2045601","Piña","Anual","5.600"
"2011","76845","Ulloa","Norte","2045601","Piña","Anual","1.502"
"2011","76892","Yumbo","Sur","2045601","Piña","Anual","550"
"2011","76890","Yotoco","Centro","2045601","Piña","Anual","599"
"2010","76377","La Cumbre","Sur","2045601","Piña","Anual","7.680"
"2010","76364","Jamundí","Sur","2045601","Piña","Anual","0"
"2010","76606","Restrepo","Centro","2045601","Piña","Anual","25.200"
"2010","76100","Bolivar","Norte","2045601","Piña","Anual","1.680"
"2010","76111","Buga","Centro","2045601","Piña","Anual","5.000"
"2010","76020","Alcalá","Norte","2045601","Piña","Anual","1.232"
"2010","76122","Caicedonia","Centro","2045601","Piña","Anual","1.100"
"2010","76233","Dagua","Sur","2045601","Piña","Anual","30.600"
"2010","76869","Vijes","Sur","2045601","Piña","Anual","5.040"
"2010","76845","Ulloa","Norte","2045601","Piña","Anual","1.632"
"2010","76892","Yumbo","Sur","2045601","Piña","Anual","550"
"2009","76606","Restrepo","Centro","2045601","Piña","Anual","25.800"
"2009","76377","La Cumbre","Sur","2045601","Piña","Anual","4.320"
"2009","76828","Trujillo","Centro","2045601","Piña","Anual","0"
"2009","76100","Bolivar","Norte","2045601","Piña","Anual","1.840"
"2009","76111","Buga","Centro","2045601","Piña","Anual","5.000"
"2009","76126","Calima Darién","Centro","2045601","Piña","Anual","0"
"2009","76122","Caicedonia","Centro","2045601","Piña","Anual","0"
"2009","76233","Dagua","Sur","2045601","Piña","Anual","29.240"
"2009","76869","Vijes","Sur","2045601","Piña","Anual","4.200"
"2009","76845","Ulloa","Norte","2045601","Piña","Anual","1.520"
"2009","76892","Yumbo","Sur","2045601","Piña","Anual","630"
"2009","76890","Yotoco","Centro","2045601","Piña","Anual","41"
"2008","76377","La Cumbre","Sur","2045601","Piña","Anual","3.200"
"2008","76606","Restrepo","Centro","2045601","Piña","Anual","22.200"
"2008","76100","Bolivar","Norte","2045601","Piña","Anual","2.000"
"2008","76111","Buga","Centro","2045601","Piña","Anual","5.900"
"2008","76020","Alcalá","Norte","2045601","Piña","Anual","672"
"2008","76126","Calima Darién","Centro","2045601","Piña","Anual","0"
"2008","76233","Dagua","Sur","2045601","Piña","Anual","33.048"
"2008","76869","Vijes","Sur","2045601","Piña","Anual","5.600"
"2008","76845","Ulloa","Norte","2045601","Piña","Anual","960"
"2008","76892","Yumbo","Sur","2045601","Piña","Anual","350"
"2007","76377","La Cumbre","Sur","2045601","Piña","Anual","3.200"
"2007","76606","Restrepo","Centro","2045601","Piña","Anual","26.600"
"2007","76100","Bolivar","Norte","2045601","Piña","Anual","1.520"
"2007","76111","Buga","Centro","2045601","Piña","Anual","6.500"
"2007","76020","Alcalá","Norte","2045601","Piña","Anual","640"
"2007","76233","Dagua","Sur","2045601","Piña","Anual","35.020"
"2007","76869","Vijes","Sur","2045601","Piña","Anual","5.600"
"2007","76845","Ulloa","Norte","2045601","Piña","Anual","640"
"2007","76892","Yumbo","Sur","2045601","Piña","Anual","225"
"2006","76520","Palmira","Sur","2045601","Piña","Anual","760"
"2006","76377","La Cumbre","Sur","2045601","Piña","Anual","2.872"
"2006","76364","Jamundí","Sur","2045601","Piña","Anual","450"
"2006","76845","Ulloa","Norte","2045601","Piña","Anual","640"
"2006","76606","Restrepo","Centro","2045601","Piña","Anual","24.150"
"2006","76109","Buenaventura","Pacifico","2045601","Piña","Anual","0"
"2006","76100","Bolivar","Norte","2045601","Piña","Anual","1.200"
"2006","76111","Buga","Centro","2045601","Piña","Anual","5.900"
"2006","76020","Alcalá","Norte","2045601","Piña","Anual","640"
"2006","76233","Dagua","Sur","2045601","Piña","Anual","35.535"
"2006","76869","Vijes","Sur","2045601","Piña","Anual","4.900"
"2005","76563","Pradera","Sur","2045601","Piña","Anual","75"
"2005","76520","Palmira","Sur","2045601","Piña","Anual","760"
"2005","76364","Jamundí","Sur","2045601","Piña","Anual","372"
"2005","76377","La Cumbre","Sur","2045601","Piña","Anual","2.872"
"2005","76606","Restrepo","Centro","2045601","Piña","Anual","20.300"
"2005","76100","Bolivar","Norte","2045601","Piña","Anual","1.120"
"2005","76111","Buga","Centro","2045601","Piña","Anual","5.900"
"2005","76130","Candelaria","Sur","2045601","Piña","Anual","440"
"2005","76233","Dagua","Sur","2045601","Piña","Anual","20.700"
"2005","76869","Vijes","Sur","2045601","Piña","Anual","935"
"2004","76520","Palmira","Sur","2045601","Piña","Anual","950"
"2004","76364","Jamundí","Sur","2045601","Piña","Anual","960"
"2004","76377","La Cumbre","Sur","2045601","Piña","Anual","2.872"
"2004","76606","Restrepo","Centro","2045601","Piña","Anual","9.429"
"2004","76100","Bolivar","Norte","2045601","Piña","Anual","2.960"
"2004","76111","Buga","Centro","2045601","Piña","Anual","4.512"
"2004","76020","Alcalá","Norte","2045601","Piña","Anual","196"
"2004","76275","Florida","Sur","2045601","Piña","Anual","1.793"
"2004","76233","Dagua","Sur","2045601","Piña","Anual","28.939"
"2004","76869","Vijes","Sur","2045601","Piña","Anual","3.338"
"2004","76845","Ulloa","Norte","2045601","Piña","Anual","1.404"
"2004","76892","Yumbo","Sur","2045601","Piña","Anual","245"
"2003","76520","Palmira","Sur","2045601","Piña","Anual","228"
"2003","76318","Guacarí","Centro","2045601","Piña","Anual","459"
"2003","76377","La Cumbre","Sur","2045601","Piña","Anual","2.082"
"2003","76364","Jamundí","Sur","2045601","Piña","Anual","690"
"2003","76606","Restrepo","Centro","2045601","Piña","Anual","19.910"
"2003","76100","Bolivar","Norte","2045601","Piña","Anual","2.738"
"2003","76111","Buga","Centro","2045601","Piña","Anual","6.000"
"2003","76275","Florida","Sur","2045601","Piña","Anual","1.254"
"2003","76233","Dagua","Sur","2045601","Piña","Anual","27.876"
"2003","76845","Ulloa","Norte","2045601","Piña","Anual","990"
"2003","76869","Vijes","Sur","2045601","Piña","Anual","2.904"
"2002","76520","Palmira","Sur","2045601","Piña","Anual","228"
"2002","76318","Guacarí","Centro","2045601","Piña","Anual","510"
"2002","76377","La Cumbre","Sur","2045601","Piña","Anual","1.792"
"2002","76364","Jamundí","Sur","2045601","Piña","Anual","630"
"2002","76606","Restrepo","Centro","2045601","Piña","Anual","19.691"
"2002","76100","Bolivar","Norte","2045601","Piña","Anual","1.760"
"2002","76111","Buga","Centro","2045601","Piña","Anual","6.090"
"2002","76275","Florida","Sur","2045601","Piña","Anual","900"
"2002","76233","Dagua","Sur","2045601","Piña","Anual","18.834"
"2002","76892","Yumbo","Sur","2045601","Piña","Anual","400"
"2002","76869","Vijes","Sur","2045601","Piña","Anual","2.475"
"2002","76845","Ulloa","Norte","2045601","Piña","Anual","1.008"
"2002","76890","Yotoco","Centro","2045601","Piña","Anual","126"
"2001","76520","Palmira","Sur","2045601","Piña","Anual","2.100"
"2001","76364","Jamundí","Sur","2045601","Piña","Anual","63"
"2001","76318","Guacarí","Centro","2045601","Piña","Anual","510"
"2001","76377","La Cumbre","Sur","2045601","Piña","Anual","2.760"
"2001","76606","Restrepo","Centro","2045601","Piña","Anual","8.400"
"2001","76100","Bolivar","Norte","2045601","Piña","Anual","1.920"
"2001","76111","Buga","Centro","2045601","Piña","Anual","3.135"
"2001","76020","Alcalá","Norte","2045601","Piña","Anual","2.080"
"2001","76275","Florida","Sur","2045601","Piña","Anual","980"
"2001","76233","Dagua","Sur","2045601","Piña","Anual","18.834"
"2001","76869","Vijes","Sur","2045601","Piña","Anual","2.700"
"2001","76892","Yumbo","Sur","2045601","Piña","Anual","358"
"2000","76520","Palmira","Sur","2045601","Piña","Anual","4.480"
"2000","76318","Guacarí","Centro","2045601","Piña","Anual","510"
"2000","76364","Jamundí","Sur","2045601","Piña","Anual","1.300"
"2000","76377","La Cumbre","Sur","2045601","Piña","Anual","1.280"
"2000","76606","Restrepo","Centro","2045601","Piña","Anual","14.210"
"2000","76670","San Pedro","Centro","2045601","Piña","Anual","455"
"2000","76100","Bolivar","Norte","2045601","Piña","Anual","2.800"
"2000","76020","Alcalá","Norte","2045601","Piña","Anual","1.152"
"2000","76275","Florida","Sur","2045601","Piña","Anual","980"
"2000","76233","Dagua","Sur","2045601","Piña","Anual","20.805"
"2000","76869","Vijes","Sur","2045601","Piña","Anual","2.340"
"2000","76845","Ulloa","Norte","2045601","Piña","Anual","560"
"2000","76892","Yumbo","Sur","2045601","Piña","Anual","294"
"2022","76520","Palmira","Sur","2042800","Granadilla","Anual","160"
"2022","76377","La Cumbre","Sur","2042800","Granadilla","Anual","73,6"
"2022","76736","Sevilla","Centro","2042800","Granadilla","Anual","330"
"2022","76828","Trujillo","Centro","2042800","Granadilla","Anual","20,8"
"2022","76823","Toro","Norte","2042800","Granadilla","Anual","48"
"2022","76622","Roldanillo","Norte","2042800","Granadilla","Anual","160"
"2022","76041","Ansermanuevo","Norte","2042800","Granadilla","Anual","448"
"2022","76243","El Aguila","Norte","2042800","Granadilla","Anual","288"
"2022","76275","Florida","Sur","2042800","Granadilla","Anual","212,67"
"2022","76250","El Dovio","Norte","2042800","Granadilla","Anual","162"
"2022","76126","Calima Darién","Centro","2042800","Granadilla","Anual","9,31"
"2022","76100","Bolivar","Norte","2042800","Granadilla","Anual","144"
"2022","76111","Buga","Centro","2042800","Granadilla","Anual","260"
"2022","76892","Yumbo","Sur","2042800","Granadilla","Anual","10,2"
"2022","76834","Tuluá","Centro","2042800","Granadilla","Anual","64"
"2022","76863","Versalles","Norte","2042800","Granadilla","Anual","133"
"2021","76520","Palmira","Sur","2042800","Granadilla","Anual","160"
"2021","76306","Ginebra","Sur","2042800","Granadilla","Anual","42"
"2021","76377","La Cumbre","Sur","2042800","Granadilla","Anual","73,6"
"2021","76736","Sevilla","Centro","2042800","Granadilla","Anual","150"
"2021","76622","Roldanillo","Norte","2042800","Granadilla","Anual","150"
"2021","76100","Bolivar","Norte","2042800","Granadilla","Anual","192"
"2021","76111","Buga","Centro","2042800","Granadilla","Anual","239,98"
"2021","76041","Ansermanuevo","Norte","2042800","Granadilla","Anual","448"
"2021","76243","El Aguila","Norte","2042800","Granadilla","Anual","100"
"2021","76275","Florida","Sur","2042800","Granadilla","Anual","210"
"2021","76250","El Dovio","Norte","2042800","Granadilla","Anual","156"
"2021","76126","Calima Darién","Centro","2042800","Granadilla","Anual","9,312"
"2021","76892","Yumbo","Sur","2042800","Granadilla","Anual","6,24"
"2021","76863","Versalles","Norte","2042800","Granadilla","Anual","173"
"2020","76520","Palmira","Sur","2042800","Granadilla","Anual","280"
"2020","76377","La Cumbre","Sur","2042800","Granadilla","Anual","84"
"2020","76828","Trujillo","Centro","2042800","Granadilla","Anual","20"
"2020","76834","Tuluá","Centro","2042800","Granadilla","Anual","96"
"2020","76622","Roldanillo","Norte","2042800","Granadilla","Anual","56"
"2020","76736","Sevilla","Centro","2042800","Granadilla","Anual","150"
"2020","76670","San Pedro","Centro","2042800","Granadilla","Anual","240"
"2020","76100","Bolivar","Norte","2042800","Granadilla","Anual","120"
"2020","76111","Buga","Centro","2042800","Granadilla","Anual","110"
"2020","76041","Ansermanuevo","Norte","2042800","Granadilla","Anual","948"
"2020","76250","El Dovio","Norte","2042800","Granadilla","Anual","452"
"2020","76275","Florida","Sur","2042800","Granadilla","Anual","210"
"2020","76306","Ginebra","Sur","2042800","Granadilla","Anual","80,5"
"2020","76243","El Aguila","Norte","2042800","Granadilla","Anual","216"
"2020","76863","Versalles","Norte","2042800","Granadilla","Anual","51,6"
"2020","76892","Yumbo","Sur","2042800","Granadilla","Anual","17,04"
"2019","76520","Palmira","Sur","2042800","Granadilla","Anual","280"
"2019","76377","La Cumbre","Sur","2042800","Granadilla","Anual","101,2"
"2019","76834","Tuluá","Centro","2042800","Granadilla","Anual","96"
"2019","76863","Versalles","Norte","2042800","Granadilla","Anual","99,6"
"2019","76670","San Pedro","Centro","2042800","Granadilla","Anual","240"
"2019","76113","Bugalagrande","Centro","2042800","Granadilla","Anual","96"
"2019","76111","Buga","Centro","2042800","Granadilla","Anual","90"
"2019","76100","Bolivar","Norte","2042800","Granadilla","Anual","180"
"2019","76041","Ansermanuevo","Norte","2042800","Granadilla","Anual","883"
"2019","76275","Florida","Sur","2042800","Granadilla","Anual","210"
"2019","76250","El Dovio","Norte","2042800","Granadilla","Anual","225"
"2019","76306","Ginebra","Sur","2042800","Granadilla","Anual","99"
"2019","76243","El Aguila","Norte","2042800","Granadilla","Anual","242"
"2019","76892","Yumbo","Sur","2042800","Granadilla","Anual","26,64"
"2018","76520","Palmira","Sur","2042800","Granadilla","Anual","280"
"2018","76606","Restrepo","Centro","2042800","Granadilla","Anual","0"
"2018","76377","La Cumbre","Sur","2042800","Granadilla","Anual","102"
"2018","76834","Tuluá","Centro","2042800","Granadilla","Anual","88"
"2018","76863","Versalles","Norte","2042800","Granadilla","Anual","87,6"
"2018","76670","San Pedro","Centro","2042800","Granadilla","Anual","390"
"2018","76622","Roldanillo","Norte","2042800","Granadilla","Anual","56"
"2018","76823","Toro","Norte","2042800","Granadilla","Anual","96"
"2018","76736","Sevilla","Centro","2042800","Granadilla","Anual","150"
"2018","76111","Buga","Centro","2042800","Granadilla","Anual","63"
"2018","76113","Bugalagrande","Centro","2042800","Granadilla","Anual","108"
"2018","76100","Bolivar","Norte","2042800","Granadilla","Anual","132"
"2018","76041","Ansermanuevo","Norte","2042800","Granadilla","Anual","387"
"2018","76275","Florida","Sur","2042800","Granadilla","Anual","200"
"2018","76250","El Dovio","Norte","2042800","Granadilla","Anual","185"
"2018","76306","Ginebra","Sur","2042800","Granadilla","Anual","81"
"2018","76243","El Aguila","Norte","2042800","Granadilla","Anual","132"
"2018","76892","Yumbo","Sur","2042800","Granadilla","Anual","30"
"2017","76520","Palmira","Sur","2042800","Granadilla","Anual","84"
"2017","76863","Versalles","Norte","2042800","Granadilla","Anual","123,6"
"2017","76670","San Pedro","Centro","2042800","Granadilla","Anual","372"
"2017","76622","Roldanillo","Norte","2042800","Granadilla","Anual","56"
"2017","76736","Sevilla","Centro","2042800","Granadilla","Anual","150"
"2017","76111","Buga","Centro","2042800","Granadilla","Anual","110"
"2017","76113","Bugalagrande","Centro","2042800","Granadilla","Anual","84"
"2017","76041","Ansermanuevo","Norte","2042800","Granadilla","Anual","261"
"2017","76100","Bolivar","Norte","2042800","Granadilla","Anual","180"
"2017","76275","Florida","Sur","2042800","Granadilla","Anual","112"
"2017","76243","El Aguila","Norte","2042800","Granadilla","Anual","77"
"2016","76520","Palmira","Sur","2042800","Granadilla","Anual","80"
"2016","76863","Versalles","Norte","2042800","Granadilla","Anual","294"
"2016","76834","Tuluá","Centro","2042800","Granadilla","Anual","48"
"2016","76622","Roldanillo","Norte","2042800","Granadilla","Anual","56"
"2016","76736","Sevilla","Centro","2042800","Granadilla","Anual","150"
"2016","76670","San Pedro","Centro","2042800","Granadilla","Anual","570"
"2016","76111","Buga","Centro","2042800","Granadilla","Anual","110"
"2016","76113","Bugalagrande","Centro","2042800","Granadilla","Anual","126"
"2016","76100","Bolivar","Norte","2042800","Granadilla","Anual","450"
"2016","76041","Ansermanuevo","Norte","2042800","Granadilla","Anual","195"
"2016","76275","Florida","Sur","2042800","Granadilla","Anual","108"
"2016","76250","El Dovio","Norte","2042800","Granadilla","Anual","80"
"2016","76306","Ginebra","Sur","2042800","Granadilla","Anual","54"
"2015","76520","Palmira","Sur","2042800","Granadilla","Anual","224"
"2015","76863","Versalles","Norte","2042800","Granadilla","Anual","434"
"2015","76670","San Pedro","Centro","2042800","Granadilla","Anual","495"
"2015","76823","Toro","Norte","2042800","Granadilla","Anual","0"
"2015","76126","Calima Darién","Centro","2042800","Granadilla","Anual","54"
"2015","76113","Bugalagrande","Centro","2042800","Granadilla","Anual","63"
"2015","76100","Bolivar","Norte","2042800","Granadilla","Anual","600"
"2015","76041","Ansermanuevo","Norte","2042800","Granadilla","Anual","288"
"2015","76275","Florida","Sur","2042800","Granadilla","Anual","63"
"2014","76863","Versalles","Norte","2042800","Granadilla","Anual","392"
"2014","76834","Tuluá","Centro","2042800","Granadilla","Anual","72"
"2014","76670","San Pedro","Centro","2042800","Granadilla","Anual","450"
"2014","76111","Buga","Centro","2042800","Granadilla","Anual","200"
"2014","76113","Bugalagrande","Centro","2042800","Granadilla","Anual","63"
"2014","76100","Bolivar","Norte","2042800","Granadilla","Anual","660"
"2014","76041","Ansermanuevo","Norte","2042800","Granadilla","Anual","288"
"2014","76275","Florida","Sur","2042800","Granadilla","Anual","88"
"2014","76243","El Aguila","Norte","2042800","Granadilla","Anual","40"
"2013","76520","Palmira","Sur","2042800","Granadilla","Anual","0"
"2013","76834","Tuluá","Centro","2042800","Granadilla","Anual","72"
"2013","76670","San Pedro","Centro","2042800","Granadilla","Anual","375"
"2013","76622","Roldanillo","Norte","2042800","Granadilla","Anual","56"
"2013","76113","Bugalagrande","Centro","2042800","Granadilla","Anual","63"
"2013","76111","Buga","Centro","2042800","Granadilla","Anual","60"
"2013","76100","Bolivar","Norte","2042800","Granadilla","Anual","540"
"2013","76041","Ansermanuevo","Norte","2042800","Granadilla","Anual","136"
"2013","76243","El Aguila","Norte","2042800","Granadilla","Anual","56"
"2013","76863","Versalles","Norte","2042800","Granadilla","Anual","294"
"2012","76834","Tuluá","Centro","2042800","Granadilla","Anual","72"
"2012","76622","Roldanillo","Norte","2042800","Granadilla","Anual","72"
"2012","76736","Sevilla","Centro","2042800","Granadilla","Anual","188"
"2012","76670","San Pedro","Centro","2042800","Granadilla","Anual","300"
"2012","76100","Bolivar","Norte","2042800","Granadilla","Anual","525"
"2012","76113","Bugalagrande","Centro","2042800","Granadilla","Anual","63"
"2012","76041","Ansermanuevo","Norte","2042800","Granadilla","Anual","136"
"2012","76246","El Cairo","Norte","2042800","Granadilla","Anual","21"
"2012","76126","Calima Darién","Centro","2042800","Granadilla","Anual","63"
"2012","76122","Caicedonia","Centro","2042800","Granadilla","Anual","60"
"2012","76243","El Aguila","Norte","2042800","Granadilla","Anual","56"
"2011","76606","Restrepo","Centro","2042800","Granadilla","Anual","0"
"2011","76736","Sevilla","Centro","2042800","Granadilla","Anual","45"
"2011","76834","Tuluá","Centro","2042800","Granadilla","Anual","72"
"2011","76622","Roldanillo","Norte","2042800","Granadilla","Anual","72"
"2011","76113","Bugalagrande","Centro","2042800","Granadilla","Anual","63"
"2011","76100","Bolivar","Norte","2042800","Granadilla","Anual","465"
"2011","76246","El Cairo","Norte","2042800","Granadilla","Anual","9"
"2011","76122","Caicedonia","Centro","2042800","Granadilla","Anual","80"
"2011","76243","El Aguila","Norte","2042800","Granadilla","Anual","48"
"2011","76863","Versalles","Norte","2042800","Granadilla","Anual","210"
"2010","76736","Sevilla","Centro","2042800","Granadilla","Anual","75"
"2010","76834","Tuluá","Centro","2042800","Granadilla","Anual","56"
"2010","76622","Roldanillo","Norte","2042800","Granadilla","Anual","98"
"2010","76100","Bolivar","Norte","2042800","Granadilla","Anual","780"
"2010","76020","Alcalá","Norte","2042800","Granadilla","Anual","40"
"2010","76243","El Aguila","Norte","2042800","Granadilla","Anual","56"
"2010","76250","El Dovio","Norte","2042800","Granadilla","Anual","30"
"2010","76126","Calima Darién","Centro","2042800","Granadilla","Anual","72"
"2010","76113","Bugalagrande","Centro","2042800","Granadilla","Anual","63"
"2010","76122","Caicedonia","Centro","2042800","Granadilla","Anual","64"
"2010","76863","Versalles","Norte","2042800","Granadilla","Anual","420"
"2009","76834","Tuluá","Centro","2042800","Granadilla","Anual","56"
"2009","76622","Roldanillo","Norte","2042800","Granadilla","Anual","122"
"2009","76736","Sevilla","Centro","2042800","Granadilla","Anual","60"
"2009","76100","Bolivar","Norte","2042800","Granadilla","Anual","312"
"2009","76113","Bugalagrande","Centro","2042800","Granadilla","Anual","64"
"2009","76020","Alcalá","Norte","2042800","Granadilla","Anual","76"
"2009","76041","Ansermanuevo","Norte","2042800","Granadilla","Anual","47"
"2009","76250","El Dovio","Norte","2042800","Granadilla","Anual","40"
"2009","76126","Calima Darién","Centro","2042800","Granadilla","Anual","72"
"2009","76243","El Aguila","Norte","2042800","Granadilla","Anual","48"
"2009","76863","Versalles","Norte","2042800","Granadilla","Anual","574"
"2008","76736","Sevilla","Centro","2042800","Granadilla","Anual","49"
"2008","76113","Bugalagrande","Centro","2042800","Granadilla","Anual","60"
"2008","76100","Bolivar","Norte","2042800","Granadilla","Anual","336"
"2008","76041","Ansermanuevo","Norte","2042800","Granadilla","Anual","40"
"2008","76250","El Dovio","Norte","2042800","Granadilla","Anual","64"
"2008","76126","Calima Darién","Centro","2042800","Granadilla","Anual","54"
"2008","76863","Versalles","Norte","2042800","Granadilla","Anual","507"
"2007","76736","Sevilla","Centro","2042800","Granadilla","Anual","56"
"2007","76113","Bugalagrande","Centro","2042800","Granadilla","Anual","45"
"2007","76100","Bolivar","Norte","2042800","Granadilla","Anual","312"
"2007","76041","Ansermanuevo","Norte","2042800","Granadilla","Anual","90"
"2007","76243","El Aguila","Norte","2042800","Granadilla","Anual","144"
"2007","76863","Versalles","Norte","2042800","Granadilla","Anual","653"
"2007","76892","Yumbo","Sur","2042800","Granadilla","Anual","12"
"2006","76113","Bugalagrande","Centro","2042800","Granadilla","Anual","45"
"2006","76100","Bolivar","Norte","2042800","Granadilla","Anual","360"
"2006","76041","Ansermanuevo","Norte","2042800","Granadilla","Anual","90"
"2006","76250","El Dovio","Norte","2042800","Granadilla","Anual","130"
"2006","76243","El Aguila","Norte","2042800","Granadilla","Anual","160"
"2006","76863","Versalles","Norte","2042800","Granadilla","Anual","725"
"2005","76400","La Unión","Norte","2042800","Granadilla","Anual","280"
"2005","76377","La Cumbre","Sur","2042800","Granadilla","Anual","56"
"2005","76823","Toro","Norte","2042800","Granadilla","Anual","550"
"2005","76834","Tuluá","Centro","2042800","Granadilla","Anual","31"
"2005","76616","Riofrío","Centro","2042800","Granadilla","Anual","92"
"2005","76622","Roldanillo","Norte","2042800","Granadilla","Anual","128"
"2005","76113","Bugalagrande","Centro","2042800","Granadilla","Anual","45"
"2005","76100","Bolivar","Norte","2042800","Granadilla","Anual","660"
"2005","76250","El Dovio","Norte","2042800","Granadilla","Anual","110"
"2005","76243","El Aguila","Norte","2042800","Granadilla","Anual","160"
"2005","76863","Versalles","Norte","2042800","Granadilla","Anual","755"
"2004","76400","La Unión","Norte","2042800","Granadilla","Anual","280"
"2004","76377","La Cumbre","Sur","2042800","Granadilla","Anual","56"
"2004","76828","Trujillo","Centro","2042800","Granadilla","Anual","1.009"
"2004","76823","Toro","Norte","2042800","Granadilla","Anual","1.273"
"2004","76834","Tuluá","Centro","2042800","Granadilla","Anual","14"
"2004","76616","Riofrío","Centro","2042800","Granadilla","Anual","155"
"2004","76622","Roldanillo","Norte","2042800","Granadilla","Anual","581"
"2004","76113","Bugalagrande","Centro","2042800","Granadilla","Anual","18"
"2004","76054","Argelia","Norte","2042800","Granadilla","Anual","129"
"2004","76100","Bolivar","Norte","2042800","Granadilla","Anual","811"
"2004","76041","Ansermanuevo","Norte","2042800","Granadilla","Anual","221"
"2004","76250","El Dovio","Norte","2042800","Granadilla","Anual","110"
"2004","76246","El Cairo","Norte","2042800","Granadilla","Anual","77"
"2004","76306","Ginebra","Sur","2042800","Granadilla","Anual","21"
"2004","76243","El Aguila","Norte","2042800","Granadilla","Anual","94"
"2004","76863","Versalles","Norte","2042800","Granadilla","Anual","851"
"2003","76400","La Unión","Norte","2042800","Granadilla","Anual","280"
"2003","76823","Toro","Norte","2042800","Granadilla","Anual","1.333"
"2003","76834","Tuluá","Centro","2042800","Granadilla","Anual","32"
"2003","76828","Trujillo","Centro","2042800","Granadilla","Anual","1.562"
"2003","76616","Riofrío","Centro","2042800","Granadilla","Anual","155"
"2003","76622","Roldanillo","Norte","2042800","Granadilla","Anual","966"
"2003","76111","Buga","Centro","2042800","Granadilla","Anual","113"
"2003","76113","Bugalagrande","Centro","2042800","Granadilla","Anual","34"
"2003","76100","Bolivar","Norte","2042800","Granadilla","Anual","2.551"
"2003","76054","Argelia","Norte","2042800","Granadilla","Anual","111"
"2003","76041","Ansermanuevo","Norte","2042800","Granadilla","Anual","350"
"2003","76250","El Dovio","Norte","2042800","Granadilla","Anual","260"
"2003","76246","El Cairo","Norte","2042800","Granadilla","Anual","90"
"2003","76306","Ginebra","Sur","2042800","Granadilla","Anual","21"
"2003","76243","El Aguila","Norte","2042800","Granadilla","Anual","104"
"2003","76126","Calima Darién","Centro","2042800","Granadilla","Anual","49"
"2003","76863","Versalles","Norte","2042800","Granadilla","Anual","1.196"
"2003","76890","Yotoco","Centro","2042800","Granadilla","Anual","17"
"2002","76400","La Unión","Norte","2042800","Granadilla","Anual","322"
"2002","76828","Trujillo","Centro","2042800","Granadilla","Anual","1.800"
"2002","76823","Toro","Norte","2042800","Granadilla","Anual","1.280"
"2002","76616","Riofrío","Centro","2042800","Granadilla","Anual","119"
"2002","76622","Roldanillo","Norte","2042800","Granadilla","Anual","1.113"
"2002","76111","Buga","Centro","2042800","Granadilla","Anual","130"
"2002","76100","Bolivar","Norte","2042800","Granadilla","Anual","2.940"
"2002","76054","Argelia","Norte","2042800","Granadilla","Anual","102"
"2002","76041","Ansermanuevo","Norte","2042800","Granadilla","Anual","403"
"2002","76250","El Dovio","Norte","2042800","Granadilla","Anual","280"
"2002","76246","El Cairo","Norte","2042800","Granadilla","Anual","88"
"2002","76306","Ginebra","Sur","2042800","Granadilla","Anual","13"
"2002","76243","El Aguila","Norte","2042800","Granadilla","Anual","102"
"2002","76126","Calima Darién","Centro","2042800","Granadilla","Anual","56"
"2002","76863","Versalles","Norte","2042800","Granadilla","Anual","1.392"
"2001","76400","La Unión","Norte","2042800","Granadilla","Anual","224"
"2001","76828","Trujillo","Centro","2042800","Granadilla","Anual","1.800"
"2001","76823","Toro","Norte","2042800","Granadilla","Anual","1.100"
"2001","76622","Roldanillo","Norte","2042800","Granadilla","Anual","903"
"2001","76100","Bolivar","Norte","2042800","Granadilla","Anual","3.780"
"2001","76041","Ansermanuevo","Norte","2042800","Granadilla","Anual","39"
"2001","76054","Argelia","Norte","2042800","Granadilla","Anual","0"
"2001","76250","El Dovio","Norte","2042800","Granadilla","Anual","280"
"2001","76243","El Aguila","Norte","2042800","Granadilla","Anual","48"
"2001","76246","El Cairo","Norte","2042800","Granadilla","Anual","38"
"2001","76126","Calima Darién","Centro","2042800","Granadilla","Anual","49"
"2001","76863","Versalles","Norte","2042800","Granadilla","Anual","600"
"2000","76400","La Unión","Norte","2042800","Granadilla","Anual","200"
"2000","76828","Trujillo","Centro","2042800","Granadilla","Anual","840"
"2000","76823","Toro","Norte","2042800","Granadilla","Anual","1.100"
"2000","76622","Roldanillo","Norte","2042800","Granadilla","Anual","876"
"2000","76616","Riofrío","Centro","2042800","Granadilla","Anual","66,5"
"2000","76113","Bugalagrande","Centro","2042800","Granadilla","Anual","18,75"
"2000","76100","Bolivar","Norte","2042800","Granadilla","Anual","2.940"
"2000","76250","El Dovio","Norte","2042800","Granadilla","Anual","280"
"2000","76147","Cartago","Norte","2042800","Granadilla","Anual","12"
"2000","76246","El Cairo","Norte","2042800","Granadilla","Anual","11,44"
"2000","76863","Versalles","Norte","2042800","Granadilla","Anual","900"
"2022","76520","Palmira","Sur","2046300","Tomate de Árbol","Anual","43,2"
"2022","76318","Guacarí","Centro","2046300","Tomate de Árbol","Anual","520"
"2022","76275","Florida","Sur","2046300","Tomate de Árbol","Anual","28,4"
"2022","76364","Jamundí","Sur","2046300","Tomate de Árbol","Anual","22,5"
"2022","76670","San Pedro","Centro","2046300","Tomate de Árbol","Anual","185,5"
"2022","76622","Roldanillo","Norte","2046300","Tomate de Árbol","Anual","0"
"2022","76736","Sevilla","Centro","2046300","Tomate de Árbol","Anual","192"
"2022","76100","Bolivar","Norte","2046300","Tomate de Árbol","Anual","84"
"2022","76001","Cali","Sur","2046300","Tomate de Árbol","Anual","48"
"2022","76248","El Cerrito","Sur","2046300","Tomate de Árbol","Anual","60,5"
"2022","76834","Tuluá","Centro","2046300","Tomate de Árbol","Anual","240"
"2021","76520","Palmira","Sur","2046300","Tomate de Árbol","Anual","44,55"
"2021","76364","Jamundí","Sur","2046300","Tomate de Árbol","Anual","22,5"
"2021","76318","Guacarí","Centro","2046300","Tomate de Árbol","Anual","190"
"2021","76670","San Pedro","Centro","2046300","Tomate de Árbol","Anual","283,5"
"2021","76736","Sevilla","Centro","2046300","Tomate de Árbol","Anual","204"
"2021","76001","Cali","Sur","2046300","Tomate de Árbol","Anual","48"
"2021","76248","El Cerrito","Sur","2046300","Tomate de Árbol","Anual","77"
"2021","76834","Tuluá","Centro","2046300","Tomate de Árbol","Anual","360"
"2020","76520","Palmira","Sur","2046300","Tomate de Árbol","Anual","33,6"
"2020","76318","Guacarí","Centro","2046300","Tomate de Árbol","Anual","180"
"2020","76736","Sevilla","Centro","2046300","Tomate de Árbol","Anual","240"
"2020","76834","Tuluá","Centro","2046300","Tomate de Árbol","Anual","396"
"2020","76670","San Pedro","Centro","2046300","Tomate de Árbol","Anual","199,5"
"2020","76100","Bolivar","Norte","2046300","Tomate de Árbol","Anual","14"
"2020","76001","Cali","Sur","2046300","Tomate de Árbol","Anual","48"
"2020","76248","El Cerrito","Sur","2046300","Tomate de Árbol","Anual","77"
"2019","76520","Palmira","Sur","2046300","Tomate de Árbol","Anual","33,6"
"2019","76834","Tuluá","Centro","2046300","Tomate de Árbol","Anual","432"
"2019","76670","San Pedro","Centro","2046300","Tomate de Árbol","Anual","199,5"
"2019","76318","Guacarí","Centro","2046300","Tomate de Árbol","Anual","132"
"2019","76100","Bolivar","Norte","2046300","Tomate de Árbol","Anual","161"
"2019","76001","Cali","Sur","2046300","Tomate de Árbol","Anual","48"
"2019","76248","El Cerrito","Sur","2046300","Tomate de Árbol","Anual","77"
"2019","76275","Florida","Sur","2046300","Tomate de Árbol","Anual","54"
"2019","76243","El Aguila","Norte","2046300","Tomate de Árbol","Anual","96"
"2018","76520","Palmira","Sur","2046300","Tomate de Árbol","Anual","33,6"
"2018","76834","Tuluá","Centro","2046300","Tomate de Árbol","Anual","444"
"2018","76670","San Pedro","Centro","2046300","Tomate de Árbol","Anual","175"
"2018","76100","Bolivar","Norte","2046300","Tomate de Árbol","Anual","161"
"2018","76001","Cali","Sur","2046300","Tomate de Árbol","Anual","48"
"2018","76318","Guacarí","Centro","2046300","Tomate de Árbol","Anual","84"
"2018","76275","Florida","Sur","2046300","Tomate de Árbol","Anual","72"
"2018","76243","El Aguila","Norte","2046300","Tomate de Árbol","Anual","96"
"2017","76520","Palmira","Sur","2046300","Tomate de Árbol","Anual","60"
"2017","76364","Jamundí","Sur","2046300","Tomate de Árbol","Anual","78"
"2017","76834","Tuluá","Centro","2046300","Tomate de Árbol","Anual","690"
"2017","76670","San Pedro","Centro","2046300","Tomate de Árbol","Anual","175"
"2017","76100","Bolivar","Norte","2046300","Tomate de Árbol","Anual","175"
"2017","76001","Cali","Sur","2046300","Tomate de Árbol","Anual","33"
"2017","76318","Guacarí","Centro","2046300","Tomate de Árbol","Anual","312"
"2017","76246","El Cairo","Norte","2046300","Tomate de Árbol","Anual","18"
"2017","76892","Yumbo","Sur","2046300","Tomate de Árbol","Anual","2,5"
"2016","76318","Guacarí","Centro","2046300","Tomate de Árbol","Anual","120"
"2016","76834","Tuluá","Centro","2046300","Tomate de Árbol","Anual","480"
"2016","76670","San Pedro","Centro","2046300","Tomate de Árbol","Anual","258"
"2016","76100","Bolivar","Norte","2046300","Tomate de Árbol","Anual","224"
"2016","76001","Cali","Sur","2046300","Tomate de Árbol","Anual","33"
"2016","76892","Yumbo","Sur","2046300","Tomate de Árbol","Anual","2"
"2015","76834","Tuluá","Centro","2046300","Tomate de Árbol","Anual","160"
"2015","76670","San Pedro","Centro","2046300","Tomate de Árbol","Anual","98"
"2015","76100","Bolivar","Norte","2046300","Tomate de Árbol","Anual","231"
"2015","76001","Cali","Sur","2046300","Tomate de Árbol","Anual","33"
"2015","76318","Guacarí","Centro","2046300","Tomate de Árbol","Anual","144"
"2015","76126","Calima Darién","Centro","2046300","Tomate de Árbol","Anual","64"
"2014","76520","Palmira","Sur","2046300","Tomate de Árbol","Anual","196"
"2014","76318","Guacarí","Centro","2046300","Tomate de Árbol","Anual","120"
"2014","76834","Tuluá","Centro","2046300","Tomate de Árbol","Anual","400"
"2014","76670","San Pedro","Centro","2046300","Tomate de Árbol","Anual","105"
"2014","76100","Bolivar","Norte","2046300","Tomate de Árbol","Anual","301"
"2014","76001","Cali","Sur","2046300","Tomate de Árbol","Anual","50"
"2014","76126","Calima Darién","Centro","2046300","Tomate de Árbol","Anual","64"
"2013","76520","Palmira","Sur","2046300","Tomate de Árbol","Anual","0"
"2013","76318","Guacarí","Centro","2046300","Tomate de Árbol","Anual","140"
"2013","76670","San Pedro","Centro","2046300","Tomate de Árbol","Anual","84"
"2013","76100","Bolivar","Norte","2046300","Tomate de Árbol","Anual","259"
"2013","76275","Florida","Sur","2046300","Tomate de Árbol","Anual","72"
"2013","76126","Calima Darién","Centro","2046300","Tomate de Árbol","Anual","64"
"2012","76520","Palmira","Sur","2046300","Tomate de Árbol","Anual","98"
"2012","76364","Jamundí","Sur","2046300","Tomate de Árbol","Anual","12"
"2012","76834","Tuluá","Centro","2046300","Tomate de Árbol","Anual","630"
"2012","76100","Bolivar","Norte","2046300","Tomate de Árbol","Anual","322"
"2012","76111","Buga","Centro","2046300","Tomate de Árbol","Anual","225"
"2012","76306","Ginebra","Sur","2046300","Tomate de Árbol","Anual","4"
"2012","76275","Florida","Sur","2046300","Tomate de Árbol","Anual","75"
"2012","76892","Yumbo","Sur","2046300","Tomate de Árbol","Anual","3"
"2011","76520","Palmira","Sur","2046300","Tomate de Árbol","Anual","95"
"2011","76318","Guacarí","Centro","2046300","Tomate de Árbol","Anual","210"
"2011","76364","Jamundí","Sur","2046300","Tomate de Árbol","Anual","14"
"2011","76834","Tuluá","Centro","2046300","Tomate de Árbol","Anual","530"
"2011","76670","San Pedro","Centro","2046300","Tomate de Árbol","Anual","91"
"2011","76100","Bolivar","Norte","2046300","Tomate de Árbol","Anual","210"
"2011","76111","Buga","Centro","2046300","Tomate de Árbol","Anual","225"
"2011","76001","Cali","Sur","2046300","Tomate de Árbol","Anual","96"
"2011","76243","El Aguila","Norte","2046300","Tomate de Árbol","Anual","36"
"2011","76275","Florida","Sur","2046300","Tomate de Árbol","Anual","75"
"2011","76306","Ginebra","Sur","2046300","Tomate de Árbol","Anual","0"
"2010","76520","Palmira","Sur","2046300","Tomate de Árbol","Anual","95"
"2010","76318","Guacarí","Centro","2046300","Tomate de Árbol","Anual","210"
"2010","76306","Ginebra","Sur","2046300","Tomate de Árbol","Anual","275"
"2010","76364","Jamundí","Sur","2046300","Tomate de Árbol","Anual","24"
"2010","76834","Tuluá","Centro","2046300","Tomate de Árbol","Anual","520"
"2010","76100","Bolivar","Norte","2046300","Tomate de Árbol","Anual","196"
"2010","76111","Buga","Centro","2046300","Tomate de Árbol","Anual","330"
"2010","76001","Cali","Sur","2046300","Tomate de Árbol","Anual","96"
"2010","76243","El Aguila","Norte","2046300","Tomate de Árbol","Anual","48"
"2010","76275","Florida","Sur","2046300","Tomate de Árbol","Anual","75"
"2010","76126","Calima Darién","Centro","2046300","Tomate de Árbol","Anual","20"
"2010","76863","Versalles","Norte","2046300","Tomate de Árbol","Anual","49"
"2009","76520","Palmira","Sur","2046300","Tomate de Árbol","Anual","95"
"2009","76318","Guacarí","Centro","2046300","Tomate de Árbol","Anual","240"
"2009","76834","Tuluá","Centro","2046300","Tomate de Árbol","Anual","520"
"2009","76622","Roldanillo","Norte","2046300","Tomate de Árbol","Anual","6"
"2009","76100","Bolivar","Norte","2046300","Tomate de Árbol","Anual","175"
"2009","76111","Buga","Centro","2046300","Tomate de Árbol","Anual","585"
"2009","76001","Cali","Sur","2046300","Tomate de Árbol","Anual","102"
"2009","76243","El Aguila","Norte","2046300","Tomate de Árbol","Anual","36"
"2009","76275","Florida","Sur","2046300","Tomate de Árbol","Anual","176"
"2009","76306","Ginebra","Sur","2046300","Tomate de Árbol","Anual","275"
"2009","76126","Calima Darién","Centro","2046300","Tomate de Árbol","Anual","0"
"2009","76863","Versalles","Norte","2046300","Tomate de Árbol","Anual","35"
"2008","76520","Palmira","Sur","2046300","Tomate de Árbol","Anual","62"
"2008","76318","Guacarí","Centro","2046300","Tomate de Árbol","Anual","240"
"2008","76377","La Cumbre","Sur","2046300","Tomate de Árbol","Anual","240"
"2008","76834","Tuluá","Centro","2046300","Tomate de Árbol","Anual","520"
"2008","76306","Ginebra","Sur","2046300","Tomate de Árbol","Anual","275"
"2008","76100","Bolivar","Norte","2046300","Tomate de Árbol","Anual","210"
"2008","76111","Buga","Centro","2046300","Tomate de Árbol","Anual","660"
"2008","76001","Cali","Sur","2046300","Tomate de Árbol","Anual","95"
"2008","76275","Florida","Sur","2046300","Tomate de Árbol","Anual","92"
"2008","76863","Versalles","Norte","2046300","Tomate de Árbol","Anual","7"
"2007","76520","Palmira","Sur","2046300","Tomate de Árbol","Anual","62"
"2007","76318","Guacarí","Centro","2046300","Tomate de Árbol","Anual","108"
"2007","76834","Tuluá","Centro","2046300","Tomate de Árbol","Anual","196"
"2007","76670","San Pedro","Centro","2046300","Tomate de Árbol","Anual","49"
"2007","76100","Bolivar","Norte","2046300","Tomate de Árbol","Anual","210"
"2007","76111","Buga","Centro","2046300","Tomate de Árbol","Anual","1.665"
"2007","76001","Cali","Sur","2046300","Tomate de Árbol","Anual","95"
"2007","76243","El Aguila","Norte","2046300","Tomate de Árbol","Anual","102"
"2007","76306","Ginebra","Sur","2046300","Tomate de Árbol","Anual","275"
"2007","76275","Florida","Sur","2046300","Tomate de Árbol","Anual","92"
"2007","76863","Versalles","Norte","2046300","Tomate de Árbol","Anual","72"
"2007","76892","Yumbo","Sur","2046300","Tomate de Árbol","Anual","5"
"2006","76520","Palmira","Sur","2046300","Tomate de Árbol","Anual","80"
"2006","76318","Guacarí","Centro","2046300","Tomate de Árbol","Anual","104"
"2006","76828","Trujillo","Centro","2046300","Tomate de Árbol","Anual","300"
"2006","76834","Tuluá","Centro","2046300","Tomate de Árbol","Anual","149"
"2006","76670","San Pedro","Centro","2046300","Tomate de Árbol","Anual","32"
"2006","76100","Bolivar","Norte","2046300","Tomate de Árbol","Anual","175"
"2006","76111","Buga","Centro","2046300","Tomate de Árbol","Anual","3.434"
"2006","76001","Cali","Sur","2046300","Tomate de Árbol","Anual","118"
"2006","76041","Ansermanuevo","Norte","2046300","Tomate de Árbol","Anual","35"
"2006","76243","El Aguila","Norte","2046300","Tomate de Árbol","Anual","108"
"2006","76275","Florida","Sur","2046300","Tomate de Árbol","Anual","121"
"2006","76306","Ginebra","Sur","2046300","Tomate de Árbol","Anual","275"
"2006","76233","Dagua","Sur","2046300","Tomate de Árbol","Anual","210"
"2006","76863","Versalles","Norte","2046300","Tomate de Árbol","Anual","72"
"2005","76520","Palmira","Sur","2046300","Tomate de Árbol","Anual","80"
"2005","76318","Guacarí","Centro","2046300","Tomate de Árbol","Anual","58"
"2005","76670","San Pedro","Centro","2046300","Tomate de Árbol","Anual","29"
"2005","76828","Trujillo","Centro","2046300","Tomate de Árbol","Anual","375"
"2005","76100","Bolivar","Norte","2046300","Tomate de Árbol","Anual","210"
"2005","76111","Buga","Centro","2046300","Tomate de Árbol","Anual","3.434"
"2005","76001","Cali","Sur","2046300","Tomate de Árbol","Anual","118"
"2005","76041","Ansermanuevo","Norte","2046300","Tomate de Árbol","Anual","13"
"2005","76243","El Aguila","Norte","2046300","Tomate de Árbol","Anual","102"
"2005","76306","Ginebra","Sur","2046300","Tomate de Árbol","Anual","275"
"2005","76275","Florida","Sur","2046300","Tomate de Árbol","Anual","122"
"2005","76233","Dagua","Sur","2046300","Tomate de Árbol","Anual","210"
"2005","76863","Versalles","Norte","2046300","Tomate de Árbol","Anual","90"
"2005","76834","Tuluá","Centro","2046300","Tomate de Árbol","Anual","160"
"2004","76400","La Unión","Norte","2046300","Tomate de Árbol","Anual","68"
"2004","76563","Pradera","Sur","2046300","Tomate de Árbol","Anual","83"
"2004","76520","Palmira","Sur","2046300","Tomate de Árbol","Anual","120"
"2004","76364","Jamundí","Sur","2046300","Tomate de Árbol","Anual","6"
"2004","76318","Guacarí","Centro","2046300","Tomate de Árbol","Anual","31"
"2004","76823","Toro","Norte","2046300","Tomate de Árbol","Anual","72"
"2004","76670","San Pedro","Centro","2046300","Tomate de Árbol","Anual","22"
"2004","76834","Tuluá","Centro","2046300","Tomate de Árbol","Anual","132"
"2004","76828","Trujillo","Centro","2046300","Tomate de Árbol","Anual","375"
"2004","76606","Restrepo","Centro","2046300","Tomate de Árbol","Anual","25"
"2004","76622","Roldanillo","Norte","2046300","Tomate de Árbol","Anual","16"
"2004","76100","Bolivar","Norte","2046300","Tomate de Árbol","Anual","161"
"2004","76111","Buga","Centro","2046300","Tomate de Árbol","Anual","4.092"
"2004","76001","Cali","Sur","2046300","Tomate de Árbol","Anual","107"
"2004","76041","Ansermanuevo","Norte","2046300","Tomate de Árbol","Anual","13"
"2004","76246","El Cairo","Norte","2046300","Tomate de Árbol","Anual","41"
"2004","76306","Ginebra","Sur","2046300","Tomate de Árbol","Anual","294"
"2004","76275","Florida","Sur","2046300","Tomate de Árbol","Anual","122"
"2004","76243","El Aguila","Norte","2046300","Tomate de Árbol","Anual","119"
"2004","76233","Dagua","Sur","2046300","Tomate de Árbol","Anual","127"
"2004","76863","Versalles","Norte","2046300","Tomate de Árbol","Anual","96"
"2004","76892","Yumbo","Sur","2046300","Tomate de Árbol","Anual","18"
"2003","76400","La Unión","Norte","2046300","Tomate de Árbol","Anual","64"
"2003","76563","Pradera","Sur","2046300","Tomate de Árbol","Anual","78"
"2003","76520","Palmira","Sur","2046300","Tomate de Árbol","Anual","120"
"2003","76318","Guacarí","Centro","2046300","Tomate de Árbol","Anual","54"
"2003","76823","Toro","Norte","2046300","Tomate de Árbol","Anual","68"
"2003","76834","Tuluá","Centro","2046300","Tomate de Árbol","Anual","161"
"2003","76828","Trujillo","Centro","2046300","Tomate de Árbol","Anual","120"
"2003","76622","Roldanillo","Norte","2046300","Tomate de Árbol","Anual","205"
"2003","76306","Ginebra","Sur","2046300","Tomate de Árbol","Anual","299"
"2003","76100","Bolivar","Norte","2046300","Tomate de Árbol","Anual","231"
"2003","76111","Buga","Centro","2046300","Tomate de Árbol","Anual","3.591"
"2003","76001","Cali","Sur","2046300","Tomate de Árbol","Anual","84"
"2003","76054","Argelia","Norte","2046300","Tomate de Árbol","Anual","17"
"2003","76041","Ansermanuevo","Norte","2046300","Tomate de Árbol","Anual","22"
"2003","76250","El Dovio","Norte","2046300","Tomate de Árbol","Anual","81"
"2003","76246","El Cairo","Norte","2046300","Tomate de Árbol","Anual","41"
"2003","76243","El Aguila","Norte","2046300","Tomate de Árbol","Anual","134"
"2003","76892","Yumbo","Sur","2046300","Tomate de Árbol","Anual","18"
"2003","76863","Versalles","Norte","2046300","Tomate de Árbol","Anual","90"
"2002","76400","La Unión","Norte","2046300","Tomate de Árbol","Anual","58"
"2002","76563","Pradera","Sur","2046300","Tomate de Árbol","Anual","72"
"2002","76520","Palmira","Sur","2046300","Tomate de Árbol","Anual","80"
"2002","76318","Guacarí","Centro","2046300","Tomate de Árbol","Anual","42"
"2002","76306","Ginebra","Sur","2046300","Tomate de Árbol","Anual","195"
"2002","76823","Toro","Norte","2046300","Tomate de Árbol","Anual","64"
"2002","76834","Tuluá","Centro","2046300","Tomate de Árbol","Anual","115"
"2002","76622","Roldanillo","Norte","2046300","Tomate de Árbol","Anual","194"
"2002","76100","Bolivar","Norte","2046300","Tomate de Árbol","Anual","231"
"2002","76111","Buga","Centro","2046300","Tomate de Árbol","Anual","3.591"
"2002","76001","Cali","Sur","2046300","Tomate de Árbol","Anual","42"
"2002","76054","Argelia","Norte","2046300","Tomate de Árbol","Anual","17"
"2002","76041","Ansermanuevo","Norte","2046300","Tomate de Árbol","Anual","22"
"2002","76246","El Cairo","Norte","2046300","Tomate de Árbol","Anual","27"
"2002","76243","El Aguila","Norte","2046300","Tomate de Árbol","Anual","89"
"2002","76233","Dagua","Sur","2046300","Tomate de Árbol","Anual","108"
"2002","76892","Yumbo","Sur","2046300","Tomate de Árbol","Anual","8"
"2002","76863","Versalles","Norte","2046300","Tomate de Árbol","Anual","90"
"2001","76400","La Unión","Norte","2046300","Tomate de Árbol","Anual","108"
"2001","76563","Pradera","Sur","2046300","Tomate de Árbol","Anual","72"
"2001","76520","Palmira","Sur","2046300","Tomate de Árbol","Anual","216"
"2001","76828","Trujillo","Centro","2046300","Tomate de Árbol","Anual","53"
"2001","76823","Toro","Norte","2046300","Tomate de Árbol","Anual","64"
"2001","76834","Tuluá","Centro","2046300","Tomate de Árbol","Anual","70"
"2001","76622","Roldanillo","Norte","2046300","Tomate de Árbol","Anual","140"
"2001","76100","Bolivar","Norte","2046300","Tomate de Árbol","Anual","119"
"2001","76111","Buga","Centro","2046300","Tomate de Árbol","Anual","2.907"
"2001","76001","Cali","Sur","2046300","Tomate de Árbol","Anual","42"
"2001","76054","Argelia","Norte","2046300","Tomate de Árbol","Anual","17"
"2001","76041","Ansermanuevo","Norte","2046300","Tomate de Árbol","Anual","4"
"2001","76246","El Cairo","Norte","2046300","Tomate de Árbol","Anual","39"
"2001","76306","Ginebra","Sur","2046300","Tomate de Árbol","Anual","225"
"2001","76275","Florida","Sur","2046300","Tomate de Árbol","Anual","88"
"2001","76243","El Aguila","Norte","2046300","Tomate de Árbol","Anual","35"
"2001","76233","Dagua","Sur","2046300","Tomate de Árbol","Anual","64"
"2001","76863","Versalles","Norte","2046300","Tomate de Árbol","Anual","36"
"2001","76892","Yumbo","Sur","2046300","Tomate de Árbol","Anual","8"
"2000","76563","Pradera","Sur","2046300","Tomate de Árbol","Anual","72"
"2000","76520","Palmira","Sur","2046300","Tomate de Árbol","Anual","216"
"2000","76318","Guacarí","Centro","2046300","Tomate de Árbol","Anual","56"
"2000","76823","Toro","Norte","2046300","Tomate de Árbol","Anual","60"
"2000","76834","Tuluá","Centro","2046300","Tomate de Árbol","Anual","105"
"2000","76828","Trujillo","Centro","2046300","Tomate de Árbol","Anual","52,5"
"2000","76606","Restrepo","Centro","2046300","Tomate de Árbol","Anual","35,4"
"2000","76622","Roldanillo","Norte","2046300","Tomate de Árbol","Anual","270"
"2000","76100","Bolivar","Norte","2046300","Tomate de Árbol","Anual","105"
"2000","76111","Buga","Centro","2046300","Tomate de Árbol","Anual","2.344"
"2000","76054","Argelia","Norte","2046300","Tomate de Árbol","Anual","0"
"2000","76041","Ansermanuevo","Norte","2046300","Tomate de Árbol","Anual","3,96"
"2000","76306","Ginebra","Sur","2046300","Tomate de Árbol","Anual","575"
"2000","76275","Florida","Sur","2046300","Tomate de Árbol","Anual","88"
"2000","76243","El Aguila","Norte","2046300","Tomate de Árbol","Anual","49"
"2000","76233","Dagua","Sur","2046300","Tomate de Árbol","Anual","57,6"
"2022","76400","La Unión","Norte","2046600","Vid","Anual","6.055,2"
"2022","76306","Ginebra","Sur","2046600","Vid","Anual","1.800"
"2022","76318","Guacarí","Centro","2046600","Vid","Anual","2.440"
"2022","76622","Roldanillo","Norte","2046600","Vid","Anual","1.452,6"
"2022","76823","Toro","Norte","2046600","Vid","Anual","3.600"
"2022","76248","El Cerrito","Sur","2046600","Vid","Anual","2.376"
"2022","76100","Bolivar","Norte","2046600","Vid","Anual","464"
"2022","76890","Yotoco","Centro","2046600","Vid","Anual","752,5"
"2022","76892","Yumbo","Sur","2046600","Vid","Anual","812,4"
"2022","76895","Zarzal","Norte","2046600","Vid","Anual","70"
"2022","76828","Trujillo","Centro","2046600","Vid","Anual","41"
"2021","76400","La Unión","Norte","2046600","Vid","Anual","6.748,72"
"2021","76403","La Victoria","Norte","2046600","Vid","Anual","11"
"2021","76306","Ginebra","Sur","2046600","Vid","Anual","2.610,4"
"2021","76318","Guacarí","Centro","2046600","Vid","Anual","350"
"2021","76622","Roldanillo","Norte","2046600","Vid","Anual","1.554"
"2021","76100","Bolivar","Norte","2046600","Vid","Anual","496"
"2021","76248","El Cerrito","Sur","2046600","Vid","Anual","3.168"
"2021","76890","Yotoco","Centro","2046600","Vid","Anual","369"
"2021","76895","Zarzal","Norte","2046600","Vid","Anual","10,7"
"2021","76892","Yumbo","Sur","2046600","Vid","Anual","1.047,6"
"2021","76828","Trujillo","Centro","2046600","Vid","Anual","47,15"
"2021","76823","Toro","Norte","2046600","Vid","Anual","3.600"
"2020","76318","Guacarí","Centro","2046600","Vid","Anual","270"
"2020","76400","La Unión","Norte","2046600","Vid","Anual","6.682,72"
"2020","76823","Toro","Norte","2046600","Vid","Anual","3.600"
"2020","76828","Trujillo","Centro","2046600","Vid","Anual","16,14"
"2020","76622","Roldanillo","Norte","2046600","Vid","Anual","1.106"
"2020","76100","Bolivar","Norte","2046600","Vid","Anual","560"
"2020","76248","El Cerrito","Sur","2046600","Vid","Anual","3.168"
"2020","76306","Ginebra","Sur","2046600","Vid","Anual","1.885"
"2020","76892","Yumbo","Sur","2046600","Vid","Anual","1.788"
"2020","76895","Zarzal","Norte","2046600","Vid","Anual","34,2"
"2020","76890","Yotoco","Centro","2046600","Vid","Anual","369"
"2019","76318","Guacarí","Centro","2046600","Vid","Anual","190"
"2019","76400","La Unión","Norte","2046600","Vid","Anual","6.704,72"
"2019","76828","Trujillo","Centro","2046600","Vid","Anual","66"
"2019","76823","Toro","Norte","2046600","Vid","Anual","3.540"
"2019","76622","Roldanillo","Norte","2046600","Vid","Anual","790,5"
"2019","76100","Bolivar","Norte","2046600","Vid","Anual","560"
"2019","76248","El Cerrito","Sur","2046600","Vid","Anual","3.168"
"2019","76306","Ginebra","Sur","2046600","Vid","Anual","2.312"
"2019","76890","Yotoco","Centro","2046600","Vid","Anual","369"
"2019","76892","Yumbo","Sur","2046600","Vid","Anual","1.908"
"2018","76400","La Unión","Norte","2046600","Vid","Anual","7.852,02"
"2018","76823","Toro","Norte","2046600","Vid","Anual","3.540"
"2018","76834","Tuluá","Centro","2046600","Vid","Anual","36"
"2018","76622","Roldanillo","Norte","2046600","Vid","Anual","924"
"2018","76100","Bolivar","Norte","2046600","Vid","Anual","560"
"2018","76248","El Cerrito","Sur","2046600","Vid","Anual","3.396"
"2018","76318","Guacarí","Centro","2046600","Vid","Anual","110"
"2018","76306","Ginebra","Sur","2046600","Vid","Anual","912"
"2018","76890","Yotoco","Centro","2046600","Vid","Anual","0"
"2018","76895","Zarzal","Norte","2046600","Vid","Anual","0"
"2018","76892","Yumbo","Sur","2046600","Vid","Anual","1.356"
"2017","76400","La Unión","Norte","2046600","Vid","Anual","8.060,8"
"2017","76828","Trujillo","Centro","2046600","Vid","Anual","108"
"2017","76834","Tuluá","Centro","2046600","Vid","Anual","36"
"2017","76622","Roldanillo","Norte","2046600","Vid","Anual","789"
"2017","76823","Toro","Norte","2046600","Vid","Anual","3.480"
"2017","76100","Bolivar","Norte","2046600","Vid","Anual","528"
"2017","76248","El Cerrito","Sur","2046600","Vid","Anual","3.962"
"2017","76318","Guacarí","Centro","2046600","Vid","Anual","1.990"
"2017","76306","Ginebra","Sur","2046600","Vid","Anual","852"
"2017","76892","Yumbo","Sur","2046600","Vid","Anual","984"
"2017","76895","Zarzal","Norte","2046600","Vid","Anual","0"
"2016","76520","Palmira","Sur","2046600","Vid","Anual","144"
"2016","76318","Guacarí","Centro","2046600","Vid","Anual","3.780"
"2016","76400","La Unión","Norte","2046600","Vid","Anual","9.647"
"2016","76828","Trujillo","Centro","2046600","Vid","Anual","102"
"2016","76823","Toro","Norte","2046600","Vid","Anual","4.012"
"2016","76834","Tuluá","Centro","2046600","Vid","Anual","36"
"2016","76622","Roldanillo","Norte","2046600","Vid","Anual","714"
"2016","76100","Bolivar","Norte","2046600","Vid","Anual","480"
"2016","76248","El Cerrito","Sur","2046600","Vid","Anual","3.962"
"2016","76306","Ginebra","Sur","2046600","Vid","Anual","610"
"2016","76892","Yumbo","Sur","2046600","Vid","Anual","820"
"2015","76520","Palmira","Sur","2046600","Vid","Anual","144"
"2015","76400","La Unión","Norte","2046600","Vid","Anual","9.647"
"2015","76828","Trujillo","Centro","2046600","Vid","Anual","45"
"2015","76823","Toro","Norte","2046600","Vid","Anual","2.950"
"2015","76834","Tuluá","Centro","2046600","Vid","Anual","30"
"2015","76622","Roldanillo","Norte","2046600","Vid","Anual","714"
"2015","76100","Bolivar","Norte","2046600","Vid","Anual","480"
"2015","76318","Guacarí","Centro","2046600","Vid","Anual","3.600"
"2015","76306","Ginebra","Sur","2046600","Vid","Anual","560"
"2015","76248","El Cerrito","Sur","2046600","Vid","Anual","3.920"
"2015","76892","Yumbo","Sur","2046600","Vid","Anual","200"
"2014","76520","Palmira","Sur","2046600","Vid","Anual","144"
"2014","76318","Guacarí","Centro","2046600","Vid","Anual","3.580"
"2014","76400","La Unión","Norte","2046600","Vid","Anual","9.735"
"2014","76828","Trujillo","Centro","2046600","Vid","Anual","44"
"2014","76823","Toro","Norte","2046600","Vid","Anual","2.773"
"2014","76834","Tuluá","Centro","2046600","Vid","Anual","60"
"2014","76616","Riofrío","Centro","2046600","Vid","Anual","54"
"2014","76622","Roldanillo","Norte","2046600","Vid","Anual","555"
"2014","76100","Bolivar","Norte","2046600","Vid","Anual","490"
"2014","76248","El Cerrito","Sur","2046600","Vid","Anual","4.200"
"2014","76306","Ginebra","Sur","2046600","Vid","Anual","500"
"2014","76892","Yumbo","Sur","2046600","Vid","Anual","110"
"2013","76520","Palmira","Sur","2046600","Vid","Anual","123"
"2013","76318","Guacarí","Centro","2046600","Vid","Anual","3.680"
"2013","76306","Ginebra","Sur","2046600","Vid","Anual","500"
"2013","76400","La Unión","Norte","2046600","Vid","Anual","11.429"
"2013","76823","Toro","Norte","2046600","Vid","Anual","2.761"
"2013","76828","Trujillo","Centro","2046600","Vid","Anual","36"
"2013","76616","Riofrío","Centro","2046600","Vid","Anual","36"
"2013","76622","Roldanillo","Norte","2046600","Vid","Anual","480"
"2013","76100","Bolivar","Norte","2046600","Vid","Anual","363"
"2013","76248","El Cerrito","Sur","2046600","Vid","Anual","1.960"
"2013","76892","Yumbo","Sur","2046600","Vid","Anual","110"
"2012","76520","Palmira","Sur","2046600","Vid","Anual","72"
"2012","76403","La Victoria","Norte","2046600","Vid","Anual","26"
"2012","76318","Guacarí","Centro","2046600","Vid","Anual","3.080"
"2012","76400","La Unión","Norte","2046600","Vid","Anual","11.682"
"2012","76828","Trujillo","Centro","2046600","Vid","Anual","98"
"2012","76823","Toro","Norte","2046600","Vid","Anual","4.956"
"2012","76100","Bolivar","Norte","2046600","Vid","Anual","268"
"2012","76248","El Cerrito","Sur","2046600","Vid","Anual","1.120"
"2012","76306","Ginebra","Sur","2046600","Vid","Anual","1.107"
"2012","76892","Yumbo","Sur","2046600","Vid","Anual","120"
"2011","76403","La Victoria","Norte","2046600","Vid","Anual","26"
"2011","76520","Palmira","Sur","2046600","Vid","Anual","71"
"2011","76318","Guacarí","Centro","2046600","Vid","Anual","3.780"
"2011","76400","La Unión","Norte","2046600","Vid","Anual","9.504"
"2011","76823","Toro","Norte","2046600","Vid","Anual","4.980"
"2011","76828","Trujillo","Centro","2046600","Vid","Anual","20"
"2011","76622","Roldanillo","Norte","2046600","Vid","Anual","35"
"2011","76306","Ginebra","Sur","2046600","Vid","Anual","1.199"
"2011","76100","Bolivar","Norte","2046600","Vid","Anual","213"
"2011","76248","El Cerrito","Sur","2046600","Vid","Anual","1.085"
"2011","76892","Yumbo","Sur","2046600","Vid","Anual","25"
"2010","76520","Palmira","Sur","2046600","Vid","Anual","71"
"2010","76318","Guacarí","Centro","2046600","Vid","Anual","3.780"
"2010","76306","Ginebra","Sur","2046600","Vid","Anual","1.500"
"2010","76400","La Unión","Norte","2046600","Vid","Anual","21.880"
"2010","76823","Toro","Norte","2046600","Vid","Anual","4.980"
"2010","76828","Trujillo","Centro","2046600","Vid","Anual","20"
"2010","76622","Roldanillo","Norte","2046600","Vid","Anual","299"
"2010","76100","Bolivar","Norte","2046600","Vid","Anual","213"
"2010","76041","Ansermanuevo","Norte","2046600","Vid","Anual","0"
"2010","76248","El Cerrito","Sur","2046600","Vid","Anual","1.050"
"2010","76892","Yumbo","Sur","2046600","Vid","Anual","25"
"2009","76520","Palmira","Sur","2046600","Vid","Anual","71"
"2009","76318","Guacarí","Centro","2046600","Vid","Anual","3.580"
"2009","76400","La Unión","Norte","2046600","Vid","Anual","23.980"
"2009","76823","Toro","Norte","2046600","Vid","Anual","4.484"
"2009","76828","Trujillo","Centro","2046600","Vid","Anual","0"
"2009","76622","Roldanillo","Norte","2046600","Vid","Anual","374"
"2009","76100","Bolivar","Norte","2046600","Vid","Anual","189"
"2009","76248","El Cerrito","Sur","2046600","Vid","Anual","1.050"
"2009","76306","Ginebra","Sur","2046600","Vid","Anual","1.500"
"2008","76400","La Unión","Norte","2046600","Vid","Anual","20.000"
"2008","76377","La Cumbre","Sur","2046600","Vid","Anual","3.380"
"2008","76318","Guacarí","Centro","2046600","Vid","Anual","3.380"
"2008","76306","Ginebra","Sur","2046600","Vid","Anual","1.500"
"2008","76823","Toro","Norte","2046600","Vid","Anual","3.992"
"2008","76622","Roldanillo","Norte","2046600","Vid","Anual","960"
"2008","76248","El Cerrito","Sur","2046600","Vid","Anual","1.050"
"2007","76318","Guacarí","Centro","2046600","Vid","Anual","3.000"
"2007","76400","La Unión","Norte","2046600","Vid","Anual","19.000"
"2007","76823","Toro","Norte","2046600","Vid","Anual","7.680"
"2007","76834","Tuluá","Centro","2046600","Vid","Anual","158"
"2007","76622","Roldanillo","Norte","2046600","Vid","Anual","1.120"
"2007","76100","Bolivar","Norte","2046600","Vid","Anual","77"
"2007","76248","El Cerrito","Sur","2046600","Vid","Anual","1.190"
"2007","76306","Ginebra","Sur","2046600","Vid","Anual","1.500"
"2006","76400","La Unión","Norte","2046600","Vid","Anual","15.200"
"2006","76318","Guacarí","Centro","2046600","Vid","Anual","3.000"
"2006","76306","Ginebra","Sur","2046600","Vid","Anual","1.500"
"2006","76823","Toro","Norte","2046600","Vid","Anual","5.760"
"2006","76834","Tuluá","Centro","2046600","Vid","Anual","158"
"2006","76622","Roldanillo","Norte","2046600","Vid","Anual","1.120"
"2006","76100","Bolivar","Norte","2046600","Vid","Anual","118"
"2006","76248","El Cerrito","Sur","2046600","Vid","Anual","2.760"
"2005","76400","La Unión","Norte","2046600","Vid","Anual","12.350"
"2005","76520","Palmira","Sur","2046600","Vid","Anual","85"
"2005","76318","Guacarí","Centro","2046600","Vid","Anual","3.078"
"2005","76823","Toro","Norte","2046600","Vid","Anual","3.000"
"2005","76622","Roldanillo","Norte","2046600","Vid","Anual","1.056"
"2005","76616","Riofrío","Centro","2046600","Vid","Anual","29"
"2005","76100","Bolivar","Norte","2046600","Vid","Anual","55"
"2005","76248","El Cerrito","Sur","2046600","Vid","Anual","621"
"2005","76306","Ginebra","Sur","2046600","Vid","Anual","1.500"
"2005","76892","Yumbo","Sur","2046600","Vid","Anual","54"
"2005","76895","Zarzal","Norte","2046600","Vid","Anual","21"
"2005","76834","Tuluá","Centro","2046600","Vid","Anual","158"
"2004","76400","La Unión","Norte","2046600","Vid","Anual","5.231"
"2004","76318","Guacarí","Centro","2046600","Vid","Anual","2.218"
"2004","76823","Toro","Norte","2046600","Vid","Anual","2.535"
"2004","76616","Riofrío","Centro","2046600","Vid","Anual","23"
"2004","76622","Roldanillo","Norte","2046600","Vid","Anual","768"
"2004","76100","Bolivar","Norte","2046600","Vid","Anual","353"
"2004","76248","El Cerrito","Sur","2046600","Vid","Anual","2.736"
"2004","76306","Ginebra","Sur","2046600","Vid","Anual","4.500"
"2004","76834","Tuluá","Centro","2046600","Vid","Anual","158"
"2004","76895","Zarzal","Norte","2046600","Vid","Anual","34"
"2004","76892","Yumbo","Sur","2046600","Vid","Anual","46"
"2003","76400","La Unión","Norte","2046600","Vid","Anual","5.451"
"2003","76520","Palmira","Sur","2046600","Vid","Anual","90"
"2003","76318","Guacarí","Centro","2046600","Vid","Anual","1.415"
"2003","76306","Ginebra","Sur","2046600","Vid","Anual","4.500"
"2003","76823","Toro","Norte","2046600","Vid","Anual","2.836"
"2003","76834","Tuluá","Centro","2046600","Vid","Anual","105"
"2003","76616","Riofrío","Centro","2046600","Vid","Anual","23"
"2003","76622","Roldanillo","Norte","2046600","Vid","Anual","728"
"2003","76100","Bolivar","Norte","2046600","Vid","Anual","673"
"2003","76248","El Cerrito","Sur","2046600","Vid","Anual","3.346"
"2003","76892","Yumbo","Sur","2046600","Vid","Anual","46"
"2003","76895","Zarzal","Norte","2046600","Vid","Anual","38"
"2002","76400","La Unión","Norte","2046600","Vid","Anual","4.331"
"2002","76318","Guacarí","Centro","2046600","Vid","Anual","784"
"2002","76306","Ginebra","Sur","2046600","Vid","Anual","2.475"
"2002","76823","Toro","Norte","2046600","Vid","Anual","2.400"
"2002","76834","Tuluá","Centro","2046600","Vid","Anual","84"
"2002","76616","Riofrío","Centro","2046600","Vid","Anual","20"
"2002","76622","Roldanillo","Norte","2046600","Vid","Anual","609"
"2002","76100","Bolivar","Norte","2046600","Vid","Anual","635"
"2002","76248","El Cerrito","Sur","2046600","Vid","Anual","2.534"
"2002","76892","Yumbo","Sur","2046600","Vid","Anual","30"
"2002","76895","Zarzal","Norte","2046600","Vid","Anual","23"
"2001","76400","La Unión","Norte","2046600","Vid","Anual","3.785"
"2001","76318","Guacarí","Centro","2046600","Vid","Anual","560"
"2001","76823","Toro","Norte","2046600","Vid","Anual","2.400"
"2001","76834","Tuluá","Centro","2046600","Vid","Anual","147"
"2001","76616","Riofrío","Centro","2046600","Vid","Anual","20"
"2001","76622","Roldanillo","Norte","2046600","Vid","Anual","728"
"2001","76100","Bolivar","Norte","2046600","Vid","Anual","635"
"2001","76248","El Cerrito","Sur","2046600","Vid","Anual","2.534"
"2001","76306","Ginebra","Sur","2046600","Vid","Anual","6.600"
"2001","76892","Yumbo","Sur","2046600","Vid","Anual","30"
"2000","76400","La Unión","Norte","2046600","Vid","Anual","2.788,8"
"2000","76318","Guacarí","Centro","2046600","Vid","Anual","1.200"
"2000","76823","Toro","Norte","2046600","Vid","Anual","2.700"
"2000","76834","Tuluá","Centro","2046600","Vid","Anual","119"
"2000","76616","Riofrío","Centro","2046600","Vid","Anual","19,76"
"2000","76622","Roldanillo","Norte","2046600","Vid","Anual","323,4"
"2000","76306","Ginebra","Sur","2046600","Vid","Anual","2.300"
"2000","76100","Bolivar","Norte","2046600","Vid","Anual","886,725"
"2000","76248","El Cerrito","Sur","2046600","Vid","Anual","1.377"
"2000","76892","Yumbo","Sur","2046600","Vid","Anual","30"
"2022","76403","La Victoria","Norte","2044201","Mango","Anual","410"
"2022","76400","La Unión","Norte","2044201","Mango","Anual","884"
"2022","76497","Obando","Norte","2044201","Mango","Anual","120"
"2022","76364","Jamundí","Sur","2044201","Mango","Anual","380"
"2022","76670","San Pedro","Centro","2044201","Mango","Anual","135"
"2022","76563","Pradera","Sur","2044201","Mango","Anual","1.000"
"2022","76622","Roldanillo","Norte","2044201","Mango","Anual","1,4"
"2022","76616","Riofrío","Centro","2044201","Mango","Anual","64"
"2022","76041","Ansermanuevo","Norte","2044201","Mango","Anual","90"
"2022","76111","Buga","Centro","2044201","Mango","Anual","37,5"
"2022","76275","Florida","Sur","2044201","Mango","Anual","55,35"
"2022","76892","Yumbo","Sur","2044201","Mango","Anual","219,7"
"2022","76890","Yotoco","Centro","2044201","Mango","Anual","200"
"2022","76895","Zarzal","Norte","2044201","Mango","Anual","73"
"2022","76828","Trujillo","Centro","2044201","Mango","Anual","132"
"2022","76869","Vijes","Sur","2044201","Mango","Anual","155"
"2021","76403","La Victoria","Norte","2044201","Mango","Anual","615"
"2021","76400","La Unión","Norte","2044201","Mango","Anual","0"
"2021","76497","Obando","Norte","2044201","Mango","Anual","120"
"2021","76364","Jamundí","Sur","2044201","Mango","Anual","380"
"2021","76622","Roldanillo","Norte","2044201","Mango","Anual","0"
"2021","76606","Restrepo","Centro","2044201","Mango","Anual","0"
"2021","76616","Riofrío","Centro","2044201","Mango","Anual","64"
"2021","76111","Buga","Centro","2044201","Mango","Anual","38"
"2021","76041","Ansermanuevo","Norte","2044201","Mango","Anual","81"
"2021","76275","Florida","Sur","2044201","Mango","Anual","49,5"
"2021","76890","Yotoco","Centro","2044201","Mango","Anual","200"
"2021","76895","Zarzal","Norte","2044201","Mango","Anual","109,5"
"2021","76892","Yumbo","Sur","2044201","Mango","Anual","235,3"
"2021","76828","Trujillo","Centro","2044201","Mango","Anual","0"
"2021","76869","Vijes","Sur","2044201","Mango","Anual","165"
"2020","76497","Obando","Norte","2044201","Mango","Anual","480"
"2020","76606","Restrepo","Centro","2044201","Mango","Anual","0"
"2020","76364","Jamundí","Sur","2044201","Mango","Anual","285"
"2020","76403","La Victoria","Norte","2044201","Mango","Anual","615"
"2020","76400","La Unión","Norte","2044201","Mango","Anual","288"
"2020","76828","Trujillo","Centro","2044201","Mango","Anual","0"
"2020","76622","Roldanillo","Norte","2044201","Mango","Anual","172,5"
"2020","76001","Cali","Sur","2044201","Mango","Anual","0"
"2020","76041","Ansermanuevo","Norte","2044201","Mango","Anual","81"
"2020","76275","Florida","Sur","2044201","Mango","Anual","60,5"
"2020","76895","Zarzal","Norte","2044201","Mango","Anual","109,5"
"2020","76869","Vijes","Sur","2044201","Mango","Anual","130"
"2020","76892","Yumbo","Sur","2044201","Mango","Anual","347,1"
"2020","76890","Yotoco","Centro","2044201","Mango","Anual","200"
"2019","76497","Obando","Norte","2044201","Mango","Anual","482,5"
"2019","76364","Jamundí","Sur","2044201","Mango","Anual","380"
"2019","76403","La Victoria","Norte","2044201","Mango","Anual","615"
"2019","76400","La Unión","Norte","2044201","Mango","Anual","558"
"2019","76828","Trujillo","Centro","2044201","Mango","Anual","0"
"2019","76869","Vijes","Sur","2044201","Mango","Anual","150"
"2019","76616","Riofrío","Centro","2044201","Mango","Anual","45"
"2019","76670","San Pedro","Centro","2044201","Mango","Anual","105"
"2019","76001","Cali","Sur","2044201","Mango","Anual","0"
"2019","76041","Ansermanuevo","Norte","2044201","Mango","Anual","108"
"2019","76275","Florida","Sur","2044201","Mango","Anual","64,5"
"2019","76892","Yumbo","Sur","2044201","Mango","Anual","400"
"2019","76890","Yotoco","Centro","2044201","Mango","Anual","200"
"2019","76895","Zarzal","Norte","2044201","Mango","Anual","183,6"
"2018","76616","Riofrío","Centro","2044201","Mango","Anual","45"
"2018","76364","Jamundí","Sur","2044201","Mango","Anual","460"
"2018","76403","La Victoria","Norte","2044201","Mango","Anual","615"
"2018","76497","Obando","Norte","2044201","Mango","Anual","378,75"
"2018","76400","La Unión","Norte","2044201","Mango","Anual","108"
"2018","76828","Trujillo","Centro","2044201","Mango","Anual","0"
"2018","76670","San Pedro","Centro","2044201","Mango","Anual","120"
"2018","76041","Ansermanuevo","Norte","2044201","Mango","Anual","108"
"2018","76275","Florida","Sur","2044201","Mango","Anual","49,5"
"2018","76869","Vijes","Sur","2044201","Mango","Anual","140"
"2018","76890","Yotoco","Centro","2044201","Mango","Anual","200"
"2018","76895","Zarzal","Norte","2044201","Mango","Anual","183,6"
"2018","76892","Yumbo","Sur","2044201","Mango","Anual","341"
"2017","76616","Riofrío","Centro","2044201","Mango","Anual","90"
"2017","76606","Restrepo","Centro","2044201","Mango","Anual","0"
"2017","76400","La Unión","Norte","2044201","Mango","Anual","120"
"2017","76364","Jamundí","Sur","2044201","Mango","Anual","460"
"2017","76497","Obando","Norte","2044201","Mango","Anual","367,75"
"2017","76403","La Victoria","Norte","2044201","Mango","Anual","675"
"2017","76828","Trujillo","Centro","2044201","Mango","Anual","0"
"2017","76869","Vijes","Sur","2044201","Mango","Anual","130"
"2017","76670","San Pedro","Centro","2044201","Mango","Anual","112,5"
"2017","76041","Ansermanuevo","Norte","2044201","Mango","Anual","108"
"2017","76275","Florida","Sur","2044201","Mango","Anual","45"
"2017","76892","Yumbo","Sur","2044201","Mango","Anual","202"
"2017","76890","Yotoco","Centro","2044201","Mango","Anual","0"
"2017","76895","Zarzal","Norte","2044201","Mango","Anual","0"
"2016","76497","Obando","Norte","2044201","Mango","Anual","390"
"2016","76606","Restrepo","Centro","2044201","Mango","Anual","0"
"2016","76364","Jamundí","Sur","2044201","Mango","Anual","460"
"2016","76403","La Victoria","Norte","2044201","Mango","Anual","240"
"2016","76400","La Unión","Norte","2044201","Mango","Anual","0"
"2016","76828","Trujillo","Centro","2044201","Mango","Anual","0"
"2016","76616","Riofrío","Centro","2044201","Mango","Anual","45"
"2016","76670","San Pedro","Centro","2044201","Mango","Anual","105"
"2016","76041","Ansermanuevo","Norte","2044201","Mango","Anual","66"
"2016","76869","Vijes","Sur","2044201","Mango","Anual","70"
"2016","76895","Zarzal","Norte","2044201","Mango","Anual","0"
"2016","76892","Yumbo","Sur","2044201","Mango","Anual","166"
"2015","76616","Riofrío","Centro","2044201","Mango","Anual","45"
"2015","76364","Jamundí","Sur","2044201","Mango","Anual","460"
"2015","76497","Obando","Norte","2044201","Mango","Anual","426"
"2015","76403","La Victoria","Norte","2044201","Mango","Anual","204"
"2015","76670","San Pedro","Centro","2044201","Mango","Anual","49"
"2015","76041","Ansermanuevo","Norte","2044201","Mango","Anual","60"
"2015","76892","Yumbo","Sur","2044201","Mango","Anual","170"
"2015","76869","Vijes","Sur","2044201","Mango","Anual","65"
"2014","76497","Obando","Norte","2044201","Mango","Anual","220"
"2014","76606","Restrepo","Centro","2044201","Mango","Anual","0"
"2014","76364","Jamundí","Sur","2044201","Mango","Anual","540"
"2014","76403","La Victoria","Norte","2044201","Mango","Anual","168"
"2014","76834","Tuluá","Centro","2044201","Mango","Anual","24"
"2014","76616","Riofrío","Centro","2044201","Mango","Anual","45"
"2014","76670","San Pedro","Centro","2044201","Mango","Anual","42"
"2014","76041","Ansermanuevo","Norte","2044201","Mango","Anual","60"
"2014","76869","Vijes","Sur","2044201","Mango","Anual","65"
"2014","76892","Yumbo","Sur","2044201","Mango","Anual","97"
"2013","76497","Obando","Norte","2044201","Mango","Anual","30"
"2013","76364","Jamundí","Sur","2044201","Mango","Anual","540"
"2013","76670","San Pedro","Centro","2044201","Mango","Anual","90"
"2013","76892","Yumbo","Sur","2044201","Mango","Anual","96"
"2013","76869","Vijes","Sur","2044201","Mango","Anual","20"
"2012","76497","Obando","Norte","2044201","Mango","Anual","81"
"2012","76364","Jamundí","Sur","2044201","Mango","Anual","270"
"2012","76403","La Victoria","Norte","2044201","Mango","Anual","53"
"2012","76834","Tuluá","Centro","2044201","Mango","Anual","0"
"2012","76616","Riofrío","Centro","2044201","Mango","Anual","0"
"2012","76670","San Pedro","Centro","2044201","Mango","Anual","90"
"2012","76111","Buga","Centro","2044201","Mango","Anual","66"
"2012","76892","Yumbo","Sur","2044201","Mango","Anual","180"
"2011","76497","Obando","Norte","2044201","Mango","Anual","60"
"2011","76364","Jamundí","Sur","2044201","Mango","Anual","270"
"2011","76403","La Victoria","Norte","2044201","Mango","Anual","53"
"2011","76834","Tuluá","Centro","2044201","Mango","Anual","42"
"2011","76616","Riofrío","Centro","2044201","Mango","Anual","0"
"2011","76111","Buga","Centro","2044201","Mango","Anual","66"
"2011","76001","Cali","Sur","2044201","Mango","Anual","48"
"2011","76892","Yumbo","Sur","2044201","Mango","Anual","186"
"2010","76497","Obando","Norte","2044201","Mango","Anual","67"
"2010","76403","La Victoria","Norte","2044201","Mango","Anual","53"
"2010","76364","Jamundí","Sur","2044201","Mango","Anual","378"
"2010","76834","Tuluá","Centro","2044201","Mango","Anual","42"
"2010","76616","Riofrío","Centro","2044201","Mango","Anual","0"
"2010","76111","Buga","Centro","2044201","Mango","Anual","80"
"2010","76001","Cali","Sur","2044201","Mango","Anual","48"
"2010","76892","Yumbo","Sur","2044201","Mango","Anual","186"
"2009","76520","Palmira","Sur","2044201","Mango","Anual","250"
"2009","76403","La Victoria","Norte","2044201","Mango","Anual","0"
"2009","76364","Jamundí","Sur","2044201","Mango","Anual","350"
"2009","76834","Tuluá","Centro","2044201","Mango","Anual","42"
"2009","76616","Riofrío","Centro","2044201","Mango","Anual","0"
"2009","76111","Buga","Centro","2044201","Mango","Anual","90"
"2009","76275","Florida","Sur","2044201","Mango","Anual","48"
"2009","76869","Vijes","Sur","2044201","Mango","Anual","32"
"2009","76892","Yumbo","Sur","2044201","Mango","Anual","171"
"2008","76403","La Victoria","Norte","2044201","Mango","Anual","0"
"2008","76520","Palmira","Sur","2044201","Mango","Anual","250"
"2008","76364","Jamundí","Sur","2044201","Mango","Anual","335"
"2008","76616","Riofrío","Centro","2044201","Mango","Anual","0"
"2008","76111","Buga","Centro","2044201","Mango","Anual","72"
"2008","76001","Cali","Sur","2044201","Mango","Anual","250"
"2008","76275","Florida","Sur","2044201","Mango","Anual","48"
"2008","76869","Vijes","Sur","2044201","Mango","Anual","8"
"2008","76892","Yumbo","Sur","2044201","Mango","Anual","171"
"2007","76403","La Victoria","Norte","2044201","Mango","Anual","0"
"2007","76520","Palmira","Sur","2044201","Mango","Anual","250"
"2007","76364","Jamundí","Sur","2044201","Mango","Anual","375"
"2007","76834","Tuluá","Centro","2044201","Mango","Anual","475"
"2007","76616","Riofrío","Centro","2044201","Mango","Anual","0"
"2007","76670","San Pedro","Centro","2044201","Mango","Anual","90"
"2007","76111","Buga","Centro","2044201","Mango","Anual","100"
"2007","76041","Ansermanuevo","Norte","2044201","Mango","Anual","75"
"2007","76892","Yumbo","Sur","2044201","Mango","Anual","140"
"2006","76497","Obando","Norte","2044201","Mango","Anual","174"
"2006","76364","Jamundí","Sur","2044201","Mango","Anual","675"
"2006","76834","Tuluá","Centro","2044201","Mango","Anual","475"
"2006","76670","San Pedro","Centro","2044201","Mango","Anual","68"
"2006","76111","Buga","Centro","2044201","Mango","Anual","90"
"2006","76275","Florida","Sur","2044201","Mango","Anual","277"
"2006","76895","Zarzal","Norte","2044201","Mango","Anual","34"
"2006","76892","Yumbo","Sur","2044201","Mango","Anual","150"
"2005","76497","Obando","Norte","2044201","Mango","Anual","174"
"2005","76364","Jamundí","Sur","2044201","Mango","Anual","675"
"2005","76670","San Pedro","Centro","2044201","Mango","Anual","71"
"2005","76111","Buga","Centro","2044201","Mango","Anual","90"
"2005","76275","Florida","Sur","2044201","Mango","Anual","277"
"2005","76895","Zarzal","Norte","2044201","Mango","Anual","68"
"2005","76892","Yumbo","Sur","2044201","Mango","Anual","150"
"2005","76869","Vijes","Sur","2044201","Mango","Anual","67"
"2004","76497","Obando","Norte","2044201","Mango","Anual","174"
"2004","76834","Tuluá","Centro","2044201","Mango","Anual","19"
"2004","76111","Buga","Centro","2044201","Mango","Anual","175"
"2004","76275","Florida","Sur","2044201","Mango","Anual","277"
"2004","76869","Vijes","Sur","2044201","Mango","Anual","56"
"2004","76892","Yumbo","Sur","2044201","Mango","Anual","150"
"2003","76497","Obando","Norte","2044201","Mango","Anual","160"
"2003","76834","Tuluá","Centro","2044201","Mango","Anual","45"
"2003","76111","Buga","Centro","2044201","Mango","Anual","175"
"2003","76275","Florida","Sur","2044201","Mango","Anual","225"
"2003","76869","Vijes","Sur","2044201","Mango","Anual","56"
"2003","76892","Yumbo","Sur","2044201","Mango","Anual","130"
"2002","76497","Obando","Norte","2044201","Mango","Anual","176"
"2002","76834","Tuluá","Centro","2044201","Mango","Anual","42"
"2002","76111","Buga","Centro","2044201","Mango","Anual","99"
"2002","76275","Florida","Sur","2044201","Mango","Anual","240"
"2002","76869","Vijes","Sur","2044201","Mango","Anual","56"
"2001","76497","Obando","Norte","2044201","Mango","Anual","176"
"2001","76834","Tuluá","Centro","2044201","Mango","Anual","42"
"2001","76622","Roldanillo","Norte","2044201","Mango","Anual","33"
"2001","76111","Buga","Centro","2044201","Mango","Anual","108"
"2001","76275","Florida","Sur","2044201","Mango","Anual","240"
"2001","76869","Vijes","Sur","2044201","Mango","Anual","56"
"2000","76497","Obando","Norte","2044201","Mango","Anual","176,4"
"2000","76834","Tuluá","Centro","2044201","Mango","Anual","42"
"2000","76622","Roldanillo","Norte","2044201","Mango","Anual","32,5"
"2000","76111","Buga","Centro","2044201","Mango","Anual","126"
"2000","76869","Vijes","Sur","2044201","Mango","Anual","56"
"2000","76892","Yumbo","Sur","2044201","Mango","Anual","80"
"2022","76400","La Unión","Norte","2045700","Pitaya","Anual","39"
"2022","76275","Florida","Sur","2045700","Pitaya","Anual","5,64"
"2022","76736","Sevilla","Centro","2045700","Pitaya","Anual","160"
"2022","76622","Roldanillo","Norte","2045700","Pitaya","Anual","3,84"
"2022","76606","Restrepo","Centro","2045700","Pitaya","Anual","56"
"2022","76616","Riofrío","Centro","2045700","Pitaya","Anual","3,5"
"2022","76250","El Dovio","Norte","2045700","Pitaya","Anual","34,4"
"2022","76041","Ansermanuevo","Norte","2045700","Pitaya","Anual","59,5"
"2022","76100","Bolivar","Norte","2045700","Pitaya","Anual","60"
"2022","76233","Dagua","Sur","2045700","Pitaya","Anual","252"
"2022","76828","Trujillo","Centro","2045700","Pitaya","Anual","160"
"2022","76863","Versalles","Norte","2045700","Pitaya","Anual","84"
"2021","76400","La Unión","Norte","2045700","Pitaya","Anual","39"
"2021","76736","Sevilla","Centro","2045700","Pitaya","Anual","144"
"2021","76616","Riofrío","Centro","2045700","Pitaya","Anual","3,745"
"2021","76606","Restrepo","Centro","2045700","Pitaya","Anual","56"
"2021","76100","Bolivar","Norte","2045700","Pitaya","Anual","60"
"2021","76041","Ansermanuevo","Norte","2045700","Pitaya","Anual","56"
"2021","76250","El Dovio","Norte","2045700","Pitaya","Anual","25,6"
"2021","76233","Dagua","Sur","2045700","Pitaya","Anual","84"
"2021","76892","Yumbo","Sur","2045700","Pitaya","Anual","3,6"
"2021","76828","Trujillo","Centro","2045700","Pitaya","Anual","223,2"
"2021","76863","Versalles","Norte","2045700","Pitaya","Anual","44"
"2020","76606","Restrepo","Centro","2045700","Pitaya","Anual","56"
"2020","76400","La Unión","Norte","2045700","Pitaya","Anual","59"
"2020","76736","Sevilla","Centro","2045700","Pitaya","Anual","176"
"2020","76828","Trujillo","Centro","2045700","Pitaya","Anual","52,45"
"2020","76616","Riofrío","Centro","2045700","Pitaya","Anual","48"
"2020","76100","Bolivar","Norte","2045700","Pitaya","Anual","140,7"
"2020","76041","Ansermanuevo","Norte","2045700","Pitaya","Anual","112"
"2020","76250","El Dovio","Norte","2045700","Pitaya","Anual","88"
"2020","76233","Dagua","Sur","2045700","Pitaya","Anual","147"
"2020","76892","Yumbo","Sur","2045700","Pitaya","Anual","9,6"
"2020","76863","Versalles","Norte","2045700","Pitaya","Anual","28"
"2019","76400","La Unión","Norte","2045700","Pitaya","Anual","59"
"2019","76828","Trujillo","Centro","2045700","Pitaya","Anual","108"
"2019","76863","Versalles","Norte","2045700","Pitaya","Anual","36"
"2019","76622","Roldanillo","Norte","2045700","Pitaya","Anual","108"
"2019","76616","Riofrío","Centro","2045700","Pitaya","Anual","56"
"2019","76100","Bolivar","Norte","2045700","Pitaya","Anual","55"
"2019","76113","Bugalagrande","Centro","2045700","Pitaya","Anual","96"
"2019","76041","Ansermanuevo","Norte","2045700","Pitaya","Anual","84"
"2019","76250","El Dovio","Norte","2045700","Pitaya","Anual","48"
"2019","76233","Dagua","Sur","2045700","Pitaya","Anual","133"
"2018","76606","Restrepo","Centro","2045700","Pitaya","Anual","184"
"2018","76400","La Unión","Norte","2045700","Pitaya","Anual","59"
"2018","76828","Trujillo","Centro","2045700","Pitaya","Anual","168"
"2018","76863","Versalles","Norte","2045700","Pitaya","Anual","60"
"2018","76622","Roldanillo","Norte","2045700","Pitaya","Anual","108"
"2018","76616","Riofrío","Centro","2045700","Pitaya","Anual","56"
"2018","76100","Bolivar","Norte","2045700","Pitaya","Anual","70"
"2018","76113","Bugalagrande","Centro","2045700","Pitaya","Anual","0"
"2018","76041","Ansermanuevo","Norte","2045700","Pitaya","Anual","84"
"2018","76233","Dagua","Sur","2045700","Pitaya","Anual","105"
"2017","76606","Restrepo","Centro","2045700","Pitaya","Anual","232"
"2017","76400","La Unión","Norte","2045700","Pitaya","Anual","64"
"2017","76828","Trujillo","Centro","2045700","Pitaya","Anual","176"
"2017","76863","Versalles","Norte","2045700","Pitaya","Anual","60"
"2017","76622","Roldanillo","Norte","2045700","Pitaya","Anual","108"
"2017","76100","Bolivar","Norte","2045700","Pitaya","Anual","85"
"2017","76113","Bugalagrande","Centro","2045700","Pitaya","Anual","72"
"2017","76041","Ansermanuevo","Norte","2045700","Pitaya","Anual","54"
"2017","76233","Dagua","Sur","2045700","Pitaya","Anual","63"
"2017","76892","Yumbo","Sur","2045700","Pitaya","Anual","12"
"2016","76606","Restrepo","Centro","2045700","Pitaya","Anual","224"
"2016","76828","Trujillo","Centro","2045700","Pitaya","Anual","130"
"2016","76622","Roldanillo","Norte","2045700","Pitaya","Anual","108"
"2016","76100","Bolivar","Norte","2045700","Pitaya","Anual","100"
"2016","76113","Bugalagrande","Centro","2045700","Pitaya","Anual","80"
"2016","76041","Ansermanuevo","Norte","2045700","Pitaya","Anual","64"
"2016","76233","Dagua","Sur","2045700","Pitaya","Anual","42"
"2015","76606","Restrepo","Centro","2045700","Pitaya","Anual","256"
"2015","76828","Trujillo","Centro","2045700","Pitaya","Anual","160"
"2015","76622","Roldanillo","Norte","2045700","Pitaya","Anual","88"
"2015","76100","Bolivar","Norte","2045700","Pitaya","Anual","125"
"2015","76041","Ansermanuevo","Norte","2045700","Pitaya","Anual","78"
"2015","76233","Dagua","Sur","2045700","Pitaya","Anual","42"
"2014","76606","Restrepo","Centro","2045700","Pitaya","Anual","248"
"2014","76828","Trujillo","Centro","2045700","Pitaya","Anual","168"
"2014","76622","Roldanillo","Norte","2045700","Pitaya","Anual","77"
"2014","76100","Bolivar","Norte","2045700","Pitaya","Anual","131"
"2014","76041","Ansermanuevo","Norte","2045700","Pitaya","Anual","78"
"2014","76275","Florida","Sur","2045700","Pitaya","Anual","0"
"2014","76233","Dagua","Sur","2045700","Pitaya","Anual","42"
"2013","76606","Restrepo","Centro","2045700","Pitaya","Anual","280"
"2013","76622","Roldanillo","Norte","2045700","Pitaya","Anual","99"
"2013","76100","Bolivar","Norte","2045700","Pitaya","Anual","122"
"2013","76041","Ansermanuevo","Norte","2045700","Pitaya","Anual","42"
"2013","76233","Dagua","Sur","2045700","Pitaya","Anual","42"
"2013","76890","Yotoco","Centro","2045700","Pitaya","Anual","6"
"2012","76606","Restrepo","Centro","2045700","Pitaya","Anual","600"
"2012","76828","Trujillo","Centro","2045700","Pitaya","Anual","0"
"2012","76616","Riofrío","Centro","2045700","Pitaya","Anual","0"
"2012","76622","Roldanillo","Norte","2045700","Pitaya","Anual","66"
"2012","76100","Bolivar","Norte","2045700","Pitaya","Anual","128"
"2012","76892","Yumbo","Sur","2045700","Pitaya","Anual","2"
"2012","76890","Yotoco","Centro","2045700","Pitaya","Anual","5"
"2011","76828","Trujillo","Centro","2045700","Pitaya","Anual","0"
"2011","76616","Riofrío","Centro","2045700","Pitaya","Anual","0"
"2011","76606","Restrepo","Centro","2045700","Pitaya","Anual","350"
"2011","76622","Roldanillo","Norte","2045700","Pitaya","Anual","43"
"2011","76100","Bolivar","Norte","2045700","Pitaya","Anual","140"
"2011","76890","Yotoco","Centro","2045700","Pitaya","Anual","3"
"2010","76377","La Cumbre","Sur","2045700","Pitaya","Anual","94"
"2010","76828","Trujillo","Centro","2045700","Pitaya","Anual","0"
"2010","76616","Riofrío","Centro","2045700","Pitaya","Anual","0"
"2010","76606","Restrepo","Centro","2045700","Pitaya","Anual","270"
"2010","76622","Roldanillo","Norte","2045700","Pitaya","Anual","57"
"2010","76100","Bolivar","Norte","2045700","Pitaya","Anual","144"
"2010","76250","El Dovio","Norte","2045700","Pitaya","Anual","18"
"2010","76113","Bugalagrande","Centro","2045700","Pitaya","Anual","96"
"2010","76890","Yotoco","Centro","2045700","Pitaya","Anual","0"
"2009","76377","La Cumbre","Sur","2045700","Pitaya","Anual","94"
"2009","76606","Restrepo","Centro","2045700","Pitaya","Anual","230"
"2009","76828","Trujillo","Centro","2045700","Pitaya","Anual","42"
"2009","76616","Riofrío","Centro","2045700","Pitaya","Anual","0"
"2009","76622","Roldanillo","Norte","2045700","Pitaya","Anual","57"
"2009","76100","Bolivar","Norte","2045700","Pitaya","Anual","153"
"2009","76113","Bugalagrande","Centro","2045700","Pitaya","Anual","112"
"2008","76377","La Cumbre","Sur","2045700","Pitaya","Anual","94"
"2008","76606","Restrepo","Centro","2045700","Pitaya","Anual","190"
"2008","76622","Roldanillo","Norte","2045700","Pitaya","Anual","420"
"2008","76616","Riofrío","Centro","2045700","Pitaya","Anual","0"
"2008","76100","Bolivar","Norte","2045700","Pitaya","Anual","149"
"2008","76041","Ansermanuevo","Norte","2045700","Pitaya","Anual","15"
"2008","76113","Bugalagrande","Centro","2045700","Pitaya","Anual","0"
"2007","76377","La Cumbre","Sur","2045700","Pitaya","Anual","94"
"2007","76606","Restrepo","Centro","2045700","Pitaya","Anual","200"
"2007","76616","Riofrío","Centro","2045700","Pitaya","Anual","0"
"2007","76622","Roldanillo","Norte","2045700","Pitaya","Anual","420"
"2007","76100","Bolivar","Norte","2045700","Pitaya","Anual","149"
"2007","76041","Ansermanuevo","Norte","2045700","Pitaya","Anual","65"
"2007","76113","Bugalagrande","Centro","2045700","Pitaya","Anual","0"
"2007","76126","Calima Darién","Centro","2045700","Pitaya","Anual","126"
"2007","76892","Yumbo","Sur","2045700","Pitaya","Anual","3"
"2006","76377","La Cumbre","Sur","2045700","Pitaya","Anual","94"
"2006","76828","Trujillo","Centro","2045700","Pitaya","Anual","54"
"2006","76606","Restrepo","Centro","2045700","Pitaya","Anual","224"
"2006","76622","Roldanillo","Norte","2045700","Pitaya","Anual","420"
"2006","76100","Bolivar","Norte","2045700","Pitaya","Anual","162"
"2006","76041","Ansermanuevo","Norte","2045700","Pitaya","Anual","65"
"2006","76126","Calima Darién","Centro","2045700","Pitaya","Anual","126"
"2006","76890","Yotoco","Centro","2045700","Pitaya","Anual","39"
"2005","76400","La Unión","Norte","2045700","Pitaya","Anual","62"
"2005","76377","La Cumbre","Sur","2045700","Pitaya","Anual","94"
"2005","76828","Trujillo","Centro","2045700","Pitaya","Anual","81"
"2005","76616","Riofrío","Centro","2045700","Pitaya","Anual","25"
"2005","76606","Restrepo","Centro","2045700","Pitaya","Anual","168"
"2005","76622","Roldanillo","Norte","2045700","Pitaya","Anual","350"
"2005","76100","Bolivar","Norte","2045700","Pitaya","Anual","162"
"2005","76041","Ansermanuevo","Norte","2045700","Pitaya","Anual","60"
"2005","76126","Calima Darién","Centro","2045700","Pitaya","Anual","117"
"2005","76890","Yotoco","Centro","2045700","Pitaya","Anual","39"
"2004","76400","La Unión","Norte","2045700","Pitaya","Anual","51"
"2004","76377","La Cumbre","Sur","2045700","Pitaya","Anual","94"
"2004","76828","Trujillo","Centro","2045700","Pitaya","Anual","108"
"2004","76616","Riofrío","Centro","2045700","Pitaya","Anual","19"
"2004","76606","Restrepo","Centro","2045700","Pitaya","Anual","159"
"2004","76622","Roldanillo","Norte","2045700","Pitaya","Anual","300"
"2004","76100","Bolivar","Norte","2045700","Pitaya","Anual","255"
"2004","76246","El Cairo","Norte","2045700","Pitaya","Anual","21"
"2004","76126","Calima Darién","Centro","2045700","Pitaya","Anual","75"
"2004","76233","Dagua","Sur","2045700","Pitaya","Anual","59"
"2004","76890","Yotoco","Centro","2045700","Pitaya","Anual","35"
"2003","76400","La Unión","Norte","2045700","Pitaya","Anual","49"
"2003","76377","La Cumbre","Sur","2045700","Pitaya","Anual","124"
"2003","76828","Trujillo","Centro","2045700","Pitaya","Anual","83"
"2003","76606","Restrepo","Centro","2045700","Pitaya","Anual","159"
"2003","76100","Bolivar","Norte","2045700","Pitaya","Anual","158"
"2003","76111","Buga","Centro","2045700","Pitaya","Anual","23"
"2003","76126","Calima Darién","Centro","2045700","Pitaya","Anual","75"
"2003","76233","Dagua","Sur","2045700","Pitaya","Anual","59"
"2003","76890","Yotoco","Centro","2045700","Pitaya","Anual","35"
"2002","76400","La Unión","Norte","2045700","Pitaya","Anual","42"
"2002","76377","La Cumbre","Sur","2045700","Pitaya","Anual","48"
"2002","76828","Trujillo","Centro","2045700","Pitaya","Anual","56"
"2002","76606","Restrepo","Centro","2045700","Pitaya","Anual","62"
"2002","76100","Bolivar","Norte","2045700","Pitaya","Anual","45"
"2002","76233","Dagua","Sur","2045700","Pitaya","Anual","35"
"2001","76377","La Cumbre","Sur","2045700","Pitaya","Anual","66"
"2001","76606","Restrepo","Centro","2045700","Pitaya","Anual","50"
"2001","76100","Bolivar","Norte","2045700","Pitaya","Anual","45"
"2001","76111","Buga","Centro","2045700","Pitaya","Anual","36"
"2001","76233","Dagua","Sur","2045700","Pitaya","Anual","35"
"2000","76377","La Cumbre","Sur","2045700","Pitaya","Anual","44"
"2000","76606","Restrepo","Centro","2045700","Pitaya","Anual","62,4"
"2000","76111","Buga","Centro","2045700","Pitaya","Anual","48"
"2000","76890","Yotoco","Centro","2045700","Pitaya","Anual","20,25"
"2022","76403","La Victoria","Norte","2044101","Mandarina","Anual","3.846"
"2022","76403","La Victoria","Norte","2043601","Limón","Anual","1.795,5"
"2022","76403","La Victoria","Norte","2044901","Naranja","Anual","780"
"2022","76400","La Unión","Norte","2044101","Mandarina","Anual","87,22"
"2022","76400","La Unión","Norte","2043601","Limón","Anual","184,66"
"2022","76400","La Unión","Norte","2044901","Naranja","Anual","582,12"
"2022","76520","Palmira","Sur","2044901","Naranja","Anual","1.727,7"
"2022","76520","Palmira","Sur","2044101","Mandarina","Anual","149,25"
"2022","76520","Palmira","Sur","2043601","Limón","Anual","87,5"
"2022","76497","Obando","Norte","2043601","Limón","Anual","5,76"
"2022","76497","Obando","Norte","2044901","Naranja","Anual","164,7"
"2022","76318","Guacarí","Centro","2043601","Limón","Anual","40,56"
"2022","76318","Guacarí","Centro","2044101","Mandarina","Anual","134,26"
"2022","76318","Guacarí","Centro","2044901","Naranja","Anual","1.280,8"
"2022","76306","Ginebra","Sur","2040201","Aguacate Hass","Anual","6,36"
"2022","76377","La Cumbre","Sur","2040201","Aguacate Hass","Anual","56"
"2022","76400","La Unión","Norte","2040201","Aguacate Hass","Anual","568,4"
"2022","76364","Jamundí","Sur","2044901","Naranja","Anual","12.625,9"
"2022","76364","Jamundí","Sur","2043601","Limón","Anual","429,2"
"2022","76364","Jamundí","Sur","2044101","Mandarina","Anual","1.194,6"
"2022","76563","Pradera","Sur","2043601","Limón","Anual","73,2"
"2022","76736","Sevilla","Centro","2040201","Aguacate Hass","Anual","11.472"
"2022","76736","Sevilla","Centro","2043601","Limón","Anual","3.722,5"
"2022","76670","San Pedro","Centro","2044901","Naranja","Anual","1.066"
"2022","76670","San Pedro","Centro","2043601","Limón","Anual","312"
"2022","76670","San Pedro","Centro","2044101","Mandarina","Anual","212,16"
"2022","76823","Toro","Norte","2043601","Limón","Anual","180"
"2022","76828","Trujillo","Centro","2040201","Aguacate Hass","Anual","3.244"
"2022","76736","Sevilla","Centro","2044901","Naranja","Anual","29.746"
"2022","76736","Sevilla","Centro","2044101","Mandarina","Anual","2.746,48"
"2022","76823","Toro","Norte","2040201","Aguacate Hass","Anual","810"
"2022","76606","Restrepo","Centro","2044101","Mandarina","Anual","54,8"
"2022","76606","Restrepo","Centro","2043601","Limón","Anual","19,2"
"2022","76606","Restrepo","Centro","2044901","Naranja","Anual","346"
"2022","76616","Riofrío","Centro","2040201","Aguacate Hass","Anual","455"
"2022","76563","Pradera","Sur","2044901","Naranja","Anual","83,16"
"2022","76563","Pradera","Sur","2044101","Mandarina","Anual","14"
"2022","76622","Roldanillo","Norte","2043601","Limón","Anual","476,46"
"2022","76622","Roldanillo","Norte","2044101","Mandarina","Anual","125,1"
"2022","76622","Roldanillo","Norte","2040201","Aguacate Hass","Anual","7.900"
"2022","76616","Riofrío","Centro","2044101","Mandarina","Anual","106,4"
"2022","76616","Riofrío","Centro","2043601","Limón","Anual","44,55"
"2022","76616","Riofrío","Centro","2044901","Naranja","Anual","845,24"
"2022","76126","Calima Darién","Centro","2040201","Aguacate Hass","Anual","917,28"
"2022","76113","Bugalagrande","Centro","2040201","Aguacate Hass","Anual","1.375"
"2022","76122","Caicedonia","Centro","2040201","Aguacate Hass","Anual","2.073,6"
"2022","76100","Bolivar","Norte","2040201","Aguacate Hass","Anual","33.848"
"2022","76041","Ansermanuevo","Norte","2044901","Naranja","Anual","336,78"
"2022","76054","Argelia","Norte","2044901","Naranja","Anual","42,98"
"2022","76036","Andalucia","Centro","2044901","Naranja","Anual","3.712,3"
"2022","76001","Cali","Sur","2044901","Naranja","Anual","462"
"2022","76020","Alcalá","Norte","2044901","Naranja","Anual","9.889,2"
"2022","76111","Buga","Centro","2044901","Naranja","Anual","208"
"2022","76041","Ansermanuevo","Norte","2040201","Aguacate Hass","Anual","543"
"2022","76054","Argelia","Norte","2040201","Aguacate Hass","Anual","4.238,4"
"2022","76020","Alcalá","Norte","2040201","Aguacate Hass","Anual","126"
"2022","76113","Bugalagrande","Centro","2044901","Naranja","Anual","13.109,6"
"2022","76122","Caicedonia","Centro","2044901","Naranja","Anual","33.568,92"
"2022","76122","Caicedonia","Centro","2044101","Mandarina","Anual","5.211,8"
"2022","76122","Caicedonia","Centro","2043601","Limón","Anual","1.296,6"
"2022","76001","Cali","Sur","2044101","Mandarina","Anual","57,42"
"2022","76113","Bugalagrande","Centro","2043601","Limón","Anual","444,24"
"2022","76100","Bolivar","Norte","2043601","Limón","Anual","1.263,2"
"2022","76020","Alcalá","Norte","2044101","Mandarina","Anual","4.032,48"
"2022","76111","Buga","Centro","2044101","Mandarina","Anual","31,25"
"2022","76113","Bugalagrande","Centro","2044101","Mandarina","Anual","1.963,36"
"2022","76054","Argelia","Norte","2044101","Mandarina","Anual","11,8"
"2022","76036","Andalucia","Centro","2044101","Mandarina","Anual","528,88"
"2022","76041","Ansermanuevo","Norte","2044101","Mandarina","Anual","56"
"2022","76054","Argelia","Norte","2043601","Limón","Anual","10,36"
"2022","76036","Andalucia","Centro","2043601","Limón","Anual","57,12"
"2022","76041","Ansermanuevo","Norte","2043601","Limón","Anual","549,78"
"2022","76020","Alcalá","Norte","2043601","Limón","Anual","445,2"
"2022","76246","El Cairo","Norte","2044101","Mandarina","Anual","7,1"
"2022","76246","El Cairo","Norte","2043601","Limón","Anual","6,12"
"2022","76246","El Cairo","Norte","2044901","Naranja","Anual","104,8"
"2022","76248","El Cerrito","Sur","2044101","Mandarina","Anual","59,8"
"2022","76248","El Cerrito","Sur","2043601","Limón","Anual","21"
"2022","76243","El Aguila","Norte","2043601","Limón","Anual","7,7"
"2022","76246","El Cairo","Norte","2040201","Aguacate Hass","Anual","765"
"2022","76243","El Aguila","Norte","2044901","Naranja","Anual","93,1"
"2022","76275","Florida","Sur","2043601","Limón","Anual","131,4"
"2022","76275","Florida","Sur","2044101","Mandarina","Anual","324,52"
"2022","76275","Florida","Sur","2044901","Naranja","Anual","1.870,6"
"2022","76248","El Cerrito","Sur","2044901","Naranja","Anual","399,2"
"2022","76250","El Dovio","Norte","2040201","Aguacate Hass","Anual","572"
"2022","76126","Calima Darién","Centro","2044101","Mandarina","Anual","33,89"
"2022","76109","Buenaventura","Pacifico","2041900","Coco","Anual","264"
"2022","76130","Candelaria","Sur","2044101","Mandarina","Anual","65,2"
"2022","76130","Candelaria","Sur","2043601","Limón","Anual","17"
"2022","76126","Calima Darién","Centro","2044901","Naranja","Anual","93,38"
"2022","76109","Buenaventura","Pacifico","2041000","Borojó","Anual","1.382"
"2022","76109","Buenaventura","Pacifico","2040901","Bananito","Anual","2.076"
"2022","76109","Buenaventura","Pacifico","2041600","Chontaduro","Anual","1.124"
"2022","76233","Dagua","Sur","2044101","Mandarina","Anual","697,5"
"2022","76233","Dagua","Sur","2043601","Limón","Anual","317,12"
"2022","76243","El Aguila","Norte","2040201","Aguacate Hass","Anual","480"
"2022","76233","Dagua","Sur","2044901","Naranja","Anual","5.029,56"
"2022","76233","Dagua","Sur","2041600","Chontaduro","Anual","280"
"2022","76130","Candelaria","Sur","2044901","Naranja","Anual","374,22"
"2022","76147","Cartago","Norte","2043601","Limón","Anual","463,5"
"2022","76147","Cartago","Norte","2044901","Naranja","Anual","12.566,8"
"2022","76147","Cartago","Norte","2044101","Mandarina","Anual","2.707,6"
"2022","76275","Florida","Sur","2043800","Macadamia","Anual","13,24"
"2022","76606","Restrepo","Centro","2043800","Macadamia","Anual","90"
"2022","76126","Calima Darién","Centro","2046500","Uchuva","Anual","0,6"
"2022","76736","Sevilla","Centro","2043800","Macadamia","Anual","48"
"2022","76845","Ulloa","Norte","2043800","Macadamia","Anual","35"
"2022","76892","Yumbo","Sur","2043601","Limón","Anual","475,92"
"2022","76892","Yumbo","Sur","2044101","Mandarina","Anual","23,25"
"2022","76892","Yumbo","Sur","2044901","Naranja","Anual","306,45"
"2022","76890","Yotoco","Centro","2044101","Mandarina","Anual","145,8"
"2022","76890","Yotoco","Centro","2043601","Limón","Anual","51,3"
"2022","76890","Yotoco","Centro","2044901","Naranja","Anual","972,9"
"2022","76895","Zarzal","Norte","2043601","Limón","Anual","125,4"
"2022","76895","Zarzal","Norte","2044101","Mandarina","Anual","335,4"
"2022","76895","Zarzal","Norte","2044901","Naranja","Anual","2.240,4"
"2022","76834","Tuluá","Centro","2043601","Limón","Anual","612"
"2022","76845","Ulloa","Norte","2044101","Mandarina","Anual","17"
"2022","76845","Ulloa","Norte","2044901","Naranja","Anual","1.789,6"
"2022","76845","Ulloa","Norte","2043601","Limón","Anual","70,8"
"2022","76828","Trujillo","Centro","2043601","Limón","Anual","324,8"
"2022","76834","Tuluá","Centro","2040201","Aguacate Hass","Anual","270"
"2022","76869","Vijes","Sur","2044101","Mandarina","Anual","108,6"
"2022","76869","Vijes","Sur","2043601","Limón","Anual","22,8"
"2022","76869","Vijes","Sur","2044901","Naranja","Anual","725"
"2022","76863","Versalles","Norte","2040201","Aguacate Hass","Anual","9.194,4"
"2022","76275","Florida","Sur","2042200","Curuba","Anual","34,02"
"2022","76520","Palmira","Sur","2042200","Curuba","Anual","13,2"
"2022","76520","Palmira","Sur","2046800","Zapote","Anual","27,6"
"2022","76275","Florida","Sur","2042700","Fresa","Anual","4,75"
"2022","76622","Roldanillo","Norte","2042700","Fresa","Anual","0,6"
"2022","76036","Andalucia","Centro","2046800","Zapote","Anual","108"
"2021","76403","La Victoria","Norte","2044101","Mandarina","Anual","1.250,01"
"2021","76403","La Victoria","Norte","2043601","Limón","Anual","217"
"2021","76400","La Unión","Norte","2040201","Aguacate Hass","Anual","333,06"
"2021","76400","La Unión","Norte","2043601","Limón","Anual","0,02"
"2021","76400","La Unión","Norte","2044901","Naranja","Anual","561,35"
"2021","76400","La Unión","Norte","2044101","Mandarina","Anual","84,06"
"2021","76520","Palmira","Sur","2043601","Limón","Anual","87,56"
"2021","76520","Palmira","Sur","2044901","Naranja","Anual","1.727,62"
"2021","76520","Palmira","Sur","2044101","Mandarina","Anual","149,26"
"2021","76403","La Victoria","Norte","2044901","Naranja","Anual","780"
"2021","76497","Obando","Norte","2044901","Naranja","Anual","219,55"
"2021","76497","Obando","Norte","2043601","Limón","Anual","15,43"
"2021","76318","Guacarí","Centro","2044101","Mandarina","Anual","143,84"
"2021","76318","Guacarí","Centro","2043601","Limón","Anual","41,48"
"2021","76275","Florida","Sur","2044901","Naranja","Anual","1.879,47"
"2021","76364","Jamundí","Sur","2044901","Naranja","Anual","14.769,65"
"2021","76377","La Cumbre","Sur","2040201","Aguacate Hass","Anual","56"
"2021","76318","Guacarí","Centro","2044901","Naranja","Anual","1.152,63"
"2021","76364","Jamundí","Sur","2044101","Mandarina","Anual","1.216,5"
"2021","76364","Jamundí","Sur","2043601","Limón","Anual","389,26"
"2021","76670","San Pedro","Centro","2044101","Mandarina","Anual","171,86"
"2021","76670","San Pedro","Centro","2044901","Naranja","Anual","0"
"2021","76736","Sevilla","Centro","2040201","Aguacate Hass","Anual","2.668,8"
"2021","76670","San Pedro","Centro","2043601","Limón","Anual","364"
"2021","76622","Roldanillo","Norte","2044101","Mandarina","Anual","166,88"
"2021","76823","Toro","Norte","2040201","Aguacate Hass","Anual","720"
"2021","76823","Toro","Norte","2043601","Limón","Anual","3,95"
"2021","76736","Sevilla","Centro","2043601","Limón","Anual","1.302,38"
"2021","76736","Sevilla","Centro","2044901","Naranja","Anual","16.629,7"
"2021","76736","Sevilla","Centro","2044101","Mandarina","Anual","2.299,55"
"2021","76606","Restrepo","Centro","2043601","Limón","Anual","19,29"
"2021","76606","Restrepo","Centro","2044101","Mandarina","Anual","54,8"
"2021","76563","Pradera","Sur","2043601","Limón","Anual","79,98"
"2021","76563","Pradera","Sur","2044901","Naranja","Anual","119,96"
"2021","76563","Pradera","Sur","2044101","Mandarina","Anual","15,01"
"2021","76616","Riofrío","Centro","2044901","Naranja","Anual","859,91"
"2021","76622","Roldanillo","Norte","2040201","Aguacate Hass","Anual","4.880"
"2021","76622","Roldanillo","Norte","2043601","Limón","Anual","24,96"
"2021","76616","Riofrío","Centro","2040201","Aguacate Hass","Anual","385"
"2021","76606","Restrepo","Centro","2044901","Naranja","Anual","365,91"
"2021","76616","Riofrío","Centro","2044101","Mandarina","Anual","111,97"
"2021","76616","Riofrío","Centro","2043601","Limón","Anual","44,59"
"2021","76109","Buenaventura","Pacifico","2041600","Chontaduro","Anual","7.565"
"2021","76109","Buenaventura","Pacifico","2041000","Borojó","Anual","5.000"
"2021","76109","Buenaventura","Pacifico","2040901","Bananito","Anual","1.695"
"2021","76100","Bolivar","Norte","2040201","Aguacate Hass","Anual","17.192"
"2021","76054","Argelia","Norte","2044901","Naranja","Anual","71,04"
"2021","76054","Argelia","Norte","2044101","Mandarina","Anual","6,85"
"2021","76100","Bolivar","Norte","2043601","Limón","Anual","83,12"
"2021","76113","Bugalagrande","Centro","2040201","Aguacate Hass","Anual","1.375"
"2021","76111","Buga","Centro","2044901","Naranja","Anual","150,41"
"2021","76113","Bugalagrande","Centro","2044101","Mandarina","Anual","1.963,24"
"2021","76113","Bugalagrande","Centro","2043601","Limón","Anual","444,23"
"2021","76111","Buga","Centro","2044101","Mandarina","Anual","30,89"
"2021","76111","Buga","Centro","2043601","Limón","Anual","10"
"2021","76020","Alcalá","Norte","2044101","Mandarina","Anual","4.100,79"
"2021","76020","Alcalá","Norte","2043601","Limón","Anual","265,89"
"2021","76020","Alcalá","Norte","2044901","Naranja","Anual","11.381,38"
"2021","76036","Andalucia","Centro","2043601","Limón","Anual","81,09"
"2021","76001","Cali","Sur","2044101","Mandarina","Anual","57,44"
"2021","76020","Alcalá","Norte","2040201","Aguacate Hass","Anual","126,07"
"2021","76001","Cali","Sur","2044901","Naranja","Anual","461,97"
"2021","76041","Ansermanuevo","Norte","2044901","Naranja","Anual","374,23"
"2021","76041","Ansermanuevo","Norte","2044101","Mandarina","Anual","56,04"
"2021","76054","Argelia","Norte","2043601","Limón","Anual","3,37"
"2021","76054","Argelia","Norte","2040201","Aguacate Hass","Anual","998,4"
"2021","76036","Andalucia","Centro","2044901","Naranja","Anual","3.041,84"
"2021","76036","Andalucia","Centro","2044101","Mandarina","Anual","544,91"
"2021","76041","Ansermanuevo","Norte","2040201","Aguacate Hass","Anual","190,8"
"2021","76041","Ansermanuevo","Norte","2043601","Limón","Anual","20"
"2021","76246","El Cairo","Norte","2043601","Limón","Anual","6,12"
"2021","76246","El Cairo","Norte","2040201","Aguacate Hass","Anual","684"
"2021","76246","El Cairo","Norte","2044901","Naranja","Anual","94,81"
"2021","76246","El Cairo","Norte","2044101","Mandarina","Anual","7,1"
"2021","76243","El Aguila","Norte","2043601","Limón","Anual","4"
"2021","76243","El Aguila","Norte","2040201","Aguacate Hass","Anual","300"
"2021","76243","El Aguila","Norte","2044901","Naranja","Anual","93,14"
"2021","76275","Florida","Sur","2044101","Mandarina","Anual","281,46"
"2021","76275","Florida","Sur","2043601","Limón","Anual","99,07"
"2021","76248","El Cerrito","Sur","2044901","Naranja","Anual","399,18"
"2021","76248","El Cerrito","Sur","2043601","Limón","Anual","21,04"
"2021","76248","El Cerrito","Sur","2044101","Mandarina","Anual","59,78"
"2021","76250","El Dovio","Norte","2040201","Aguacate Hass","Anual","114"
"2021","76126","Calima Darién","Centro","2040201","Aguacate Hass","Anual","919,071"
"2021","76126","Calima Darién","Centro","2044101","Mandarina","Anual","28,17"
"2021","76130","Candelaria","Sur","2043601","Limón","Anual","40,82"
"2021","76126","Calima Darién","Centro","2044901","Naranja","Anual","76,2"
"2021","76122","Caicedonia","Centro","2040201","Aguacate Hass","Anual","1.605"
"2021","76113","Bugalagrande","Centro","2044901","Naranja","Anual","13.109,73"
"2021","76122","Caicedonia","Centro","2044901","Naranja","Anual","20.514,36"
"2021","76122","Caicedonia","Centro","2043601","Limón","Anual","1.037,33"
"2021","76122","Caicedonia","Centro","2044101","Mandarina","Anual","2.605,92"
"2021","76233","Dagua","Sur","2043601","Limón","Anual","379,93"
"2021","76233","Dagua","Sur","2041600","Chontaduro","Anual","196"
"2021","76233","Dagua","Sur","2044901","Naranja","Anual","3.898,92"
"2021","76233","Dagua","Sur","2044101","Mandarina","Anual","809,01"
"2021","76130","Candelaria","Sur","2044901","Naranja","Anual","653,66"
"2021","76130","Candelaria","Sur","2044101","Mandarina","Anual","130,52"
"2021","76147","Cartago","Norte","2044901","Naranja","Anual","5.586,3"
"2021","76147","Cartago","Norte","2044101","Mandarina","Anual","859,95"
"2021","76147","Cartago","Norte","2043601","Limón","Anual","143,06"
"2021","76126","Calima Darién","Centro","2046500","Uchuva","Anual","0,62"
"2021","76622","Roldanillo","Norte","2042700","Fresa","Anual","4,3"
"2021","76834","Tuluá","Centro","2042700","Fresa","Anual","315"
"2021","76845","Ulloa","Norte","2043800","Macadamia","Anual","35"
"2021","76892","Yumbo","Sur","2043100","Gulupa","Anual","0"
"2021","76606","Restrepo","Centro","2043800","Macadamia","Anual","100"
"2021","76275","Florida","Sur","2043800","Macadamia","Anual","14"
"2021","76364","Jamundí","Sur","2046800","Zapote","Anual","7,5"
"2021","76520","Palmira","Sur","2046800","Zapote","Anual","27,6"
"2021","76520","Palmira","Sur","2042200","Curuba","Anual","13,2"
"2021","76892","Yumbo","Sur","2043601","Limón","Anual","33,55"
"2021","76892","Yumbo","Sur","2044101","Mandarina","Anual","14,31"
"2021","76890","Yotoco","Centro","2044901","Naranja","Anual","1.135,17"
"2021","76869","Vijes","Sur","2044901","Naranja","Anual","833,86"
"2021","76890","Yotoco","Centro","2044101","Mandarina","Anual","121,43"
"2021","76890","Yotoco","Centro","2043601","Limón","Anual","25,64"
"2021","76895","Zarzal","Norte","2044901","Naranja","Anual","2.122,2"
"2021","76895","Zarzal","Norte","2044101","Mandarina","Anual","335,51"
"2021","76895","Zarzal","Norte","2043601","Limón","Anual","118,09"
"2021","76892","Yumbo","Sur","2044901","Naranja","Anual","274,94"
"2021","76834","Tuluá","Centro","2040201","Aguacate Hass","Anual","162"
"2021","76834","Tuluá","Centro","2043601","Limón","Anual","0"
"2021","76828","Trujillo","Centro","2040201","Aguacate Hass","Anual","172"
"2021","76828","Trujillo","Centro","2043601","Limón","Anual","16,26"
"2021","76869","Vijes","Sur","2044101","Mandarina","Anual","97,43"
"2021","76869","Vijes","Sur","2043601","Limón","Anual","27,3"
"2021","76845","Ulloa","Norte","2043601","Limón","Anual","70,75"
"2021","76845","Ulloa","Norte","2044101","Mandarina","Anual","67"
"2021","76845","Ulloa","Norte","2044901","Naranja","Anual","1.789,66"
"2021","76863","Versalles","Norte","2040201","Aguacate Hass","Anual","442,4"
"2020","76616","Riofrío","Centro","2040201","Aguacate Hass","Anual","430"
"2020","76606","Restrepo","Centro","2040901","Bananito","Anual","48"
"2020","76377","La Cumbre","Sur","2040201","Aguacate Hass","Anual","0"
"2020","76400","La Unión","Norte","2040201","Aguacate Hass","Anual","408"
"2020","76828","Trujillo","Centro","2040201","Aguacate Hass","Anual","220"
"2020","76823","Toro","Norte","2040201","Aguacate Hass","Anual","720"
"2020","76834","Tuluá","Centro","2040201","Aguacate Hass","Anual","192"
"2020","76622","Roldanillo","Norte","2040201","Aguacate Hass","Anual","1.720"
"2020","76736","Sevilla","Centro","2040201","Aguacate Hass","Anual","5.004"
"2020","76109","Buenaventura","Pacifico","2041000","Borojó","Anual","9.312"
"2020","76109","Buenaventura","Pacifico","2041600","Chontaduro","Anual","462"
"2020","76109","Buenaventura","Pacifico","2040901","Bananito","Anual","1.995"
"2020","76109","Buenaventura","Pacifico","2041900","Coco","Anual","3.864"
"2020","76122","Caicedonia","Centro","2040201","Aguacate Hass","Anual","5.195,4"
"2020","76113","Bugalagrande","Centro","2040201","Aguacate Hass","Anual","360"
"2020","76020","Alcalá","Norte","2040201","Aguacate Hass","Anual","60"
"2020","76054","Argelia","Norte","2040201","Aguacate Hass","Anual","569,6"
"2020","76100","Bolivar","Norte","2040201","Aguacate Hass","Anual","2.595"
"2020","76041","Ansermanuevo","Norte","2040201","Aguacate Hass","Anual","160,8"
"2020","76250","El Dovio","Norte","2040201","Aguacate Hass","Anual","113,92"
"2020","76306","Ginebra","Sur","2040201","Aguacate Hass","Anual","6,36"
"2020","76233","Dagua","Sur","2041600","Chontaduro","Anual","196"
"2020","76126","Calima Darién","Centro","2040201","Aguacate Hass","Anual","471,6"
"2020","76246","El Cairo","Norte","2040201","Aguacate Hass","Anual","256"
"2020","76243","El Aguila","Norte","2040201","Aguacate Hass","Anual","250"
"2020","76243","El Aguila","Norte","2042400","Durazno","Anual","0"
"2020","76243","El Aguila","Norte","2042700","Fresa","Anual","0"
"2020","76275","Florida","Sur","2043800","Macadamia","Anual","21"
"2020","76126","Calima Darién","Centro","2043100","Gulupa","Anual","12,5"
"2020","76306","Ginebra","Sur","2046800","Zapote","Anual","0"
"2020","76834","Tuluá","Centro","2042200","Curuba","Anual","63"
"2020","76834","Tuluá","Centro","2042700","Fresa","Anual","345"
"2020","76892","Yumbo","Sur","2046800","Zapote","Anual","13,44"
"2020","76892","Yumbo","Sur","2042700","Fresa","Anual","0"
"2020","76845","Ulloa","Norte","2043800","Macadamia","Anual","35"
"2020","76863","Versalles","Norte","2042700","Fresa","Anual","0"
"2020","76520","Palmira","Sur","2042200","Curuba","Anual","13,2"
"2020","76364","Jamundí","Sur","2046800","Zapote","Anual","17,5"
"2020","76606","Restrepo","Centro","2043800","Macadamia","Anual","81"
"2020","76520","Palmira","Sur","2042700","Fresa","Anual","0"
"2020","76520","Palmira","Sur","2046800","Zapote","Anual","16,1"
"2020","76863","Versalles","Norte","2040201","Aguacate Hass","Anual","661,8"
"2019","76606","Restrepo","Centro","2040901","Bananito","Anual","72"
"2019","76109","Buenaventura","Pacifico","2041000","Borojó","Anual","9.312"
"2019","76109","Buenaventura","Pacifico","2041600","Chontaduro","Anual","420"
"2019","76109","Buenaventura","Pacifico","2040901","Bananito","Anual","1.970"
"2019","76109","Buenaventura","Pacifico","2041900","Coco","Anual","3.864"
"2019","76100","Bolivar","Norte","2041600","Chontaduro","Anual","48"
"2019","76233","Dagua","Sur","2041600","Chontaduro","Anual","126"
"2019","76275","Florida","Sur","2042700","Fresa","Anual","52,5"
"2019","76275","Florida","Sur","2043800","Macadamia","Anual","21"
"2019","76364","Jamundí","Sur","2046800","Zapote","Anual","22,5"
"2019","76126","Calima Darién","Centro","2043100","Gulupa","Anual","62,5"
"2019","76243","El Aguila","Norte","2042700","Fresa","Anual","1,6"
"2019","76834","Tuluá","Centro","2042700","Fresa","Anual","434"
"2019","76845","Ulloa","Norte","2043800","Macadamia","Anual","0"
"2019","76834","Tuluá","Centro","2042200","Curuba","Anual","324"
"2019","76892","Yumbo","Sur","2046800","Zapote","Anual","13,44"
"2019","76863","Versalles","Norte","2042700","Fresa","Anual","2"
"2019","76606","Restrepo","Centro","2043800","Macadamia","Anual","81"
"2019","76520","Palmira","Sur","2046800","Zapote","Anual","16,1"
"2019","76622","Roldanillo","Norte","2042700","Fresa","Anual","64,5"
"2019","76126","Calima Darién","Centro","2042400","Durazno","Anual","0"
"2018","76606","Restrepo","Centro","2040901","Bananito","Anual","120"
"2018","76109","Buenaventura","Pacifico","2041600","Chontaduro","Anual","420"
"2018","76109","Buenaventura","Pacifico","2041900","Coco","Anual","3.864"
"2018","76109","Buenaventura","Pacifico","2041000","Borojó","Anual","9.312"
"2018","76109","Buenaventura","Pacifico","2040901","Bananito","Anual","1.475"
"2018","76100","Bolivar","Norte","2041600","Chontaduro","Anual","48"
"2018","76233","Dagua","Sur","2041600","Chontaduro","Anual","119"
"2018","76275","Florida","Sur","2043800","Macadamia","Anual","21"
"2018","76520","Palmira","Sur","2042200","Curuba","Anual","7,2"
"2018","76364","Jamundí","Sur","2046800","Zapote","Anual","37,5"
"2018","76243","El Aguila","Norte","2042700","Fresa","Anual","1,6"
"2018","76834","Tuluá","Centro","2042700","Fresa","Anual","434"
"2018","76834","Tuluá","Centro","2042200","Curuba","Anual","306"
"2018","76863","Versalles","Norte","2042700","Fresa","Anual","2"
"2018","76606","Restrepo","Centro","2043800","Macadamia","Anual","67,5"
"2018","76520","Palmira","Sur","2046800","Zapote","Anual","16,1"
"2018","76622","Roldanillo","Norte","2042700","Fresa","Anual","64,5"
"2017","76606","Restrepo","Centro","2040901","Bananito","Anual","200"
"2017","76109","Buenaventura","Pacifico","2041900","Coco","Anual","3.804"
"2017","76109","Buenaventura","Pacifico","2041000","Borojó","Anual","9.312"
"2017","76109","Buenaventura","Pacifico","2041600","Chontaduro","Anual","7.000"
"2017","76109","Buenaventura","Pacifico","2040901","Bananito","Anual","1.760"
"2017","76100","Bolivar","Norte","2041600","Chontaduro","Anual","48"
"2017","76233","Dagua","Sur","2041600","Chontaduro","Anual","119"
"2017","76364","Jamundí","Sur","2046800","Zapote","Anual","68,75"
"2017","76520","Palmira","Sur","2046800","Zapote","Anual","0"
"2017","76275","Florida","Sur","2043800","Macadamia","Anual","120"
"2017","76845","Ulloa","Norte","2043800","Macadamia","Anual","0"
"2017","76834","Tuluá","Centro","2042700","Fresa","Anual","387,5"
"2017","76892","Yumbo","Sur","2046800","Zapote","Anual","18"
"2017","76863","Versalles","Norte","2042700","Fresa","Anual","8"
"2017","76622","Roldanillo","Norte","2042700","Fresa","Anual","64,5"
"2017","76606","Restrepo","Centro","2043800","Macadamia","Anual","54"
"2017","76041","Ansermanuevo","Norte","2043100","Gulupa","Anual","0"
"2017","76111","Buga","Centro","2042700","Fresa","Anual","0"
"2017","76111","Buga","Centro","2042200","Curuba","Anual","20"
"2016","76606","Restrepo","Centro","2040901","Bananito","Anual","216"
"2016","76834","Tuluá","Centro","2042200","Curuba","Anual","288"
"2016","76109","Buenaventura","Pacifico","2041900","Coco","Anual","3.864"
"2016","76109","Buenaventura","Pacifico","2041600","Chontaduro","Anual","3.640"
"2016","76109","Buenaventura","Pacifico","2040901","Bananito","Anual","3.900"
"2016","76109","Buenaventura","Pacifico","2041000","Borojó","Anual","9.312"
"2016","76100","Bolivar","Norte","2041600","Chontaduro","Anual","48"
"2016","76233","Dagua","Sur","2041600","Chontaduro","Anual","119"
"2016","76275","Florida","Sur","2043800","Macadamia","Anual","120"
"2016","76520","Palmira","Sur","2046800","Zapote","Anual","45,54"
"2016","76364","Jamundí","Sur","2046800","Zapote","Anual","62"
"2016","76834","Tuluá","Centro","2042700","Fresa","Anual","312,5"
"2016","76892","Yumbo","Sur","2046800","Zapote","Anual","18"
"2016","76863","Versalles","Norte","2042700","Fresa","Anual","8"
"2016","76606","Restrepo","Centro","2043800","Macadamia","Anual","54"
"2016","76563","Pradera","Sur","2042700","Fresa","Anual","245"
"2016","76100","Bolivar","Norte","2042400","Durazno","Anual","306"
"2015","76606","Restrepo","Centro","2040901","Bananito","Anual","192"
"2015","76834","Tuluá","Centro","2042200","Curuba","Anual","256"
"2015","76109","Buenaventura","Pacifico","2041600","Chontaduro","Anual","12.992"
"2015","76109","Buenaventura","Pacifico","2041900","Coco","Anual","3.804"
"2015","76109","Buenaventura","Pacifico","2040901","Bananito","Anual","3.700"
"2015","76109","Buenaventura","Pacifico","2041000","Borojó","Anual","9.312"
"2015","76100","Bolivar","Norte","2041600","Chontaduro","Anual","48"
"2015","76233","Dagua","Sur","2041600","Chontaduro","Anual","204"
"2015","76364","Jamundí","Sur","2040500","Arazá","Anual","4,8"
"2015","76275","Florida","Sur","2043800","Macadamia","Anual","120"
"2015","76364","Jamundí","Sur","2043100","Gulupa","Anual","25,6"
"2015","76364","Jamundí","Sur","2046800","Zapote","Anual","82"
"2015","76834","Tuluá","Centro","2042700","Fresa","Anual","31"
"2015","76863","Versalles","Norte","2042700","Fresa","Anual","13"
"2015","76563","Pradera","Sur","2042700","Fresa","Anual","245"
"2015","76520","Palmira","Sur","2046800","Zapote","Anual","69"
"2015","76606","Restrepo","Centro","2043800","Macadamia","Anual","36"
"2015","76100","Bolivar","Norte","2042400","Durazno","Anual","702"
"2014","76606","Restrepo","Centro","2040901","Bananito","Anual","176"
"2014","76834","Tuluá","Centro","2042200","Curuba","Anual","256"
"2014","76109","Buenaventura","Pacifico","2041600","Chontaduro","Anual","45.920"
"2014","76109","Buenaventura","Pacifico","2041900","Coco","Anual","3.864"
"2014","76109","Buenaventura","Pacifico","2040901","Bananito","Anual","3.670"
"2014","76109","Buenaventura","Pacifico","2041000","Borojó","Anual","9.600"
"2014","76100","Bolivar","Norte","2041600","Chontaduro","Anual","48"
"2014","76233","Dagua","Sur","2041600","Chontaduro","Anual","204"
"2014","76275","Florida","Sur","2043800","Macadamia","Anual","120"
"2014","76054","Argelia","Norte","2042700","Fresa","Anual","1,5"
"2014","76100","Bolivar","Norte","2042400","Durazno","Anual","792"
"2014","76364","Jamundí","Sur","2040500","Arazá","Anual","4,8"
"2014","76834","Tuluá","Centro","2042700","Fresa","Anual","33"
"2014","76863","Versalles","Norte","2042700","Fresa","Anual","8"
"2014","76364","Jamundí","Sur","2046800","Zapote","Anual","96"
"2014","76563","Pradera","Sur","2042700","Fresa","Anual","245"
"2014","76606","Restrepo","Centro","2043800","Macadamia","Anual","40,5"
"2013","76606","Restrepo","Centro","2040901","Bananito","Anual","136"
"2013","76834","Tuluá","Centro","2042200","Curuba","Anual","256"
"2013","76109","Buenaventura","Pacifico","2040901","Bananito","Anual","3.670"
"2013","76109","Buenaventura","Pacifico","2041000","Borojó","Anual","9.636"
"2013","76109","Buenaventura","Pacifico","2041600","Chontaduro","Anual","48.524"
"2013","76109","Buenaventura","Pacifico","2041900","Coco","Anual","3.996"
"2013","76100","Bolivar","Norte","2041600","Chontaduro","Anual","64"
"2013","76233","Dagua","Sur","2041600","Chontaduro","Anual","204"
"2013","76364","Jamundí","Sur","2046800","Zapote","Anual","180"
"2013","76275","Florida","Sur","2043800","Macadamia","Anual","300"
"2013","76863","Versalles","Norte","2042700","Fresa","Anual","1"
"2013","76563","Pradera","Sur","2042700","Fresa","Anual","245"
"2013","76606","Restrepo","Centro","2043800","Macadamia","Anual","36"
"2013","76054","Argelia","Norte","2042700","Fresa","Anual","2"
"2012","76606","Restrepo","Centro","2040901","Bananito","Anual","128"
"2012","76845","Ulloa","Norte","2040901","Bananito","Anual","0"
"2012","76834","Tuluá","Centro","2042200","Curuba","Anual","256"
"2012","76109","Buenaventura","Pacifico","2040901","Bananito","Anual","5.408"
"2012","76109","Buenaventura","Pacifico","2041000","Borojó","Anual","9.696"
"2012","76109","Buenaventura","Pacifico","2041600","Chontaduro","Anual","48.524"
"2012","76109","Buenaventura","Pacifico","2041900","Coco","Anual","3.852"
"2012","76111","Buga","Centro","2042200","Curuba","Anual","63"
"2012","76111","Buga","Centro","2041100","Brevo","Anual","2"
"2012","76020","Alcalá","Norte","2040901","Bananito","Anual","15"
"2012","76054","Argelia","Norte","2040901","Bananito","Anual","1.071"
"2012","76233","Dagua","Sur","2041600","Chontaduro","Anual","84"
"2012","76403","La Victoria","Norte","2041800","Ciruela","Anual","81"
"2012","76364","Jamundí","Sur","2046800","Zapote","Anual","180"
"2012","76563","Pradera","Sur","2043800","Macadamia","Anual","45"
"2012","76863","Versalles","Norte","2042700","Fresa","Anual","4"
"2012","76275","Florida","Sur","2043800","Macadamia","Anual","360"
"2012","76111","Buga","Centro","2041100","Brevo","Anual","2"
"2012","76036","Andalucia","Centro","2046800","Zapote","Anual","372"
"2012","76895","Zarzal","Norte","2041600","Chontaduro","Anual","0"
"2012","76890","Yotoco","Centro","2042200","Curuba","Anual","1"
"2011","76892","Yumbo","Sur","2046800","Zapote","Anual","0"
"2011","76606","Restrepo","Centro","2040901","Bananito","Anual","88"
"2011","76834","Tuluá","Centro","2042200","Curuba","Anual","256"
"2011","76109","Buenaventura","Pacifico","2041000","Borojó","Anual","9.732"
"2011","76109","Buenaventura","Pacifico","2041600","Chontaduro","Anual","48.664"
"2011","76109","Buenaventura","Pacifico","2040901","Bananito","Anual","6.058"
"2011","76109","Buenaventura","Pacifico","2041900","Coco","Anual","3.852"
"2011","76111","Buga","Centro","2041100","Brevo","Anual","2"
"2011","76111","Buga","Centro","2042200","Curuba","Anual","63"
"2011","76020","Alcalá","Norte","2040901","Bananito","Anual","15"
"2011","76233","Dagua","Sur","2041600","Chontaduro","Anual","84"
"2011","76318","Guacarí","Centro","2044800","Morera","Anual","88"
"2011","76275","Florida","Sur","2043800","Macadamia","Anual","0"
"2011","76606","Restrepo","Centro","2043800","Macadamia","Anual","0"
"2011","76403","La Victoria","Norte","2041800","Ciruela","Anual","81"
"2011","76563","Pradera","Sur","2043800","Macadamia","Anual","45"
"2011","76036","Andalucia","Centro","2046800","Zapote","Anual","372"
"2011","76111","Buga","Centro","2041100","Brevo","Anual","2"
"2010","76834","Tuluá","Centro","2042200","Curuba","Anual","264"
"2010","76109","Buenaventura","Pacifico","2041600","Chontaduro","Anual","48.608"
"2010","76109","Buenaventura","Pacifico","2041900","Coco","Anual","3.900"
"2010","76109","Buenaventura","Pacifico","2040901","Bananito","Anual","3.400"
"2010","76109","Buenaventura","Pacifico","2041000","Borojó","Anual","9.756"
"2010","76111","Buga","Centro","2041100","Brevo","Anual","2"
"2010","76111","Buga","Centro","2042200","Curuba","Anual","75"
"2010","76020","Alcalá","Norte","2040901","Bananito","Anual","42"
"2010","76041","Ansermanuevo","Norte","2041600","Chontaduro","Anual","0"
"2010","76233","Dagua","Sur","2041600","Chontaduro","Anual","84"
"2010","76377","La Cumbre","Sur","2044400","Manzana","Anual","300"
"2010","76318","Guacarí","Centro","2044800","Morera","Anual","88"
"2010","76364","Jamundí","Sur","2046800","Zapote","Anual","192"
"2010","76403","La Victoria","Norte","2041800","Ciruela","Anual","81"
"2010","76892","Yumbo","Sur","2046800","Zapote","Anual","0"
"2010","76563","Pradera","Sur","2043800","Macadamia","Anual","45"
"2010","76606","Restrepo","Centro","2043800","Macadamia","Anual","0"
"2010","76036","Andalucia","Centro","2046800","Zapote","Anual","289"
"2010","76275","Florida","Sur","2043800","Macadamia","Anual","0"
"2010","76041","Ansermanuevo","Norte","2041800","Ciruela","Anual","0"
"2010","76111","Buga","Centro","2041100","Brevo","Anual","2"
"2009","76834","Tuluá","Centro","2042200","Curuba","Anual","264"
"2009","76109","Buenaventura","Pacifico","2040901","Bananito","Anual","3.400"
"2009","76109","Buenaventura","Pacifico","2041000","Borojó","Anual","9.600"
"2009","76109","Buenaventura","Pacifico","2041600","Chontaduro","Anual","48.538"
"2009","76109","Buenaventura","Pacifico","2041900","Coco","Anual","3.900"
"2009","76111","Buga","Centro","2042200","Curuba","Anual","90"
"2009","76020","Alcalá","Norte","2040901","Bananito","Anual","42"
"2009","76233","Dagua","Sur","2041600","Chontaduro","Anual","77"
"2009","76233","Dagua","Sur","2041000","Borojó","Anual","216"
"2009","76403","La Victoria","Norte","2041800","Ciruela","Anual","81"
"2009","76364","Jamundí","Sur","2046800","Zapote","Anual","192"
"2009","76563","Pradera","Sur","2043800","Macadamia","Anual","45"
"2009","76622","Roldanillo","Norte","2042700","Fresa","Anual","20"
"2009","76892","Yumbo","Sur","2046800","Zapote","Anual","0"
"2009","76606","Restrepo","Centro","2043800","Macadamia","Anual","0"
"2009","76036","Andalucia","Centro","2046800","Zapote","Anual","442"
"2009","76318","Guacarí","Centro","2044800","Morera","Anual","88"
"2009","76275","Florida","Sur","2043800","Macadamia","Anual","80"
"2008","76834","Tuluá","Centro","2042200","Curuba","Anual","403"
"2008","76109","Buenaventura","Pacifico","2040901","Bananito","Anual","3.400"
"2008","76109","Buenaventura","Pacifico","2041000","Borojó","Anual","9.600"
"2008","76109","Buenaventura","Pacifico","2041600","Chontaduro","Anual","48.538"
"2008","76109","Buenaventura","Pacifico","2041900","Coco","Anual","3.900"
"2008","76111","Buga","Centro","2042200","Curuba","Anual","80"
"2008","76020","Alcalá","Norte","2040901","Bananito","Anual","42"
"2008","76233","Dagua","Sur","2041600","Chontaduro","Anual","77"
"2008","76233","Dagua","Sur","2041000","Borojó","Anual","242"
"2008","76377","La Cumbre","Sur","2044400","Manzana","Anual","150"
"2008","76364","Jamundí","Sur","2046800","Zapote","Anual","144"
"2008","76403","La Victoria","Norte","2041800","Ciruela","Anual","81"
"2008","76892","Yumbo","Sur","2046800","Zapote","Anual","0"
"2008","76563","Pradera","Sur","2043800","Macadamia","Anual","150"
"2008","76606","Restrepo","Centro","2043800","Macadamia","Anual","0"
"2008","76036","Andalucia","Centro","2046800","Zapote","Anual","1.248"
"2008","76318","Guacarí","Centro","2044800","Morera","Anual","88"
"2008","76275","Florida","Sur","2043800","Macadamia","Anual","80"
"2007","76364","Jamundí","Sur","2041600","Chontaduro","Anual","20"
"2007","76834","Tuluá","Centro","2042200","Curuba","Anual","600"
"2007","76109","Buenaventura","Pacifico","2041600","Chontaduro","Anual","48.482"
"2007","76109","Buenaventura","Pacifico","2041900","Coco","Anual","3.900"
"2007","76109","Buenaventura","Pacifico","2040901","Bananito","Anual","3.610"
"2007","76109","Buenaventura","Pacifico","2041000","Borojó","Anual","9.684"
"2007","76111","Buga","Centro","2041100","Brevo","Anual","2"
"2007","76111","Buga","Centro","2042200","Curuba","Anual","264"
"2007","76233","Dagua","Sur","2041000","Borojó","Anual","242"
"2007","76233","Dagua","Sur","2041600","Chontaduro","Anual","133"
"2007","76403","La Victoria","Norte","2041800","Ciruela","Anual","81"
"2007","76364","Jamundí","Sur","2046800","Zapote","Anual","195"
"2007","76377","La Cumbre","Sur","2044400","Manzana","Anual","150"
"2007","76563","Pradera","Sur","2043800","Macadamia","Anual","200"
"2007","76606","Restrepo","Centro","2043800","Macadamia","Anual","0"
"2007","76111","Buga","Centro","2041100","Brevo","Anual","2"
"2007","76036","Andalucia","Centro","2046800","Zapote","Anual","1.248"
"2007","76318","Guacarí","Centro","2044800","Morera","Anual","88"
"2007","76275","Florida","Sur","2043800","Macadamia","Anual","0"
"2006","76403","La Victoria","Norte","2041600","Chontaduro","Anual","60"
"2006","76364","Jamundí","Sur","2041600","Chontaduro","Anual","20"
"2006","76400","La Unión","Norte","2041100","Brevo","Anual","48"
"2006","76863","Versalles","Norte","2041100","Brevo","Anual","21"
"2006","76834","Tuluá","Centro","2042200","Curuba","Anual","765"
"2006","76109","Buenaventura","Pacifico","2041000","Borojó","Anual","9.684"
"2006","76109","Buenaventura","Pacifico","2041600","Chontaduro","Anual","48.440"
"2006","76109","Buenaventura","Pacifico","2040901","Bananito","Anual","3.000"
"2006","76109","Buenaventura","Pacifico","2041900","Coco","Anual","3.900"
"2006","76111","Buga","Centro","2042200","Curuba","Anual","246"
"2006","76111","Buga","Centro","2041100","Brevo","Anual","2"
"2006","76233","Dagua","Sur","2041600","Chontaduro","Anual","168"
"2006","76233","Dagua","Sur","2041000","Borojó","Anual","242"
"2006","76377","La Cumbre","Sur","2044400","Manzana","Anual","138"
"2006","76364","Jamundí","Sur","2046800","Zapote","Anual","195"
"2006","76400","La Unión","Norte","2041100","Brevo","Anual","48"
"2006","76563","Pradera","Sur","2043800","Macadamia","Anual","200"
"2006","76863","Versalles","Norte","2041100","Brevo","Anual","21"
"2006","76403","La Victoria","Norte","2041800","Ciruela","Anual","81"
"2006","76111","Buga","Centro","2041100","Brevo","Anual","2"
"2005","76400","La Unión","Norte","2041100","Brevo","Anual","60"
"2005","76834","Tuluá","Centro","2042200","Curuba","Anual","918"
"2005","76109","Buenaventura","Pacifico","2041900","Coco","Anual","3.972"
"2005","76111","Buga","Centro","2041100","Brevo","Anual","2"
"2005","76111","Buga","Centro","2042200","Curuba","Anual","246"
"2005","76109","Buenaventura","Pacifico","2041600","Chontaduro","Anual","15.668"
"2005","76109","Buenaventura","Pacifico","2040901","Bananito","Anual","3.600"
"2005","76109","Buenaventura","Pacifico","2041000","Borojó","Anual","3.254"
"2005","76275","Florida","Sur","2042200","Curuba","Anual","73"
"2005","76233","Dagua","Sur","2041000","Borojó","Anual","242"
"2005","76233","Dagua","Sur","2041600","Chontaduro","Anual","168"
"2005","76377","La Cumbre","Sur","2044400","Manzana","Anual","138"
"2005","76318","Guacarí","Centro","2044800","Morera","Anual","72"
"2005","76364","Jamundí","Sur","2046800","Zapote","Anual","195"
"2005","76400","La Unión","Norte","2041100","Brevo","Anual","60"
"2005","76563","Pradera","Sur","2043800","Macadamia","Anual","160"
"2005","76403","La Victoria","Norte","2041800","Ciruela","Anual","81"
"2005","76111","Buga","Centro","2041100","Brevo","Anual","2"
"2005","76250","El Dovio","Norte","2042700","Fresa","Anual","2"
"2005","76863","Versalles","Norte","2041100","Brevo","Anual","14"
"2004","76520","Palmira","Sur","2041100","Brevo","Anual","11"
"2004","76403","La Victoria","Norte","2041600","Chontaduro","Anual","90"
"2004","76364","Jamundí","Sur","2041600","Chontaduro","Anual","0"
"2004","76400","La Unión","Norte","2041100","Brevo","Anual","253"
"2004","76834","Tuluá","Centro","2042200","Curuba","Anual","668"
"2004","76109","Buenaventura","Pacifico","2041900","Coco","Anual","4.719"
"2004","76109","Buenaventura","Pacifico","2041600","Chontaduro","Anual","15.107"
"2004","76109","Buenaventura","Pacifico","2040901","Bananito","Anual","3.696"
"2004","76109","Buenaventura","Pacifico","2041000","Borojó","Anual","1.950"
"2004","76111","Buga","Centro","2042200","Curuba","Anual","394"
"2004","76111","Buga","Centro","2041100","Brevo","Anual","9"
"2004","76275","Florida","Sur","2042200","Curuba","Anual","79"
"2004","76306","Ginebra","Sur","2042200","Curuba","Anual","56"
"2004","76233","Dagua","Sur","2041000","Borojó","Anual","138"
"2004","76233","Dagua","Sur","2041600","Chontaduro","Anual","187"
"2004","76113","Bugalagrande","Centro","2044800","Morera","Anual","82"
"2004","76670","San Pedro","Centro","2044800","Morera","Anual","284"
"2004","76563","Pradera","Sur","2043800","Macadamia","Anual","160"
"2004","76403","La Victoria","Norte","2041800","Ciruela","Anual","81"
"2004","76318","Guacarí","Centro","2044800","Morera","Anual","48"
"2004","76233","Dagua","Sur","2046500","Uchuva","Anual","45"
"2004","76250","El Dovio","Norte","2042700","Fresa","Anual","9"
"2004","76377","La Cumbre","Sur","2044400","Manzana","Anual","245"
"2004","76364","Jamundí","Sur","2046800","Zapote","Anual","0"
"2004","76863","Versalles","Norte","2041100","Brevo","Anual","14"
"2003","76520","Palmira","Sur","2041100","Brevo","Anual","12"
"2003","76403","La Victoria","Norte","2041600","Chontaduro","Anual","88"
"2003","76400","La Unión","Norte","2041100","Brevo","Anual","189"
"2003","76834","Tuluá","Centro","2042200","Curuba","Anual","1.173"
"2003","76109","Buenaventura","Pacifico","2041600","Chontaduro","Anual","9.712"
"2003","76109","Buenaventura","Pacifico","2041900","Coco","Anual","3.400"
"2003","76111","Buga","Centro","2042200","Curuba","Anual","342"
"2003","76111","Buga","Centro","2041100","Brevo","Anual","9"
"2003","76109","Buenaventura","Pacifico","2041000","Borojó","Anual","2.916"
"2003","76109","Buenaventura","Pacifico","2040901","Bananito","Anual","3.881"
"2003","76306","Ginebra","Sur","2042200","Curuba","Anual","40"
"2003","76275","Florida","Sur","2042200","Curuba","Anual","65"
"2003","76233","Dagua","Sur","2041000","Borojó","Anual","138"
"2003","76233","Dagua","Sur","2041600","Chontaduro","Anual","200"
"2003","76243","El Aguila","Norte","2042200","Curuba","Anual","5"
"2003","76377","La Cumbre","Sur","2044400","Manzana","Anual","178"
"2003","76563","Pradera","Sur","2043800","Macadamia","Anual","160"
"2003","76834","Tuluá","Centro","2042700","Fresa","Anual","104"
"2003","76670","San Pedro","Centro","2044800","Morera","Anual","284"
"2003","76111","Buga","Centro","2042700","Fresa","Anual","16"
"2003","76111","Buga","Centro","2046500","Uchuva","Anual","71"
"2003","76233","Dagua","Sur","2046500","Uchuva","Anual","45"
"2003","76250","El Dovio","Norte","2042700","Fresa","Anual","23"
"2003","76113","Bugalagrande","Centro","2044800","Morera","Anual","125"
"2003","76863","Versalles","Norte","2041100","Brevo","Anual","12"
"2002","76403","La Victoria","Norte","2041600","Chontaduro","Anual","88"
"2002","76400","La Unión","Norte","2041100","Brevo","Anual","101"
"2002","76834","Tuluá","Centro","2042200","Curuba","Anual","1.210"
"2002","76109","Buenaventura","Pacifico","2041600","Chontaduro","Anual","9.387"
"2002","76109","Buenaventura","Pacifico","2041900","Coco","Anual","2.292"
"2002","76111","Buga","Centro","2042200","Curuba","Anual","318"
"2002","76109","Buenaventura","Pacifico","2041000","Borojó","Anual","2.828"
"2002","76109","Buenaventura","Pacifico","2040901","Bananito","Anual","2.115"
"2002","76275","Florida","Sur","2042200","Curuba","Anual","66"
"2002","76233","Dagua","Sur","2041000","Borojó","Anual","125"
"2002","76233","Dagua","Sur","2041100","Brevo","Anual","68"
"2002","76233","Dagua","Sur","2041600","Chontaduro","Anual","250"
"2002","76243","El Aguila","Norte","2042200","Curuba","Anual","4"
"2002","76377","La Cumbre","Sur","2044400","Manzana","Anual","160"
"2002","76563","Pradera","Sur","2043800","Macadamia","Anual","160"
"2002","76834","Tuluá","Centro","2042700","Fresa","Anual","44"
"2002","76670","San Pedro","Centro","2044800","Morera","Anual","292"
"2002","76111","Buga","Centro","2044800","Morera","Anual","0"
"2002","76111","Buga","Centro","2046500","Uchuva","Anual","40"
"2002","76233","Dagua","Sur","2046500","Uchuva","Anual","52"
"2002","76250","El Dovio","Norte","2042700","Fresa","Anual","90"
"2002","76113","Bugalagrande","Centro","2044800","Morera","Anual","128"
"2002","76863","Versalles","Norte","2042200","Curuba","Anual","5"
"2001","76403","La Victoria","Norte","2041600","Chontaduro","Anual","88"
"2001","76400","La Unión","Norte","2041100","Brevo","Anual","52"
"2001","76863","Versalles","Norte","2041100","Brevo","Anual","0"
"2001","76834","Tuluá","Centro","2042200","Curuba","Anual","1.008"
"2001","76109","Buenaventura","Pacifico","2041600","Chontaduro","Anual","9.381"
"2001","76109","Buenaventura","Pacifico","2041900","Coco","Anual","2.280"
"2001","76111","Buga","Centro","2042200","Curuba","Anual","264"
"2001","76109","Buenaventura","Pacifico","2041000","Borojó","Anual","2.420"
"2001","76109","Buenaventura","Pacifico","2040901","Bananito","Anual","1.270"
"2001","76306","Ginebra","Sur","2042200","Curuba","Anual","21"
"2001","76275","Florida","Sur","2042200","Curuba","Anual","44"
"2001","76233","Dagua","Sur","2041100","Brevo","Anual","68"
"2001","76233","Dagua","Sur","2041000","Borojó","Anual","115"
"2001","76233","Dagua","Sur","2041600","Chontaduro","Anual","250"
"2001","76243","El Aguila","Norte","2042200","Curuba","Anual","0"
"2001","76863","Versalles","Norte","2042200","Curuba","Anual","2"
"2001","76563","Pradera","Sur","2043800","Macadamia","Anual","160"
"2001","76670","San Pedro","Centro","2044800","Morera","Anual","274"
"2001","76377","La Cumbre","Sur","2044400","Manzana","Anual","16"
"2001","76111","Buga","Centro","2046500","Uchuva","Anual","36"
"2001","76233","Dagua","Sur","2046500","Uchuva","Anual","21"
"2000","76834","Tuluá","Centro","2042200","Curuba","Anual","1.174,5"
"2000","76109","Buenaventura","Pacifico","2041600","Chontaduro","Anual","9.381"
"2000","76109","Buenaventura","Pacifico","2041900","Coco","Anual","2.280"
"2000","76111","Buga","Centro","2042200","Curuba","Anual","252"
"2000","76109","Buenaventura","Pacifico","2040901","Bananito","Anual","1.270"
"2000","76109","Buenaventura","Pacifico","2041000","Borojó","Anual","2.420"
"2000","76250","El Dovio","Norte","2042200","Curuba","Anual","43,75"
"2000","76275","Florida","Sur","2042200","Curuba","Anual","44"
"2000","76306","Ginebra","Sur","2042200","Curuba","Anual","24"
"2000","76233","Dagua","Sur","2041000","Borojó","Anual","48"
"2000","76233","Dagua","Sur","2041100","Brevo","Anual","19,5"
"2000","76233","Dagua","Sur","2041600","Chontaduro","Anual","290"
"2000","76377","La Cumbre","Sur","2044400","Manzana","Anual","9"
"2000","76670","San Pedro","Centro","2044800","Morera","Anual","264"
"2000","76563","Pradera","Sur","2043800","Macadamia","Anual","0"
"2022","76126","Calima Darién","Centro","2044500","Maracuyá","Anual","26,67"
"2022","76892","Yumbo","Sur","2046800","Zapote","Anual","10"
"2021","76109","Buenaventura","Pacifico","2045601","Piña","Anual","1"
"2021","76828","Trujillo","Centro","2042800","Granadilla","Anual","14"
"2020","76111","Buga","Centro","2044201","Mango","Anual","18"
"2020","76126","Calima Darién","Centro","2042800","Granadilla","Anual","8"
"2020","76246","El Cairo","Norte","2042700","Fresa","Anual","5"
"2019","76606","Restrepo","Centro","2042800","Granadilla","Anual","8"
"2019","76892","Yumbo","Sur","2045601","Piña","Anual","60"
"2018","76243","El Aguila","Norte","2042400","Durazno","Anual","5"
"2018","76892","Yumbo","Sur","2046800","Zapote","Anual","12"
"2018","76111","Buga","Centro","2042700","Fresa","Anual","30"
"2017","76520","Palmira","Sur","2042200","Curuba","Anual","12"
"2017","76892","Yumbo","Sur","2044700","Mora","Anual","5"
"2016","76041","Ansermanuevo","Norte","2044500","Maracuyá","Anual","9"
"2016","76622","Roldanillo","Norte","2042400","Durazno","Anual","23"
"2015","76892","Yumbo","Sur","2046800","Zapote","Anual","12"
"2013","76828","Trujillo","Centro","2042900","Guanábana","Anual","22"
"2013","76616","Riofrío","Centro","2042900","Guanábana","Anual","22"
"2012","76828","Trujillo","Centro","2045601","Piña","Anual","20"
"2012","76863","Versalles","Norte","2045700","Pitaya","Anual","8"
"2011","76863","Versalles","Norte","2044500","Maracuyá","Anual","8"
"2009","76250","El Dovio","Norte","2045700","Pitaya","Anual","7"
"2009","76892","Yumbo","Sur","2044700","Mora","Anual","4"
"2009","76892","Yumbo","Sur","2046300","Tomate de Árbol","Anual","6"
"2008","76250","El Dovio","Norte","2044500","Maracuyá","Anual","5"
"2008","76250","El Dovio","Norte","2044700","Mora","Anual","3"
"2008","76250","El Dovio","Norte","2045700","Pitaya","Anual","8"
"2007","76250","El Dovio","Norte","2045700","Pitaya","Anual","8"
"2007","76126","Calima Darién","Centro","2046300","Tomate de Árbol","Anual","17"
"2005","76520","Palmira","Sur","2042900","Guanábana","Anual","9"
"2005","76670","San Pedro","Centro","2042900","Guanábana","Anual","8"
"2005","76863","Versalles","Norte","2044700","Mora","Anual","9"
"2004","76520","Palmira","Sur","2042900","Guanábana","Anual","7"
"2004","76520","Palmira","Sur","2044500","Maracuyá","Anual","20"
"2004","76606","Restrepo","Centro","2045301","Papaya","Anual","15"
"2004","76670","San Pedro","Centro","2042900","Guanábana","Anual","8"
"2004","76041","Ansermanuevo","Norte","2044700","Mora","Anual","5"
"2004","76126","Calima Darién","Centro","2041100","Brevo","Anual","8"
"2004","76863","Versalles","Norte","2044500","Maracuyá","Anual","26"
"2003","76670","San Pedro","Centro","2045301","Papaya","Anual","12"
"2003","76606","Restrepo","Centro","2045301","Papaya","Anual","15"
"2003","76250","El Dovio","Norte","2045601","Piña","Anual","39"
"2003","76250","El Dovio","Norte","2045301","Papaya","Anual","10"
"2003","76246","El Cairo","Norte","2045700","Pitaya","Anual","7"
"2002","76616","Riofrío","Centro","2044800","Morera","Anual","25"
"2002","76306","Ginebra","Sur","2046800","Zapote","Anual","7"
"2002","76863","Versalles","Norte","2041100","Brevo","Anual","10"
"2001","76318","Guacarí","Centro","2045301","Papaya","Anual","10"
"2001","76377","La Cumbre","Sur","2044500","Maracuyá","Anual","13"
"2001","76275","Florida","Sur","2045301","Papaya","Anual","12"
"2001","76306","Ginebra","Sur","2046800","Zapote","Anual","7"
"2000","76111","Buga","Centro","2042700","Fresa","Anual","2"
"2000","76892","Yumbo","Sur","2046300","Tomate de Árbol","Anual","7"
"2022","76606","Restrepo","Centro","2046300","Tomate de Árbol","Anual","15"
"2022","76243","El Aguila","Norte","2044101","Mandarina","Anual","7"
"2022","76892","Yumbo","Sur","2043100","Gulupa","Anual","25"
"2022","76243","El Aguila","Norte","2042700","Fresa","Anual","10"
"2022","76364","Jamundí","Sur","2046800","Zapote","Anual","5"
"2022","76243","El Aguila","Norte","2042400","Durazno","Anual","12"
"2021","76275","Florida","Sur","2045700","Pitaya","Anual","6"
"2021","76364","Jamundí","Sur","2045301","Papaya","Anual","35"
"2021","76606","Restrepo","Centro","2046300","Tomate de Árbol","Anual","15"
"2021","76243","El Aguila","Norte","2044101","Mandarina","Anual","3,32"
"2021","76243","El Aguila","Norte","2042400","Durazno","Anual","12"
"2021","76243","El Aguila","Norte","2042700","Fresa","Anual","10"
"2021","76892","Yumbo","Sur","2046800","Zapote","Anual","12"
"2021","76275","Florida","Sur","2042700","Fresa","Anual","5"
"2020","76606","Restrepo","Centro","2046300","Tomate de Árbol","Anual","15"
"2020","76364","Jamundí","Sur","2046300","Tomate de Árbol","Anual","15"
"2020","76246","El Cairo","Norte","2044700","Mora","Anual","2"
"2020","76275","Florida","Sur","2045700","Pitaya","Anual","5"
"2020","76243","El Aguila","Norte","2045601","Piña","Anual","30"
"2020","76275","Florida","Sur","2042700","Fresa","Anual","35"
"2020","76111","Buga","Centro","2041100","Brevo","Anual","7"
"2020","76622","Roldanillo","Norte","2042700","Fresa","Anual","43,33"
"2019","76606","Restrepo","Centro","2046300","Tomate de Árbol","Anual","15"
"2019","76364","Jamundí","Sur","2046300","Tomate de Árbol","Anual","15"
"2019","76111","Buga","Centro","2044201","Mango","Anual","12"
"2019","76275","Florida","Sur","2045700","Pitaya","Anual","5"
"2019","76111","Buga","Centro","2042700","Fresa","Anual","30"
"2019","76111","Buga","Centro","2041100","Brevo","Anual","7"
"2019","76892","Yumbo","Sur","2045700","Pitaya","Anual","12"
"2018","76606","Restrepo","Centro","2046300","Tomate de Árbol","Anual","15"
"2018","76111","Buga","Centro","2044201","Mango","Anual","12"
"2018","76275","Florida","Sur","2045700","Pitaya","Anual","5"
"2018","76246","El Cairo","Norte","2044700","Mora","Anual","5"
"2018","76845","Ulloa","Norte","2043800","Macadamia","Anual","5"
"2018","76892","Yumbo","Sur","2045700","Pitaya","Anual","12"
"2017","76606","Restrepo","Centro","2042800","Granadilla","Anual","8"
"2017","76606","Restrepo","Centro","2046300","Tomate de Árbol","Anual","18"
"2017","76275","Florida","Sur","2045700","Pitaya","Anual","5"
"2016","76520","Palmira","Sur","2042200","Curuba","Anual","7"
"2016","76606","Restrepo","Centro","2046300","Tomate de Árbol","Anual","18"
"2016","76606","Restrepo","Centro","2042800","Granadilla","Anual","8"
"2016","76275","Florida","Sur","2045700","Pitaya","Anual","10"
"2016","76243","El Aguila","Norte","2044500","Maracuyá","Anual","10"
"2016","76246","El Cairo","Norte","2042700","Fresa","Anual","35"
"2016","76892","Yumbo","Sur","2045301","Papaya","Anual","20"
"2015","76520","Palmira","Sur","2042200","Curuba","Anual","7"
"2015","76606","Restrepo","Centro","2046300","Tomate de Árbol","Anual","15"
"2015","76606","Restrepo","Centro","2042800","Granadilla","Anual","8"
"2015","76845","Ulloa","Norte","2040901","Bananito","Anual","23"
"2015","76020","Alcalá","Norte","2040901","Bananito","Anual","7"
"2015","76041","Ansermanuevo","Norte","2044500","Maracuyá","Anual","12"
"2015","76275","Florida","Sur","2045700","Pitaya","Anual","10"
"2015","76147","Cartago","Norte","2045301","Papaya","Anual","30"
"2015","76126","Calima Darién","Centro","2045700","Pitaya","Anual","9"
"2015","76622","Roldanillo","Norte","2042400","Durazno","Anual","23"
"2015","76054","Argelia","Norte","2042700","Fresa","Anual","3"
"2015","76892","Yumbo","Sur","2046300","Tomate de Árbol","Anual","5"
"2014","76520","Palmira","Sur","2042800","Granadilla","Anual","7"
"2014","76606","Restrepo","Centro","2046300","Tomate de Árbol","Anual","18"
"2014","76606","Restrepo","Centro","2042800","Granadilla","Anual","8"
"2014","76020","Alcalá","Norte","2040901","Bananito","Anual","7"
"2014","76041","Ansermanuevo","Norte","2044500","Maracuyá","Anual","12"
"2014","76126","Calima Darién","Centro","2045700","Pitaya","Anual","9"
"2014","76622","Roldanillo","Norte","2042400","Durazno","Anual","23"
"2014","76892","Yumbo","Sur","2046800","Zapote","Anual","5"
"2014","76892","Yumbo","Sur","2046300","Tomate de Árbol","Anual","6"
"2013","76606","Restrepo","Centro","2042800","Granadilla","Anual","8"
"2013","76041","Ansermanuevo","Norte","2044500","Maracuyá","Anual","12"
"2013","76126","Calima Darién","Centro","2045700","Pitaya","Anual","9"
"2013","76892","Yumbo","Sur","2046800","Zapote","Anual","5"
"2013","76892","Yumbo","Sur","2046300","Tomate de Árbol","Anual","6"
"2012","76606","Restrepo","Centro","2042800","Granadilla","Anual","8"
"2012","76111","Buga","Centro","2046600","Vid","Anual","2"
"2012","76892","Yumbo","Sur","2046800","Zapote","Anual","5"
"2011","76828","Trujillo","Centro","2042900","Guanábana","Anual","12"
"2011","76828","Trujillo","Centro","2045601","Piña","Anual","80"
"2011","76111","Buga","Centro","2046600","Vid","Anual","2"
"2011","76250","El Dovio","Norte","2044500","Maracuyá","Anual","5"
"2011","76892","Yumbo","Sur","2045700","Pitaya","Anual","4"
"2010","76828","Trujillo","Centro","2045601","Piña","Anual","80"
"2010","76111","Buga","Centro","2046600","Vid","Anual","3"
"2010","76892","Yumbo","Sur","2045700","Pitaya","Anual","4"
"2009","76111","Buga","Centro","2046600","Vid","Anual","3"
"2009","76364","Jamundí","Sur","2042700","Fresa","Anual","50"
"2009","76892","Yumbo","Sur","2045700","Pitaya","Anual","4"
"2008","76111","Buga","Centro","2046600","Vid","Anual","2"
"2008","76364","Jamundí","Sur","2042700","Fresa","Anual","50"
"2008","76892","Yumbo","Sur","2045700","Pitaya","Anual","4"
"2008","76892","Yumbo","Sur","2046300","Tomate de Árbol","Anual","6"
"2007","76111","Buga","Centro","2046600","Vid","Anual","3"
"2007","76126","Calima Darién","Centro","2041100","Brevo","Anual","8"
"2007","76001","Cali","Sur","2042700","Fresa","Anual","4"
"2007","76892","Yumbo","Sur","2044400","Manzana","Anual","10"
"2007","76126","Calima Darién","Centro","2041100","Brevo","Anual","8"
"2006","76111","Buga","Centro","2046600","Vid","Anual","3"
"2005","76111","Buga","Centro","2046600","Vid","Anual","3"
"2005","76126","Calima Darién","Centro","2042800","Granadilla","Anual","8"
"2004","76111","Buga","Centro","2046600","Vid","Anual","10"
"2004","76111","Buga","Centro","2045700","Pitaya","Anual","6"
"2004","76036","Andalucia","Centro","2046600","Vid","Anual","10"
"2004","76250","El Dovio","Norte","2046300","Tomate de Árbol","Anual","13"
"2004","76890","Yotoco","Centro","2042900","Guanábana","Anual","8"
"2003","76520","Palmira","Sur","2042900","Guanábana","Anual","9"
"2003","76520","Palmira","Sur","2044500","Maracuyá","Anual","18"
"2003","76670","San Pedro","Centro","2042900","Guanábana","Anual","8"
"2003","76111","Buga","Centro","2046600","Vid","Anual","10"
"2003","76036","Andalucia","Centro","2046600","Vid","Anual","10"
"2003","76111","Buga","Centro","2044800","Morera","Anual","12"
"2003","76863","Versalles","Norte","2044500","Maracuyá","Anual","10"
"2003","76890","Yotoco","Centro","2042900","Guanábana","Anual","9"
"2002","76520","Palmira","Sur","2042900","Guanábana","Anual","8"
"2002","76520","Palmira","Sur","2044500","Maracuyá","Anual","18"
"2002","76670","San Pedro","Centro","2045301","Papaya","Anual","14"
"2002","76111","Buga","Centro","2046600","Vid","Anual","4"
"2002","76036","Andalucia","Centro","2046600","Vid","Anual","6"
"2002","76250","El Dovio","Norte","2045601","Piña","Anual","39"
"2002","76250","El Dovio","Norte","2045301","Papaya","Anual","10"
"2002","76111","Buga","Centro","2042700","Fresa","Anual","2"
"2002","76890","Yotoco","Centro","2042900","Guanábana","Anual","8"
"2001","76520","Palmira","Sur","2042900","Guanábana","Anual","8"
"2001","76670","San Pedro","Centro","2045301","Papaya","Anual","14"
"2001","76111","Buga","Centro","2046600","Vid","Anual","4"
"2001","76036","Andalucia","Centro","2046600","Vid","Anual","6"
"2001","76111","Buga","Centro","2042700","Fresa","Anual","2"
"2000","76377","La Cumbre","Sur","2044500","Maracuyá","Anual","10"
"2000","76670","San Pedro","Centro","2042200","Curuba","Anual","12"
"2000","76111","Buga","Centro","2046600","Vid","Anual","4,5"
"2000","76036","Andalucia","Centro","2046600","Vid","Anual","6"
"2000","76306","Ginebra","Sur","2046800","Zapote","Anual","7"
"2000","76020","Alcalá","Norte","2044800","Morera","Anual","2"
"2022","76606","Restrepo","Centro","2043000","Guayaba","Anual","80"
"2021","76100","Bolivar","Norte","2046300","Tomate de Árbol","Anual","70"
"2021","76122","Caicedonia","Centro","2044500","Maracuyá","Anual","40"
"2021","76834","Tuluá","Centro","2042800","Granadilla","Anual","80"
"2020","76126","Calima Darién","Centro","2044700","Mora","Anual","80"
"2019","76616","Riofrío","Centro","2045601","Piña","Anual","600"
"2019","76616","Riofrío","Centro","2044500","Maracuyá","Anual","150"
"2018","76111","Buga","Centro","2044700","Mora","Anual","80"
"2018","76147","Cartago","Norte","2042900","Guanábana","Anual","90"
"2017","76520","Palmira","Sur","2043000","Guayaba","Anual","110"
"2017","76606","Restrepo","Centro","2043000","Guayaba","Anual","80"
"2017","76497","Obando","Norte","2044500","Maracuyá","Anual","280"
"2017","76823","Toro","Norte","2042800","Granadilla","Anual","70"
"2017","76036","Andalucia","Centro","2044500","Maracuyá","Anual","200"
"2016","76823","Toro","Norte","2045601","Piña","Anual","500"
"2016","76113","Bugalagrande","Centro","2044500","Maracuyá","Anual","120"
"2016","76036","Andalucia","Centro","2045301","Papaya","Anual","120"
"2016","76041","Ansermanuevo","Norte","2042900","Guanábana","Anual","60"
"2016","76863","Versalles","Norte","2044500","Maracuyá","Anual","200"
"2015","76377","La Cumbre","Sur","2043700","Lulo","Anual","60"
"2015","76736","Sevilla","Centro","2042800","Granadilla","Anual","150"
"2015","76275","Florida","Sur","2045301","Papaya","Anual","280"
"2015","76246","El Cairo","Norte","2043700","Lulo","Anual","140"
"2015","76892","Yumbo","Sur","2043700","Lulo","Anual","39"
"2014","76364","Jamundí","Sur","2044500","Maracuyá","Anual","209"
"2014","76403","La Victoria","Norte","2044500","Maracuyá","Anual","260"
"2014","76828","Trujillo","Centro","2044500","Maracuyá","Anual","200"
"2014","76736","Sevilla","Centro","2042800","Granadilla","Anual","150"
"2014","76306","Ginebra","Sur","2045301","Papaya","Anual","300"
"2014","76130","Candelaria","Sur","2044500","Maracuyá","Anual","263"
"2013","76403","La Victoria","Norte","2044201","Mango","Anual","60"
"2013","76736","Sevilla","Centro","2042800","Granadilla","Anual","150"
"2013","76828","Trujillo","Centro","2043000","Guayaba","Anual","80"
"2013","76606","Restrepo","Centro","2044700","Mora","Anual","80"
"2013","76306","Ginebra","Sur","2045301","Papaya","Anual","300"
"2013","76111","Buga","Centro","2045301","Papaya","Anual","120"
"2013","76001","Cali","Sur","2044700","Mora","Anual","55"
"2013","76130","Candelaria","Sur","2044500","Maracuyá","Anual","400"
"2013","76895","Zarzal","Norte","2042900","Guanábana","Anual","190"
"2013","76892","Yumbo","Sur","2044500","Maracuyá","Anual","160"
"2012","76111","Buga","Centro","2045301","Papaya","Anual","90"
"2012","76001","Cali","Sur","2043700","Lulo","Anual","10"
"2012","76001","Cali","Sur","2046300","Tomate de Árbol","Anual","90"
"2012","76869","Vijes","Sur","2044201","Mango","Anual","15"
"2012","76869","Vijes","Sur","2045301","Papaya","Anual","900"
"2012","76863","Versalles","Norte","2042800","Granadilla","Anual","140"
"2011","76111","Buga","Centro","2045301","Papaya","Anual","90"
"2011","76036","Andalucia","Centro","2044500","Maracuyá","Anual","350"
"2011","76054","Argelia","Norte","2043700","Lulo","Anual","28"
"2011","76126","Calima Darién","Centro","2042800","Granadilla","Anual","90"
"2010","76670","San Pedro","Centro","2046300","Tomate de Árbol","Anual","70"
"2010","76670","San Pedro","Centro","2044700","Mora","Anual","70"
"2010","76890","Yotoco","Centro","2045601","Piña","Anual","500"
"2009","76606","Restrepo","Centro","2044500","Maracuyá","Anual","120"
"2009","76001","Cali","Sur","2043000","Guayaba","Anual","80"
"2008","76100","Bolivar","Norte","2046600","Vid","Anual","158"
"2008","76001","Cali","Sur","2043700","Lulo","Anual","88"
"2008","76275","Florida","Sur","2042900","Guanábana","Anual","100"
"2008","76122","Caicedonia","Centro","2042900","Guanábana","Anual","120"
"2007","76001","Cali","Sur","2043700","Lulo","Anual","88"
"2007","76250","El Dovio","Norte","2042800","Granadilla","Anual","50"
"2006","76246","El Cairo","Norte","2044700","Mora","Anual","45"
"2005","76041","Ansermanuevo","Norte","2044700","Mora","Anual","45"
"2004","76111","Buga","Centro","2044500","Maracuyá","Anual","100"
"2004","76041","Ansermanuevo","Norte","2045700","Pitaya","Anual","68"
"2004","76243","El Aguila","Norte","2043700","Lulo","Anual","70"
"2003","76001","Cali","Sur","2044700","Mora","Anual","45"
"2003","76041","Ansermanuevo","Norte","2042900","Guanábana","Anual","150"
"2003","76275","Florida","Sur","2046300","Tomate de Árbol","Anual","115"
"2003","76233","Dagua","Sur","2046300","Tomate de Árbol","Anual","120"
"2003","76892","Yumbo","Sur","2045601","Piña","Anual","470"
"2002","76892","Yumbo","Sur","2044201","Mango","Anual","100"
"2001","76616","Riofrío","Centro","2044700","Mora","Anual","20"
"2001","76616","Riofrío","Centro","2042800","Granadilla","Anual","95"
"2001","76892","Yumbo","Sur","2044201","Mango","Anual","100"
"2000","76400","La Unión","Norte","2046300","Tomate de Árbol","Anual","85"
"2000","76111","Buga","Centro","2045601","Piña","Anual","900"
"2000","76275","Florida","Sur","2044201","Mango","Anual","150"
"2000","76246","El Cairo","Norte","2043700","Lulo","Anual","80"
"2022","76823","Toro","Norte","2044500","Maracuyá","Anual","300"
"2022","76823","Toro","Norte","2042900","Guanábana","Anual","100"
"2022","76736","Sevilla","Centro","2044500","Maracuyá","Anual","210"
"2022","76616","Riofrío","Centro","2045601","Piña","Anual","90"
"2022","76001","Cali","Sur","2044700","Mora","Anual","80"
"2022","76111","Buga","Centro","2046300","Tomate de Árbol","Anual","170"
"2022","76100","Bolivar","Norte","2044700","Mora","Anual","50"
"2022","76001","Cali","Sur","2043601","Limón","Anual","100"
"2022","76243","El Aguila","Norte","2043700","Lulo","Anual","150"
"2022","76147","Cartago","Norte","2042900","Guanábana","Anual","250"
"2022","76834","Tuluá","Centro","2042700","Fresa","Anual","300"
"2022","76834","Tuluá","Centro","2044500","Maracuyá","Anual","200"
"2022","76828","Trujillo","Centro","2044500","Maracuyá","Anual","120"
"2021","76670","San Pedro","Centro","2044201","Mango","Anual","150"
"2021","76670","San Pedro","Centro","2046600","Vid","Anual","40"
"2021","76823","Toro","Norte","2044500","Maracuyá","Anual","300"
"2021","76736","Sevilla","Centro","2044500","Maracuyá","Anual","150"
"2021","76563","Pradera","Sur","2044700","Mora","Anual","50"
"2021","76616","Riofrío","Centro","2045601","Piña","Anual","98"
"2021","76111","Buga","Centro","2046300","Tomate de Árbol","Anual","180"
"2021","76001","Cali","Sur","2043601","Limón","Anual","100"
"2021","76001","Cali","Sur","2044700","Mora","Anual","80"
"2021","76147","Cartago","Norte","2042900","Guanábana","Anual","80"
"2021","76736","Sevilla","Centro","2042700","Fresa","Anual","180"
"2021","76834","Tuluá","Centro","2044500","Maracuyá","Anual","200"
"2020","76823","Toro","Norte","2043700","Lulo","Anual","150"
"2020","76670","San Pedro","Centro","2046600","Vid","Anual","40"
"2020","76001","Cali","Sur","2044700","Mora","Anual","80"
"2020","76147","Cartago","Norte","2042900","Guanábana","Anual","60"
"2020","76736","Sevilla","Centro","2042700","Fresa","Anual","180"
"2020","76036","Andalucia","Centro","2046800","Zapote","Anual","120"
"2019","76606","Restrepo","Centro","2045700","Pitaya","Anual","80"
"2019","76001","Cali","Sur","2044700","Mora","Anual","80"
"2019","76122","Caicedonia","Centro","2045601","Piña","Anual","600"
"2019","76036","Andalucia","Centro","2046800","Zapote","Anual","120"
"2018","76834","Tuluá","Centro","2044500","Maracuyá","Anual","200"
"2018","76616","Riofrío","Centro","2044700","Mora","Anual","50"
"2018","76622","Roldanillo","Norte","2043700","Lulo","Anual","100"
"2018","76001","Cali","Sur","2044700","Mora","Anual","80"
"2018","76036","Andalucia","Centro","2046800","Zapote","Anual","100"
"2018","76890","Yotoco","Centro","2044500","Maracuyá","Anual","270"
"2017","76622","Roldanillo","Norte","2043700","Lulo","Anual","100"
"2017","76001","Cali","Sur","2044700","Mora","Anual","70"
"2017","76036","Andalucia","Centro","2046800","Zapote","Anual","80"
"2016","76520","Palmira","Sur","2043000","Guayaba","Anual","110"
"2016","76364","Jamundí","Sur","2043000","Guayaba","Anual","80"
"2016","76823","Toro","Norte","2042800","Granadilla","Anual","70"
"2016","76622","Roldanillo","Norte","2043700","Lulo","Anual","100"
"2016","76001","Cali","Sur","2044700","Mora","Anual","70"
"2016","76248","El Cerrito","Sur","2044500","Maracuyá","Anual","200"
"2016","76036","Andalucia","Centro","2046800","Zapote","Anual","100"
"2016","76895","Zarzal","Norte","2042900","Guanábana","Anual","95"
"2015","76520","Palmira","Sur","2043000","Guayaba","Anual","110"
"2015","76364","Jamundí","Sur","2044700","Mora","Anual","86"
"2015","76863","Versalles","Norte","2044500","Maracuyá","Anual","200"
"2015","76113","Bugalagrande","Centro","2045700","Pitaya","Anual","100"
"2015","76113","Bugalagrande","Centro","2044500","Maracuyá","Anual","120"
"2015","76001","Cali","Sur","2044700","Mora","Anual","70"
"2015","76041","Ansermanuevo","Norte","2042900","Guanábana","Anual","100"
"2015","76036","Andalucia","Centro","2046800","Zapote","Anual","100"
"2015","76892","Yumbo","Sur","2042900","Guanábana","Anual","150"
"2014","76520","Palmira","Sur","2043000","Guayaba","Anual","110"
"2014","76113","Bugalagrande","Centro","2044500","Maracuyá","Anual","140"
"2014","76113","Bugalagrande","Centro","2045700","Pitaya","Anual","120"
"2014","76020","Alcalá","Norte","2043700","Lulo","Anual","80"
"2014","76041","Ansermanuevo","Norte","2042900","Guanábana","Anual","100"
"2014","76036","Andalucia","Centro","2046800","Zapote","Anual","120"
"2014","76892","Yumbo","Sur","2044500","Maracuyá","Anual","160"
"2013","76113","Bugalagrande","Centro","2045700","Pitaya","Anual","120"
"2013","76041","Ansermanuevo","Norte","2042900","Guanábana","Anual","100"
"2013","76041","Ansermanuevo","Norte","2044201","Mango","Anual","50"
"2013","76036","Andalucia","Centro","2046800","Zapote","Anual","120"
"2013","76834","Tuluá","Centro","2046600","Vid","Anual","140"
"2012","76834","Tuluá","Centro","2046600","Vid","Anual","140"
"2012","76100","Bolivar","Norte","2041600","Chontaduro","Anual","80"
"2012","76036","Andalucia","Centro","2044500","Maracuyá","Anual","350"
"2012","76041","Ansermanuevo","Norte","2044201","Mango","Anual","50"
"2012","76248","El Cerrito","Sur","2044700","Mora","Anual","50"
"2012","76113","Bugalagrande","Centro","2045700","Pitaya","Anual","120"
"2012","76130","Candelaria","Sur","2044500","Maracuyá","Anual","400"
"2012","76895","Zarzal","Norte","2042900","Guanábana","Anual","150"
"2012","76892","Yumbo","Sur","2045601","Piña","Anual","350"
"2012","76892","Yumbo","Sur","2042900","Guanábana","Anual","50"
"2011","76834","Tuluá","Centro","2046600","Vid","Anual","140"
"2011","76100","Bolivar","Norte","2041600","Chontaduro","Anual","80"
"2011","76041","Ansermanuevo","Norte","2044201","Mango","Anual","100"
"2011","76113","Bugalagrande","Centro","2045700","Pitaya","Anual","120"
"2011","76248","El Cerrito","Sur","2044700","Mora","Anual","50"
"2011","76869","Vijes","Sur","2044201","Mango","Anual","10"
"2010","76497","Obando","Norte","2044500","Maracuyá","Anual","170"
"2010","76834","Tuluá","Centro","2046600","Vid","Anual","140"
"2010","76054","Argelia","Norte","2043700","Lulo","Anual","28"
"2010","76041","Ansermanuevo","Norte","2044201","Mango","Anual","100"
"2010","76248","El Cerrito","Sur","2044700","Mora","Anual","50"
"2010","76306","Ginebra","Sur","2042200","Curuba","Anual","80"
"2010","76869","Vijes","Sur","2044201","Mango","Anual","10"
"2009","76364","Jamundí","Sur","2043700","Lulo","Anual","150"
"2009","76834","Tuluá","Centro","2046600","Vid","Anual","140"
"2009","76054","Argelia","Norte","2043700","Lulo","Anual","28"
"2009","76041","Ansermanuevo","Norte","2044201","Mango","Anual","100"
"2009","76248","El Cerrito","Sur","2044700","Mora","Anual","50"
"2009","76306","Ginebra","Sur","2042200","Curuba","Anual","80"
"2009","76890","Yotoco","Centro","2045700","Pitaya","Anual","60"
"2008","76520","Palmira","Sur","2046600","Vid","Anual","110"
"2008","76834","Tuluá","Centro","2046600","Vid","Anual","100"
"2008","76041","Ansermanuevo","Norte","2044201","Mango","Anual","100"
"2008","76248","El Cerrito","Sur","2044700","Mora","Anual","50"
"2008","76306","Ginebra","Sur","2042200","Curuba","Anual","80"
"2008","76126","Calima Darién","Centro","2045700","Pitaya","Anual","90"
"2008","76892","Yumbo","Sur","2043000","Guayaba","Anual","90"
"2007","76403","La Victoria","Norte","2041600","Chontaduro","Anual","100"
"2007","76520","Palmira","Sur","2046600","Vid","Anual","110"
"2007","76364","Jamundí","Sur","2045601","Piña","Anual","300"
"2007","76364","Jamundí","Sur","2045301","Papaya","Anual","100"
"2007","76111","Buga","Centro","2045301","Papaya","Anual","100"
"2007","76306","Ginebra","Sur","2042200","Curuba","Anual","80"
"2007","76869","Vijes","Sur","2044201","Mango","Anual","60"
"2006","76400","La Unión","Norte","2044201","Mango","Anual","120"
"2006","76403","La Victoria","Norte","2044500","Maracuyá","Anual","300"
"2006","76520","Palmira","Sur","2046600","Vid","Anual","110"
"2006","76364","Jamundí","Sur","2043000","Guayaba","Anual","82"
"2006","76823","Toro","Norte","2042800","Granadilla","Anual","95"
"2006","76001","Cali","Sur","2043700","Lulo","Anual","50"
"2006","76306","Ginebra","Sur","2042200","Curuba","Anual","80"
"2006","76275","Florida","Sur","2042200","Curuba","Anual","60"
"2006","76318","Guacarí","Centro","2044800","Morera","Anual","80"
"2006","76869","Vijes","Sur","2044201","Mango","Anual","95"
"2005","76403","La Victoria","Norte","2041600","Chontaduro","Anual","100"
"2005","76520","Palmira","Sur","2044700","Mora","Anual","45"
"2005","76400","La Unión","Norte","2044201","Mango","Anual","110"
"2005","76828","Trujillo","Centro","2042800","Granadilla","Anual","120"
"2005","76001","Cali","Sur","2043700","Lulo","Anual","50"
"2005","76306","Ginebra","Sur","2042200","Curuba","Anual","80"
"2004","76400","La Unión","Norte","2044201","Mango","Anual","110"
"2004","76001","Cali","Sur","2043700","Lulo","Anual","50"
"2003","76400","La Unión","Norte","2044201","Mango","Anual","110"
"2003","76111","Buga","Centro","2044500","Maracuyá","Anual","100"
"2003","76001","Cali","Sur","2043700","Lulo","Anual","60"
"2003","76403","La Victoria","Norte","2041800","Ciruela","Anual","91"
"2003","76318","Guacarí","Centro","2044800","Morera","Anual","100"
"2002","76400","La Unión","Norte","2044201","Mango","Anual","120"
"2002","76834","Tuluá","Centro","2043000","Guayaba","Anual","60"
"2002","76111","Buga","Centro","2044500","Maracuyá","Anual","100"
"2002","76001","Cali","Sur","2043700","Lulo","Anual","60"
"2002","76001","Cali","Sur","2044700","Mora","Anual","35"
"2002","76275","Florida","Sur","2046300","Tomate de Árbol","Anual","100"
"2002","76403","La Victoria","Norte","2041800","Ciruela","Anual","90"
"2002","76318","Guacarí","Centro","2044800","Morera","Anual","80"
"2001","76400","La Unión","Norte","2044201","Mango","Anual","120"
"2001","76001","Cali","Sur","2043700","Lulo","Anual","60"
"2001","76001","Cali","Sur","2044700","Mora","Anual","39"
"2001","76403","La Victoria","Norte","2041800","Ciruela","Anual","90"
"2000","76403","La Victoria","Norte","2041600","Chontaduro","Anual","70"
"2000","76400","La Unión","Norte","2044201","Mango","Anual","120"
"2000","76403","La Victoria","Norte","2041800","Ciruela","Anual","90"
"2022","76670","San Pedro","Centro","2046600","Vid","Anual","16"
"2022","76606","Restrepo","Centro","2040201","Aguacate Hass","Anual","36"
"2022","76863","Versalles","Norte","2043000","Guayaba","Anual","32"
"2021","76403","La Victoria","Norte","2044500","Maracuyá","Anual","16,84"
"2021","76497","Obando","Norte","2044500","Maracuyá","Anual","32"
"2021","76306","Ginebra","Sur","2040201","Aguacate Hass","Anual","24"
"2021","76823","Toro","Norte","2042800","Granadilla","Anual","32"
"2021","76041","Ansermanuevo","Norte","2043000","Guayaba","Anual","72"
"2021","76126","Calima Darién","Centro","2043000","Guayaba","Anual","87,52"
"2021","76890","Yotoco","Centro","2043700","Lulo","Anual","44"
"2021","76869","Vijes","Sur","2043700","Lulo","Anual","48"
"2020","76403","La Victoria","Norte","2042900","Guanábana","Anual","160"
"2020","76736","Sevilla","Centro","2045301","Papaya","Anual","56"
"2020","76306","Ginebra","Sur","2043700","Lulo","Anual","32"
"2019","76616","Riofrío","Centro","2042900","Guanábana","Anual","48"
"2019","76622","Roldanillo","Norte","2044700","Mora","Anual","48"
"2019","76248","El Cerrito","Sur","2044500","Maracuyá","Anual","80"
"2019","76306","Ginebra","Sur","2044500","Maracuyá","Anual","60"
"2019","76243","El Aguila","Norte","2044500","Maracuyá","Anual","80"
"2018","76616","Riofrío","Centro","2042900","Guanábana","Anual","48"
"2018","76364","Jamundí","Sur","2043000","Guayaba","Anual","38"
"2018","76845","Ulloa","Norte","2043700","Lulo","Anual","36"
"2018","76306","Ginebra","Sur","2044500","Maracuyá","Anual","60"
"2017","76616","Riofrío","Centro","2042900","Guanábana","Anual","48"
"2017","76606","Restrepo","Centro","2044700","Mora","Anual","32"
"2017","76111","Buga","Centro","2043700","Lulo","Anual","24"
"2017","76111","Buga","Centro","2044500","Maracuyá","Anual","36"
"2017","76306","Ginebra","Sur","2042800","Granadilla","Anual","36"
"2017","76243","El Aguila","Norte","2044700","Mora","Anual","24"
"2017","76892","Yumbo","Sur","2042900","Guanábana","Anual","60"
"2016","76616","Riofrío","Centro","2042900","Guanábana","Anual","48"
"2016","76616","Riofrío","Centro","2045601","Piña","Anual","240"
"2016","76111","Buga","Centro","2044500","Maracuyá","Anual","36"
"2016","76111","Buga","Centro","2043700","Lulo","Anual","24"
"2016","76890","Yotoco","Centro","2045700","Pitaya","Anual","40"
"2015","76364","Jamundí","Sur","2045301","Papaya","Anual","149"
"2015","76622","Roldanillo","Norte","2044700","Mora","Anual","12"
"2015","76622","Roldanillo","Norte","2042800","Granadilla","Anual","32"
"2015","76622","Roldanillo","Norte","2043700","Lulo","Anual","40"
"2015","76020","Alcalá","Norte","2043000","Guayaba","Anual","60"
"2015","76275","Florida","Sur","2044201","Mango","Anual","64"
"2015","76243","El Aguila","Norte","2045601","Piña","Anual","140"
"2015","76892","Yumbo","Sur","2042800","Granadilla","Anual","36"
"2014","76364","Jamundí","Sur","2045601","Piña","Anual","240"
"2014","76403","La Victoria","Norte","2046600","Vid","Anual","36"
"2014","76403","La Victoria","Norte","2045301","Papaya","Anual","64"
"2014","76126","Calima Darién","Centro","2042800","Granadilla","Anual","36"
"2014","76890","Yotoco","Centro","2045601","Piña","Anual","320"
"2013","76364","Jamundí","Sur","2044500","Maracuyá","Anual","90"
"2013","76364","Jamundí","Sur","2045301","Papaya","Anual","105"
"2013","76828","Trujillo","Centro","2043700","Lulo","Anual","48"
"2013","76020","Alcalá","Norte","2045301","Papaya","Anual","320"
"2013","76001","Cali","Sur","2043700","Lulo","Anual","6"
"2013","76001","Cali","Sur","2046300","Tomate de Árbol","Anual","22"
"2013","76250","El Dovio","Norte","2044500","Maracuyá","Anual","20"
"2013","76246","El Cairo","Norte","2042800","Granadilla","Anual","24"
"2013","76275","Florida","Sur","2042800","Granadilla","Anual","32"
"2013","76890","Yotoco","Centro","2043700","Lulo","Anual","48"
"2012","76364","Jamundí","Sur","2045301","Papaya","Anual","120"
"2012","76054","Argelia","Norte","2044700","Mora","Anual","16"
"2012","76041","Ansermanuevo","Norte","2045700","Pitaya","Anual","24"
"2012","76248","El Cerrito","Sur","2044500","Maracuyá","Anual","60"
"2012","76606","Restrepo","Centro","2043800","Macadamia","Anual","14"
"2012","76869","Vijes","Sur","2043700","Lulo","Anual","30"
"2012","76892","Yumbo","Sur","2045301","Papaya","Anual","360"
"2012","76890","Yotoco","Centro","2042800","Granadilla","Anual","35"
"2011","76606","Restrepo","Centro","2044700","Mora","Anual","32"
"2011","76250","El Dovio","Norte","2044700","Mora","Anual","12"
"2011","76130","Candelaria","Sur","2044500","Maracuyá","Anual","160"
"2010","76126","Calima Darién","Centro","2043000","Guayaba","Anual","40"
"2009","76606","Restrepo","Centro","2046300","Tomate de Árbol","Anual","24"
"2009","76111","Buga","Centro","2045301","Papaya","Anual","40"
"2009","76863","Versalles","Norte","2044500","Maracuyá","Anual","60"
"2008","76828","Trujillo","Centro","2043700","Lulo","Anual","16"
"2008","76828","Trujillo","Centro","2045700","Pitaya","Anual","16"
"2008","76670","San Pedro","Centro","2044201","Mango","Anual","60"
"2008","76606","Restrepo","Centro","2040901","Bananito","Anual","32"
"2007","76497","Obando","Norte","2044201","Mango","Anual","46"
"2007","76020","Alcalá","Norte","2040901","Bananito","Anual","40"
"2007","76890","Yotoco","Centro","2043700","Lulo","Anual","14"
"2005","76670","San Pedro","Centro","2044500","Maracuyá","Anual","56"
"2005","76834","Tuluá","Centro","2044201","Mango","Anual","30"
"2004","76318","Guacarí","Centro","2042900","Guanábana","Anual","32"
"2004","76828","Trujillo","Centro","2045601","Piña","Anual","240"
"2004","76670","San Pedro","Centro","2044201","Mango","Anual","60"
"2003","76606","Restrepo","Centro","2046300","Tomate de Árbol","Anual","28"
"2003","76041","Ansermanuevo","Norte","2045301","Papaya","Anual","100"
"2003","76890","Yotoco","Centro","2045301","Papaya","Anual","112"
"2002","76520","Palmira","Sur","2046600","Vid","Anual","60"
"2002","76250","El Dovio","Norte","2046300","Tomate de Árbol","Anual","52"
"2002","76250","El Dovio","Norte","2044700","Mora","Anual","14"
"2002","76306","Ginebra","Sur","2044500","Maracuyá","Anual","100"
"2001","76520","Palmira","Sur","2046600","Vid","Anual","34"
"2001","76845","Ulloa","Norte","2045601","Piña","Anual","260"
"2001","76111","Buga","Centro","2042800","Granadilla","Anual","40"
"2001","76036","Andalucia","Centro","2044500","Maracuyá","Anual","58"
"2001","76250","El Dovio","Norte","2046300","Tomate de Árbol","Anual","43"
"2001","76243","El Aguila","Norte","2043700","Lulo","Anual","28"
"2001","76890","Yotoco","Centro","2044800","Morera","Anual","74"
"2001","76890","Yotoco","Centro","2045601","Piña","Anual","180"
"2001","76890","Yotoco","Centro","2043700","Lulo","Anual","18"
"2000","76670","San Pedro","Centro","2046300","Tomate de Árbol","Anual","28"
"2000","76001","Cali","Sur","2046300","Tomate de Árbol","Anual","28"
"2000","76243","El Aguila","Norte","2042800","Granadilla","Anual","32"
"2022","76100","Bolivar","Norte","2044201","Mango","Anual","20"
"2022","76243","El Aguila","Norte","2044700","Mora","Anual","36"
"2022","76113","Bugalagrande","Centro","2045700","Pitaya","Anual","48"
"2022","76100","Bolivar","Norte","2041600","Chontaduro","Anual","32"
"2022","76147","Cartago","Norte","2044500","Maracuyá","Anual","80"
"2022","76890","Yotoco","Centro","2042900","Guanábana","Anual","60"
"2022","76111","Buga","Centro","2042200","Curuba","Anual","60"
"2022","76834","Tuluá","Centro","2042200","Curuba","Anual","36"
"2022","76248","El Cerrito","Sur","2042700","Fresa","Anual","60"
"2021","76100","Bolivar","Norte","2044201","Mango","Anual","20"
"2021","76100","Bolivar","Norte","2041600","Chontaduro","Anual","32"
"2021","76243","El Aguila","Norte","2044700","Mora","Anual","36"
"2021","76113","Bugalagrande","Centro","2045700","Pitaya","Anual","48"
"2021","76147","Cartago","Norte","2044500","Maracuyá","Anual","40"
"2021","76275","Florida","Sur","2042200","Curuba","Anual","40"
"2021","76248","El Cerrito","Sur","2042700","Fresa","Anual","72"
"2021","76111","Buga","Centro","2042200","Curuba","Anual","64"
"2021","76890","Yotoco","Centro","2042900","Guanábana","Anual","60"
"2020","76497","Obando","Norte","2044500","Maracuyá","Anual","200"
"2020","76403","La Victoria","Norte","2044500","Maracuyá","Anual","120"
"2020","76823","Toro","Norte","2042800","Granadilla","Anual","32"
"2020","76100","Bolivar","Norte","2044201","Mango","Anual","20"
"2020","76113","Bugalagrande","Centro","2045700","Pitaya","Anual","48"
"2020","76100","Bolivar","Norte","2041600","Chontaduro","Anual","32"
"2020","76243","El Aguila","Norte","2044700","Mora","Anual","24"
"2020","76248","El Cerrito","Sur","2042700","Fresa","Anual","72"
"2020","76275","Florida","Sur","2042200","Curuba","Anual","8"
"2020","76111","Buga","Centro","2042200","Curuba","Anual","36"
"2020","76890","Yotoco","Centro","2043700","Lulo","Anual","44"
"2020","76890","Yotoco","Centro","2042900","Guanábana","Anual","60"
"2019","76364","Jamundí","Sur","2042900","Guanábana","Anual","48"
"2019","76364","Jamundí","Sur","2043700","Lulo","Anual","36"
"2019","76403","La Victoria","Norte","2042900","Guanábana","Anual","56"
"2019","76823","Toro","Norte","2042800","Granadilla","Anual","32"
"2019","76100","Bolivar","Norte","2044201","Mango","Anual","20"
"2019","76275","Florida","Sur","2042200","Curuba","Anual","8"
"2019","76248","El Cerrito","Sur","2042700","Fresa","Anual","72"
"2018","76364","Jamundí","Sur","2042900","Guanábana","Anual","48"
"2018","76403","La Victoria","Norte","2042900","Guanábana","Anual","56"
"2018","76100","Bolivar","Norte","2044201","Mango","Anual","20"
"2018","76275","Florida","Sur","2042900","Guanábana","Anual","68"
"2018","76248","El Cerrito","Sur","2044700","Mora","Anual","16"
"2018","76248","El Cerrito","Sur","2044500","Maracuyá","Anual","80"
"2018","76243","El Aguila","Norte","2044500","Maracuyá","Anual","80"
"2018","76275","Florida","Sur","2042200","Curuba","Anual","12"
"2018","76248","El Cerrito","Sur","2042700","Fresa","Anual","72"
"2018","76890","Yotoco","Centro","2043700","Lulo","Anual","44"
"2017","76364","Jamundí","Sur","2042900","Guanábana","Anual","48"
"2017","76100","Bolivar","Norte","2044201","Mango","Anual","40"
"2017","76275","Florida","Sur","2042900","Guanábana","Anual","60"
"2017","76248","El Cerrito","Sur","2042700","Fresa","Anual","72"
"2017","76275","Florida","Sur","2042200","Curuba","Anual","48"
"2016","76520","Palmira","Sur","2046300","Tomate de Árbol","Anual","51"
"2016","76364","Jamundí","Sur","2042900","Guanábana","Anual","26"
"2016","76828","Trujillo","Centro","2043000","Guayaba","Anual","52"
"2016","76828","Trujillo","Centro","2042900","Guanábana","Anual","40"
"2016","76828","Trujillo","Centro","2045301","Papaya","Anual","176"
"2016","76275","Florida","Sur","2042900","Guanábana","Anual","80"
"2016","76275","Florida","Sur","2042200","Curuba","Anual","58"
"2016","76275","Florida","Sur","2046300","Tomate de Árbol","Anual","54"
"2016","76147","Cartago","Norte","2043000","Guayaba","Anual","40"
"2016","76248","El Cerrito","Sur","2042700","Fresa","Anual","72"
"2015","76520","Palmira","Sur","2046300","Tomate de Árbol","Anual","53"
"2015","76364","Jamundí","Sur","2042900","Guanábana","Anual","26"
"2015","76041","Ansermanuevo","Norte","2043700","Lulo","Anual","36"
"2015","76275","Florida","Sur","2042900","Guanábana","Anual","80"
"2015","76275","Florida","Sur","2042200","Curuba","Anual","60"
"2015","76233","Dagua","Sur","2042800","Granadilla","Anual","41"
"2015","76147","Cartago","Norte","2043000","Guayaba","Anual","40"
"2015","76248","El Cerrito","Sur","2044700","Mora","Anual","28"
"2015","76890","Yotoco","Centro","2045700","Pitaya","Anual","20"
"2014","76364","Jamundí","Sur","2042900","Guanábana","Anual","26"
"2014","76622","Roldanillo","Norte","2042800","Granadilla","Anual","32"
"2014","76622","Roldanillo","Norte","2043700","Lulo","Anual","40"
"2014","76622","Roldanillo","Norte","2044700","Mora","Anual","12"
"2014","76616","Riofrío","Centro","2045601","Piña","Anual","200"
"2014","76020","Alcalá","Norte","2043000","Guayaba","Anual","80"
"2014","76041","Ansermanuevo","Norte","2043700","Lulo","Anual","36"
"2014","76275","Florida","Sur","2042900","Guanábana","Anual","96"
"2014","76275","Florida","Sur","2042200","Curuba","Anual","80"
"2014","76248","El Cerrito","Sur","2044700","Mora","Anual","28"
"2014","76275","Florida","Sur","2044201","Mango","Anual","64"
"2014","76147","Cartago","Norte","2043700","Lulo","Anual","16"
"2014","76147","Cartago","Norte","2043000","Guayaba","Anual","40"
"2014","76243","El Aguila","Norte","2045601","Piña","Anual","210"
"2014","76233","Dagua","Sur","2042800","Granadilla","Anual","41"
"2013","76403","La Victoria","Norte","2046600","Vid","Anual","36"
"2013","76364","Jamundí","Sur","2042900","Guanábana","Anual","24"
"2013","76622","Roldanillo","Norte","2044700","Mora","Anual","12"
"2013","76622","Roldanillo","Norte","2043700","Lulo","Anual","40"
"2013","76111","Buga","Centro","2044700","Mora","Anual","12"
"2013","76041","Ansermanuevo","Norte","2043700","Lulo","Anual","28"
"2013","76248","El Cerrito","Sur","2044700","Mora","Anual","20"
"2013","76275","Florida","Sur","2042900","Guanábana","Anual","96"
"2013","76275","Florida","Sur","2044201","Mango","Anual","64"
"2013","76126","Calima Darién","Centro","2042800","Granadilla","Anual","36"
"2013","76147","Cartago","Norte","2043000","Guayaba","Anual","40"
"2013","76233","Dagua","Sur","2042800","Granadilla","Anual","41"
"2012","76828","Trujillo","Centro","2043700","Lulo","Anual","28"
"2012","76275","Florida","Sur","2044201","Mango","Anual","64"
"2012","76147","Cartago","Norte","2043000","Guayaba","Anual","40"
"2011","76041","Ansermanuevo","Norte","2044500","Maracuyá","Anual","36"
"2011","76275","Florida","Sur","2044201","Mango","Anual","64"
"2011","76892","Yumbo","Sur","2042800","Granadilla","Anual","40"
"2010","76111","Buga","Centro","2042800","Granadilla","Anual","40"
"2010","76041","Ansermanuevo","Norte","2045700","Pitaya","Anual","10"
"2010","76275","Florida","Sur","2044201","Mango","Anual","64"
"2010","76130","Candelaria","Sur","2044500","Maracuyá","Anual","160"
"2010","76863","Versalles","Norte","2044500","Maracuyá","Anual","32"
"2009","76823","Toro","Norte","2043700","Lulo","Anual","23"
"2009","76041","Ansermanuevo","Norte","2045700","Pitaya","Anual","10"
"2009","76126","Calima Darién","Centro","2043000","Guayaba","Anual","40"
"2009","76845","Ulloa","Norte","2040901","Bananito","Anual","10"
"2008","76823","Toro","Norte","2043700","Lulo","Anual","23"
"2008","76111","Buga","Centro","2045301","Papaya","Anual","32"
"2008","76845","Ulloa","Norte","2040901","Bananito","Anual","10"
"2007","76364","Jamundí","Sur","2046300","Tomate de Árbol","Anual","18"
"2007","76828","Trujillo","Centro","2045700","Pitaya","Anual","16"
"2007","76111","Buga","Centro","2042800","Granadilla","Anual","40"
"2006","76828","Trujillo","Centro","2045301","Papaya","Anual","136"
"2006","76606","Restrepo","Centro","2044500","Maracuyá","Anual","60"
"2006","76606","Restrepo","Centro","2044700","Mora","Anual","32"
"2006","76020","Alcalá","Norte","2040901","Bananito","Anual","40"
"2006","76892","Yumbo","Sur","2043700","Lulo","Anual","40"
"2005","76403","La Victoria","Norte","2044500","Maracuyá","Anual","120"
"2005","76520","Palmira","Sur","2044500","Maracuyá","Anual","72"
"2005","76020","Alcalá","Norte","2040901","Bananito","Anual","40"
"2005","76892","Yumbo","Sur","2043700","Lulo","Anual","40"
"2004","76250","El Dovio","Norte","2043000","Guayaba","Anual","16"
"2004","76126","Calima Darién","Centro","2042800","Granadilla","Anual","32"
"2004","76892","Yumbo","Sur","2044700","Mora","Anual","20"
"2003","76670","San Pedro","Centro","2044201","Mango","Anual","52"
"2002","76834","Tuluá","Centro","2042800","Granadilla","Anual","32"
"2002","76670","San Pedro","Centro","2043000","Guayaba","Anual","22"
"2002","76670","San Pedro","Centro","2044201","Mango","Anual","60"
"2002","76041","Ansermanuevo","Norte","2045301","Papaya","Anual","60"
"2002","76250","El Dovio","Norte","2043000","Guayaba","Anual","12"
"2002","76890","Yotoco","Centro","2045301","Papaya","Anual","140"
"2001","76520","Palmira","Sur","2043700","Lulo","Anual","16"
"2001","76670","San Pedro","Centro","2044201","Mango","Anual","60"
"2001","76670","San Pedro","Centro","2043000","Guayaba","Anual","22"
"2001","76834","Tuluá","Centro","2042700","Fresa","Anual","14"
"2001","76895","Zarzal","Norte","2046600","Vid","Anual","112"
"2001","76890","Yotoco","Centro","2042900","Guanábana","Anual","32"
"2001","76890","Yotoco","Centro","2045301","Papaya","Anual","140"
"2000","76520","Palmira","Sur","2046600","Vid","Anual","34"
"2000","76670","San Pedro","Centro","2043000","Guayaba","Anual","24"
"2000","76670","San Pedro","Centro","2044201","Mango","Anual","60"
"2000","76670","San Pedro","Centro","2045301","Papaya","Anual","56"
"2000","76041","Ansermanuevo","Norte","2045301","Papaya","Anual","60"
"2000","76250","El Dovio","Norte","2044700","Mora","Anual","22"
"2000","76250","El Dovio","Norte","2043000","Guayaba","Anual","12"
"2000","76250","El Dovio","Norte","2046300","Tomate de Árbol","Anual","17,068"
"2000","76890","Yotoco","Centro","2043700","Lulo","Anual","16"
"2000","76890","Yotoco","Centro","2045601","Piña","Anual","180"
"2000","76895","Zarzal","Norte","2046600","Vid","Anual","112"
"2000","76892","Yumbo","Sur","2043000","Guayaba","Anual","40"
"2022","76054","Argelia","Norte","2043700","Lulo","Anual","21"
"2022","76890","Yotoco","Centro","2040201","Aguacate Hass","Anual","30"
"2021","76828","Trujillo","Centro","2043000","Guayaba","Anual","15"
"2020","76606","Restrepo","Centro","2044500","Maracuyá","Anual","60"
"2020","76828","Trujillo","Centro","2043000","Guayaba","Anual","36"
"2020","76622","Roldanillo","Norte","2044700","Mora","Anual","45"
"2020","76616","Riofrío","Centro","2044201","Mango","Anual","15"
"2020","76616","Riofrío","Centro","2042900","Guanábana","Anual","36"
"2020","76111","Buga","Centro","2046300","Tomate de Árbol","Anual","36"
"2020","76041","Ansermanuevo","Norte","2043000","Guayaba","Anual","90"
"2020","76126","Calima Darién","Centro","2043000","Guayaba","Anual","30"
"2019","76890","Yotoco","Centro","2043700","Lulo","Anual","33"
"2018","76250","El Dovio","Norte","2045700","Pitaya","Anual","0"
"2018","76306","Ginebra","Sur","2043700","Lulo","Anual","15"
"2017","76520","Palmira","Sur","2044700","Mora","Anual","15"
"2017","76111","Buga","Centro","2046300","Tomate de Árbol","Anual","24"
"2017","76250","El Dovio","Norte","2042800","Granadilla","Anual","30"
"2016","76364","Jamundí","Sur","2046300","Tomate de Árbol","Anual","30"
"2016","76111","Buga","Centro","2046300","Tomate de Árbol","Anual","24"
"2016","76001","Cali","Sur","2040202","Aguacate","Anual","15"
"2016","76246","El Cairo","Norte","2043700","Lulo","Anual","26"
"2016","76892","Yumbo","Sur","2042800","Granadilla","Anual","36"
"2016","76892","Yumbo","Sur","2044500","Maracuyá","Anual","18"
"2015","76616","Riofrío","Centro","2042900","Guanábana","Anual","60"
"2015","76616","Riofrío","Centro","2045601","Piña","Anual","150"
"2015","76828","Trujillo","Centro","2042900","Guanábana","Anual","30"
"2015","76863","Versalles","Norte","2045700","Pitaya","Anual","24"
"2015","76306","Ginebra","Sur","2042800","Granadilla","Anual","27"
"2015","76243","El Aguila","Norte","2042800","Granadilla","Anual","15"
"2015","76892","Yumbo","Sur","2044700","Mora","Anual","15"
"2014","76616","Riofrío","Centro","2042900","Guanábana","Anual","66"
"2014","76828","Trujillo","Centro","2042900","Guanábana","Anual","33"
"2014","76616","Riofrío","Centro","2045700","Pitaya","Anual","75"
"2014","76250","El Dovio","Norte","2040202","Aguacate","Anual","24"
"2014","76892","Yumbo","Sur","2042800","Granadilla","Anual","27"
"2013","76400","La Unión","Norte","2043700","Lulo","Anual","75"
"2013","76403","La Victoria","Norte","2040202","Aguacate","Anual","30"
"2013","76364","Jamundí","Sur","2045601","Piña","Anual","150"
"2013","76828","Trujillo","Centro","2045601","Piña","Anual","150"
"2013","76616","Riofrío","Centro","2043000","Guayaba","Anual","24"
"2013","76616","Riofrío","Centro","2045601","Piña","Anual","150"
"2013","76250","El Dovio","Norte","2042800","Granadilla","Anual","15"
"2013","76246","El Cairo","Norte","2043700","Lulo","Anual","42"
"2013","76243","El Aguila","Norte","2046300","Tomate de Árbol","Anual","36"
"2013","76892","Yumbo","Sur","2042800","Granadilla","Anual","27"
"2013","76890","Yotoco","Centro","2045601","Piña","Anual","20"
"2012","76111","Buga","Centro","2042800","Granadilla","Anual","27"
"2012","76275","Florida","Sur","2042800","Granadilla","Anual","24"
"2012","76892","Yumbo","Sur","2042800","Granadilla","Anual","30"
"2011","76606","Restrepo","Centro","2046300","Tomate de Árbol","Anual","18"
"2011","76111","Buga","Centro","2042800","Granadilla","Anual","27"
"2011","76250","El Dovio","Norte","2042800","Granadilla","Anual","15"
"2011","76275","Florida","Sur","2042800","Granadilla","Anual","24"
"2011","76147","Cartago","Norte","2044500","Maracuyá","Anual","24"
"2010","76364","Jamundí","Sur","2042900","Guanábana","Anual","24"
"2010","76828","Trujillo","Centro","2044500","Maracuyá","Anual","24"
"2010","76100","Bolivar","Norte","2041600","Chontaduro","Anual","24"
"2010","76041","Ansermanuevo","Norte","2044500","Maracuyá","Anual","29"
"2010","76041","Ansermanuevo","Norte","2042800","Granadilla","Anual","18"
"2010","76246","El Cairo","Norte","2045700","Pitaya","Anual","33"
"2010","76246","El Cairo","Norte","2043700","Lulo","Anual","47"
"2010","76275","Florida","Sur","2042800","Granadilla","Anual","24"
"2010","76126","Calima Darién","Centro","2045700","Pitaya","Anual","27"
"2010","76892","Yumbo","Sur","2042800","Granadilla","Anual","30"
"2009","76364","Jamundí","Sur","2040202","Aguacate","Anual","45"
"2009","76364","Jamundí","Sur","2046300","Tomate de Árbol","Anual","12"
"2009","76036","Andalucia","Centro","2042900","Guanábana","Anual","24"
"2009","76041","Ansermanuevo","Norte","2043700","Lulo","Anual","8"
"2009","76246","El Cairo","Norte","2045700","Pitaya","Anual","33"
"2009","76892","Yumbo","Sur","2046600","Vid","Anual","30"
"2009","76892","Yumbo","Sur","2042800","Granadilla","Anual","30"
"2008","76364","Jamundí","Sur","2046300","Tomate de Árbol","Anual","12"
"2008","76606","Restrepo","Centro","2046300","Tomate de Árbol","Anual","18"
"2008","76890","Yotoco","Centro","2045700","Pitaya","Anual","18"
"2007","76606","Restrepo","Centro","2040901","Bananito","Anual","24"
"2007","76606","Restrepo","Centro","2042800","Granadilla","Anual","30"
"2007","76606","Restrepo","Centro","2046300","Tomate de Árbol","Anual","18"
"2007","76246","El Cairo","Norte","2043700","Lulo","Anual","6"
"2007","76122","Caicedonia","Centro","2042800","Granadilla","Anual","36"
"2007","76126","Calima Darién","Centro","2042800","Granadilla","Anual","27"
"2007","76892","Yumbo","Sur","2046600","Vid","Anual","60"
"2007","76890","Yotoco","Centro","2045700","Pitaya","Anual","18"
"2006","76111","Buga","Centro","2042800","Granadilla","Anual","30"
"2006","76036","Andalucia","Centro","2046800","Zapote","Anual","15"
"2005","76828","Trujillo","Centro","2045301","Papaya","Anual","102"
"2004","76520","Palmira","Sur","2046600","Vid","Anual","60"
"2004","76020","Alcalá","Norte","2043700","Lulo","Anual","20"
"2004","76130","Candelaria","Sur","2045601","Piña","Anual","240"
"2003","76670","San Pedro","Centro","2046300","Tomate de Árbol","Anual","24"
"2003","76616","Riofrío","Centro","2045700","Pitaya","Anual","15"
"2003","76890","Yotoco","Centro","2045601","Piña","Anual","120"
"2002","76606","Restrepo","Centro","2046300","Tomate de Árbol","Anual","18"
"2002","76126","Calima Darién","Centro","2045700","Pitaya","Anual","27"
"2002","76895","Zarzal","Norte","2042900","Guanábana","Anual","27"
"2001","76834","Tuluá","Centro","2042800","Granadilla","Anual","24"
"2001","76606","Restrepo","Centro","2046300","Tomate de Árbol","Anual","18"
"2001","76670","San Pedro","Centro","2046300","Tomate de Árbol","Anual","21"
"2001","76041","Ansermanuevo","Norte","2045301","Papaya","Anual","45"
"2001","76250","El Dovio","Norte","2044700","Mora","Anual","3"
"2001","76306","Ginebra","Sur","2042800","Granadilla","Anual","5"
"2001","76126","Calima Darién","Centro","2045700","Pitaya","Anual","15"
"2001","76895","Zarzal","Norte","2042900","Guanábana","Anual","9"
"2000","76497","Obando","Norte","2040202","Aguacate","Anual","42"
"2000","76111","Buga","Centro","2042800","Granadilla","Anual","30"
"2000","76246","El Cairo","Norte","2046300","Tomate de Árbol","Anual","10,8"
"2000","76126","Calima Darién","Centro","2045700","Pitaya","Anual","15"
"2022","76563","Pradera","Sur","2043000","Guayaba","Anual","60"
"2022","76306","Ginebra","Sur","2042800","Granadilla","Anual","54"
"2022","76364","Jamundí","Sur","2044700","Mora","Anual","24"
"2022","76823","Toro","Norte","2043700","Lulo","Anual","45"
"2022","76606","Restrepo","Centro","2044700","Mora","Anual","24"
"2022","76606","Restrepo","Centro","2042800","Granadilla","Anual","24"
"2022","76616","Riofrío","Centro","2042900","Guanábana","Anual","7,5"
"2022","76243","El Aguila","Norte","2044500","Maracuyá","Anual","24"
"2022","76147","Cartago","Norte","2043000","Guayaba","Anual","105"
"2022","76364","Jamundí","Sur","2040500","Arazá","Anual","2"
"2022","76111","Buga","Centro","2042700","Fresa","Anual","90"
"2021","76275","Florida","Sur","2046300","Tomate de Árbol","Anual","30"
"2021","76364","Jamundí","Sur","2044700","Mora","Anual","18"
"2021","76364","Jamundí","Sur","2042900","Guanábana","Anual","36"
"2021","76622","Roldanillo","Norte","2044700","Mora","Anual","30"
"2021","76606","Restrepo","Centro","2044700","Mora","Anual","24"
"2021","76563","Pradera","Sur","2043000","Guayaba","Anual","60"
"2021","76616","Riofrío","Centro","2042900","Guanábana","Anual","7,5"
"2021","76243","El Aguila","Norte","2044500","Maracuyá","Anual","24"
"2021","76147","Cartago","Norte","2043000","Guayaba","Anual","30"
"2021","76364","Jamundí","Sur","2040500","Arazá","Anual","2"
"2021","76890","Yotoco","Centro","2040201","Aguacate Hass","Anual","42"
"2020","76563","Pradera","Sur","2043000","Guayaba","Anual","24"
"2020","76364","Jamundí","Sur","2044700","Mora","Anual","21"
"2020","76364","Jamundí","Sur","2042900","Guanábana","Anual","36"
"2020","76403","La Victoria","Norte","2045301","Papaya","Anual","50"
"2020","76622","Roldanillo","Norte","2045700","Pitaya","Anual","36"
"2020","76275","Florida","Sur","2046300","Tomate de Árbol","Anual","36"
"2020","76147","Cartago","Norte","2043000","Guayaba","Anual","30"
"2020","76364","Jamundí","Sur","2040500","Arazá","Anual","2"
"2020","76890","Yotoco","Centro","2040201","Aguacate Hass","Anual","27"
"2019","76563","Pradera","Sur","2043000","Guayaba","Anual","24"
"2019","76111","Buga","Centro","2046300","Tomate de Árbol","Anual","42"
"2019","76147","Cartago","Norte","2043000","Guayaba","Anual","30"
"2019","76126","Calima Darién","Centro","2042800","Granadilla","Anual","24"
"2019","76364","Jamundí","Sur","2040500","Arazá","Anual","2,1"
"2019","76111","Buga","Centro","2042200","Curuba","Anual","24"
"2019","76890","Yotoco","Centro","2045700","Pitaya","Anual","27"
"2018","76563","Pradera","Sur","2043000","Guayaba","Anual","30"
"2018","76403","La Victoria","Norte","2044500","Maracuyá","Anual","66"
"2018","76828","Trujillo","Centro","2043000","Guayaba","Anual","40,5"
"2018","76147","Cartago","Norte","2043000","Guayaba","Anual","30"
"2018","76364","Jamundí","Sur","2040500","Arazá","Anual","2,1"
"2018","76890","Yotoco","Centro","2045700","Pitaya","Anual","27"
"2017","76563","Pradera","Sur","2043000","Guayaba","Anual","30"
"2017","76403","La Victoria","Norte","2044500","Maracuyá","Anual","66"
"2017","76403","La Victoria","Norte","2045301","Papaya","Anual","60"
"2017","76828","Trujillo","Centro","2043000","Guayaba","Anual","39"
"2017","76147","Cartago","Norte","2043000","Guayaba","Anual","30"
"2017","76246","El Cairo","Norte","2042800","Granadilla","Anual","21"
"2017","76364","Jamundí","Sur","2040500","Arazá","Anual","2,4"
"2017","76863","Versalles","Norte","2042400","Durazno","Anual","36"
"2017","76890","Yotoco","Centro","2045700","Pitaya","Anual","27"
"2016","76563","Pradera","Sur","2043000","Guayaba","Anual","30"
"2016","76306","Ginebra","Sur","2046800","Zapote","Anual","24"
"2016","76364","Jamundí","Sur","2040500","Arazá","Anual","2,4"
"2016","76275","Florida","Sur","2042700","Fresa","Anual","90"
"2016","76863","Versalles","Norte","2042400","Durazno","Anual","36"
"2015","76563","Pradera","Sur","2043000","Guayaba","Anual","30"
"2015","76364","Jamundí","Sur","2046300","Tomate de Árbol","Anual","30"
"2015","76041","Ansermanuevo","Norte","2044700","Mora","Anual","11"
"2015","76250","El Dovio","Norte","2042800","Granadilla","Anual","27"
"2015","76306","Ginebra","Sur","2046800","Zapote","Anual","24"
"2015","76863","Versalles","Norte","2042400","Durazno","Anual","60"
"2014","76563","Pradera","Sur","2043000","Guayaba","Anual","30"
"2014","76364","Jamundí","Sur","2046300","Tomate de Árbol","Anual","30"
"2014","76845","Ulloa","Norte","2040901","Bananito","Anual","69"
"2014","76111","Buga","Centro","2042200","Curuba","Anual","30"
"2014","76111","Buga","Centro","2044500","Maracuyá","Anual","30"
"2014","76111","Buga","Centro","2046300","Tomate de Árbol","Anual","18"
"2014","76041","Ansermanuevo","Norte","2044700","Mora","Anual","11"
"2014","76250","El Dovio","Norte","2042800","Granadilla","Anual","27"
"2014","76306","Ginebra","Sur","2046800","Zapote","Anual","25,5"
"2014","76863","Versalles","Norte","2042400","Durazno","Anual","60"
"2014","76364","Jamundí","Sur","2043100","Gulupa","Anual","48"
"2014","76863","Versalles","Norte","2045700","Pitaya","Anual","24"
"2013","76364","Jamundí","Sur","2046300","Tomate de Árbol","Anual","30"
"2013","76834","Tuluá","Centro","2042900","Guanábana","Anual","27"
"2013","76111","Buga","Centro","2046300","Tomate de Árbol","Anual","18"
"2013","76111","Buga","Centro","2042200","Curuba","Anual","6"
"2013","76306","Ginebra","Sur","2046800","Zapote","Anual","26"
"2013","76863","Versalles","Norte","2045700","Pitaya","Anual","24"
"2013","76845","Ulloa","Norte","2040901","Bananito","Anual","69"
"2012","76606","Restrepo","Centro","2046300","Tomate de Árbol","Anual","54"
"2012","76318","Guacarí","Centro","2046300","Tomate de Árbol","Anual","56"
"2012","76616","Riofrío","Centro","2042800","Granadilla","Anual","33"
"2012","76126","Calima Darién","Centro","2045700","Pitaya","Anual","27"
"2012","76616","Riofrío","Centro","2044800","Morera","Anual","33"
"2012","76890","Yotoco","Centro","2044500","Maracuyá","Anual","99"
"2011","76828","Trujillo","Centro","2043000","Guayaba","Anual","30"
"2011","76845","Ulloa","Norte","2040901","Bananito","Anual","41"
"2011","76616","Riofrío","Centro","2042800","Granadilla","Anual","33"
"2011","76126","Calima Darién","Centro","2045700","Pitaya","Anual","27"
"2011","76616","Riofrío","Centro","2044800","Morera","Anual","33"
"2010","76616","Riofrío","Centro","2042800","Granadilla","Anual","33"
"2010","76606","Restrepo","Centro","2046300","Tomate de Árbol","Anual","18"
"2010","76246","El Cairo","Norte","2042800","Granadilla","Anual","26"
"2010","76616","Riofrío","Centro","2044800","Morera","Anual","33"
"2010","76890","Yotoco","Centro","2044500","Maracuyá","Anual","135"
"2009","76364","Jamundí","Sur","2042900","Guanábana","Anual","24"
"2009","76616","Riofrío","Centro","2042800","Granadilla","Anual","33"
"2009","76100","Bolivar","Norte","2041600","Chontaduro","Anual","24"
"2009","76246","El Cairo","Norte","2042800","Granadilla","Anual","27"
"2009","76275","Florida","Sur","2042200","Curuba","Anual","14"
"2009","76126","Calima Darién","Centro","2045700","Pitaya","Anual","27"
"2009","76233","Dagua","Sur","2046300","Tomate de Árbol","Anual","33"
"2009","76147","Cartago","Norte","2045601","Piña","Anual","105"
"2009","76616","Riofrío","Centro","2044800","Morera","Anual","33"
"2009","76890","Yotoco","Centro","2044500","Maracuyá","Anual","60"
"2008","76364","Jamundí","Sur","2040202","Aguacate","Anual","21"
"2008","76364","Jamundí","Sur","2041600","Chontaduro","Anual","24"
"2008","76616","Riofrío","Centro","2042800","Granadilla","Anual","33"
"2008","76246","El Cairo","Norte","2042800","Granadilla","Anual","26"
"2008","76246","El Cairo","Norte","2045700","Pitaya","Anual","33"
"2008","76275","Florida","Sur","2042200","Curuba","Anual","14"
"2008","76233","Dagua","Sur","2046300","Tomate de Árbol","Anual","33"
"2008","76616","Riofrío","Centro","2044800","Morera","Anual","32"
"2008","76892","Yumbo","Sur","2046600","Vid","Anual","60"
"2007","76616","Riofrío","Centro","2042800","Granadilla","Anual","33"
"2007","76616","Riofrío","Centro","2044800","Morera","Anual","32"
"2006","76520","Palmira","Sur","2041100","Brevo","Anual","24"
"2006","76606","Restrepo","Centro","2040901","Bananito","Anual","24"
"2006","76606","Restrepo","Centro","2046300","Tomate de Árbol","Anual","18"
"2006","76606","Restrepo","Centro","2042800","Granadilla","Anual","30"
"2006","76250","El Dovio","Norte","2045700","Pitaya","Anual","36"
"2006","76520","Palmira","Sur","2041100","Brevo","Anual","24"
"2006","76892","Yumbo","Sur","2046600","Vid","Anual","54"
"2005","76520","Palmira","Sur","2041100","Brevo","Anual","26"
"2005","76606","Restrepo","Centro","2040901","Bananito","Anual","18"
"2005","76606","Restrepo","Centro","2044500","Maracuyá","Anual","45"
"2005","76606","Restrepo","Centro","2046300","Tomate de Árbol","Anual","18"
"2005","76111","Buga","Centro","2042800","Granadilla","Anual","30"
"2005","76250","El Dovio","Norte","2044500","Maracuyá","Anual","33"
"2005","76250","El Dovio","Norte","2044700","Mora","Anual","12"
"2005","76130","Candelaria","Sur","2042900","Guanábana","Anual","27"
"2005","76130","Candelaria","Sur","2040202","Aguacate","Anual","30"
"2005","76616","Riofrío","Centro","2044800","Morera","Anual","75"
"2005","76520","Palmira","Sur","2041100","Brevo","Anual","26"
"2004","76403","La Victoria","Norte","2046600","Vid","Anual","36"
"2004","76828","Trujillo","Centro","2044500","Maracuyá","Anual","38"
"2004","76622","Roldanillo","Norte","2044201","Mango","Anual","17"
"2004","76111","Buga","Centro","2042800","Granadilla","Anual","30"
"2004","76130","Candelaria","Sur","2042900","Guanábana","Anual","27"
"2004","76616","Riofrío","Centro","2044800","Morera","Anual","75"
"2003","76403","La Victoria","Norte","2046600","Vid","Anual","36"
"2003","76622","Roldanillo","Norte","2044201","Mango","Anual","18"
"2003","76130","Candelaria","Sur","2042900","Guanábana","Anual","27"
"2003","76616","Riofrío","Centro","2044800","Morera","Anual","75"
"2002","76520","Palmira","Sur","2041100","Brevo","Anual","8"
"2002","76670","San Pedro","Centro","2046300","Tomate de Árbol","Anual","21"
"2002","76622","Roldanillo","Norte","2044201","Mango","Anual","15"
"2002","76111","Buga","Centro","2045700","Pitaya","Anual","15"
"2002","76130","Candelaria","Sur","2042900","Guanábana","Anual","27"
"2002","76863","Versalles","Norte","2044500","Maracuyá","Anual","45"
"2001","76520","Palmira","Sur","2041100","Brevo","Anual","6"
"2001","76403","La Victoria","Norte","2046600","Vid","Anual","27"
"2001","76250","El Dovio","Norte","2043000","Guayaba","Anual","7"
"2001","76130","Candelaria","Sur","2042900","Guanábana","Anual","9"
"2001","76616","Riofrío","Centro","2044800","Morera","Anual","45"
"2001","76863","Versalles","Norte","2044500","Maracuyá","Anual","9"
"2000","76520","Palmira","Sur","2041100","Brevo","Anual","6"
"2000","76403","La Victoria","Norte","2046600","Vid","Anual","27"
"2000","76036","Andalucia","Centro","2045301","Papaya","Anual","120"
"2000","76306","Ginebra","Sur","2043000","Guayaba","Anual","18"
"2000","76869","Vijes","Sur","2042900","Guanábana","Anual","21"
"2022","76497","Obando","Norte","2044500","Maracuyá","Anual","40"
"2022","76109","Buenaventura","Pacifico","2045601","Piña","Anual","20"
"2022","76041","Ansermanuevo","Norte","2043000","Guayaba","Anual","130"
"2022","76126","Calima Darién","Centro","2043000","Guayaba","Anual","109,4"
"2022","76869","Vijes","Sur","2043700","Lulo","Anual","60"
"2022","76863","Versalles","Norte","2044500","Maracuyá","Anual","100"
"2021","76736","Sevilla","Centro","2043000","Guayaba","Anual","52"
"2021","76109","Buenaventura","Pacifico","2041900","Coco","Anual","35"
"2021","76834","Tuluá","Centro","2042200","Curuba","Anual","45"
"2021","76863","Versalles","Norte","2044500","Maracuyá","Anual","100"
"2020","76403","La Victoria","Norte","2046600","Vid","Anual","60"
"2020","76616","Riofrío","Centro","2044700","Mora","Anual","25"
"2020","76020","Alcalá","Norte","2044500","Maracuyá","Anual","125"
"2019","76364","Jamundí","Sur","2040202","Aguacate","Anual","35"
"2019","76364","Jamundí","Sur","2044500","Maracuyá","Anual","100"
"2019","76403","La Victoria","Norte","2046600","Vid","Anual","60"
"2019","76622","Roldanillo","Norte","2042800","Granadilla","Anual","40"
"2019","76001","Cali","Sur","2040202","Aguacate","Anual","30"
"2019","76890","Yotoco","Centro","2045301","Papaya","Anual","250"
"2019","76890","Yotoco","Centro","2044500","Maracuyá","Anual","135"
"2019","76895","Zarzal","Norte","2046600","Vid","Anual","50"
"2018","76364","Jamundí","Sur","2043700","Lulo","Anual","50"
"2018","76403","La Victoria","Norte","2046600","Vid","Anual","60"
"2018","76828","Trujillo","Centro","2046600","Vid","Anual","60"
"2018","76248","El Cerrito","Sur","2046300","Tomate de Árbol","Anual","70"
"2018","76364","Jamundí","Sur","2040202","Aguacate","Anual","37,5"
"2017","76616","Riofrío","Centro","2045700","Pitaya","Anual","40"
"2017","76834","Tuluá","Centro","2042800","Granadilla","Anual","40"
"2017","76823","Toro","Norte","2043700","Lulo","Anual","75"
"2017","76020","Alcalá","Norte","2043000","Guayaba","Anual","35"
"2017","76041","Ansermanuevo","Norte","2044500","Maracuyá","Anual","0"
"2017","76275","Florida","Sur","2046300","Tomate de Árbol","Anual","60"
"2017","76364","Jamundí","Sur","2040202","Aguacate","Anual","40"
"2017","76306","Ginebra","Sur","2043700","Lulo","Anual","70"
"2017","76233","Dagua","Sur","2043000","Guayaba","Anual","40"
"2017","76892","Yumbo","Sur","2045601","Piña","Anual","300"
"2016","76497","Obando","Norte","2045301","Papaya","Anual","350"
"2016","76403","La Victoria","Norte","2046600","Vid","Anual","50"
"2016","76233","Dagua","Sur","2042900","Guanábana","Anual","45"
"2016","76233","Dagua","Sur","2043000","Guayaba","Anual","42"
"2016","76863","Versalles","Norte","2045700","Pitaya","Anual","40"
"2015","76616","Riofrío","Centro","2043000","Guayaba","Anual","35"
"2015","76403","La Victoria","Norte","2046600","Vid","Anual","45"
"2015","76403","La Victoria","Norte","2044500","Maracuyá","Anual","120"
"2015","76834","Tuluá","Centro","2042800","Granadilla","Anual","40"
"2015","76275","Florida","Sur","2045601","Piña","Anual","225"
"2014","76828","Trujillo","Centro","2043000","Guayaba","Anual","70"
"2014","76616","Riofrío","Centro","2043000","Guayaba","Anual","35"
"2014","76306","Ginebra","Sur","2042800","Granadilla","Anual","49"
"2014","76275","Florida","Sur","2044500","Maracuyá","Anual","100"
"2014","76890","Yotoco","Centro","2043700","Lulo","Anual","60"
"2013","76622","Roldanillo","Norte","2045601","Piña","Anual","550"
"2013","76001","Cali","Sur","2043000","Guayaba","Anual","75"
"2013","76306","Ginebra","Sur","2042800","Granadilla","Anual","49"
"2012","76616","Riofrío","Centro","2040202","Aguacate","Anual","43"
"2012","76563","Pradera","Sur","2043700","Lulo","Anual","15"
"2012","76318","Guacarí","Centro","2042800","Granadilla","Anual","40"
"2012","76111","Buga","Centro","2044500","Maracuyá","Anual","95"
"2012","76001","Cali","Sur","2044201","Mango","Anual","40"
"2012","76001","Cali","Sur","2044700","Mora","Anual","35"
"2012","76246","El Cairo","Norte","2045700","Pitaya","Anual","50"
"2012","76126","Calima Darién","Centro","2046300","Tomate de Árbol","Anual","40"
"2011","76520","Palmira","Sur","2040202","Aguacate","Anual","50"
"2011","76563","Pradera","Sur","2043700","Lulo","Anual","15"
"2011","76616","Riofrío","Centro","2040202","Aguacate","Anual","43"
"2011","76670","San Pedro","Centro","2044201","Mango","Anual","75"
"2011","76670","San Pedro","Centro","2042900","Guanábana","Anual","43"
"2011","76111","Buga","Centro","2044500","Maracuyá","Anual","95"
"2011","76246","El Cairo","Norte","2045700","Pitaya","Anual","50"
"2010","76403","La Victoria","Norte","2041600","Chontaduro","Anual","50"
"2010","76403","La Victoria","Norte","2044500","Maracuyá","Anual","150"
"2010","76606","Restrepo","Centro","2040901","Bananito","Anual","40"
"2010","76616","Riofrío","Centro","2040202","Aguacate","Anual","43"
"2010","76670","San Pedro","Centro","2042900","Guanábana","Anual","43"
"2010","76670","San Pedro","Centro","2044201","Mango","Anual","75"
"2009","76606","Restrepo","Centro","2040901","Bananito","Anual","40"
"2009","76563","Pradera","Sur","2043700","Lulo","Anual","15"
"2009","76403","La Victoria","Norte","2041600","Chontaduro","Anual","50"
"2009","76364","Jamundí","Sur","2044500","Maracuyá","Anual","100"
"2009","76828","Trujillo","Centro","2042800","Granadilla","Anual","40"
"2009","76616","Riofrío","Centro","2040202","Aguacate","Anual","43"
"2009","76670","San Pedro","Centro","2044201","Mango","Anual","75"
"2009","76670","San Pedro","Centro","2046300","Tomate de Árbol","Anual","75"
"2009","76670","San Pedro","Centro","2042900","Guanábana","Anual","43"
"2009","76020","Alcalá","Norte","2045601","Piña","Anual","280"
"2009","76001","Cali","Sur","2043700","Lulo","Anual","50"
"2009","76001","Cali","Sur","2044201","Mango","Anual","30"
"2009","76890","Yotoco","Centro","2043700","Lulo","Anual","13"
"2009","76892","Yumbo","Sur","2043000","Guayaba","Anual","50"
"2008","76403","La Victoria","Norte","2041600","Chontaduro","Anual","50"
"2008","76670","San Pedro","Centro","2046300","Tomate de Árbol","Anual","35"
"2008","76606","Restrepo","Centro","2044700","Mora","Anual","40"
"2008","76275","Florida","Sur","2043000","Guayaba","Anual","55"
"2008","76243","El Aguila","Norte","2042800","Granadilla","Anual","40"
"2007","76364","Jamundí","Sur","2043000","Guayaba","Anual","41"
"2007","76670","San Pedro","Centro","2042900","Guanábana","Anual","40"
"2007","76001","Cali","Sur","2044201","Mango","Anual","33"
"2007","76122","Caicedonia","Centro","2042900","Guanábana","Anual","60"
"2007","76834","Tuluá","Centro","2042700","Fresa","Anual","25"
"2006","76364","Jamundí","Sur","2042900","Guanábana","Anual","40"
"2006","76246","El Cairo","Norte","2043700","Lulo","Anual","12"
"2006","76892","Yumbo","Sur","2045301","Papaya","Anual","175"
"2005","76828","Trujillo","Centro","2044500","Maracuyá","Anual","50"
"2005","76111","Buga","Centro","2040202","Aguacate","Anual","40"
"2005","76041","Ansermanuevo","Norte","2042800","Granadilla","Anual","30"
"2005","76122","Caicedonia","Centro","2045601","Piña","Anual","300"
"2003","76364","Jamundí","Sur","2042900","Guanábana","Anual","48"
"2003","76275","Florida","Sur","2045301","Papaya","Anual","22"
"2002","76364","Jamundí","Sur","2042900","Guanábana","Anual","48"
"2002","76828","Trujillo","Centro","2046300","Tomate de Árbol","Anual","75"
"2002","76109","Buenaventura","Pacifico","2043000","Guayaba","Anual","60"
"2002","76306","Ginebra","Sur","2042200","Curuba","Anual","25"
"2002","76275","Florida","Sur","2040202","Aguacate","Anual","55"
"2001","76400","La Unión","Norte","2045700","Pitaya","Anual","25"
"2001","76364","Jamundí","Sur","2042900","Guanábana","Anual","48"
"2001","76828","Trujillo","Centro","2045700","Pitaya","Anual","40"
"2001","76109","Buenaventura","Pacifico","2043000","Guayaba","Anual","60"
"2001","76275","Florida","Sur","2040202","Aguacate","Anual","55"
"2000","76100","Bolivar","Norte","2045700","Pitaya","Anual","25"
"2000","76111","Buga","Centro","2044500","Maracuyá","Anual","50"
"2000","76869","Vijes","Sur","2040202","Aguacate","Anual","20"
"2022","76403","La Victoria","Norte","2042900","Guanábana","Anual","10"
"2022","76403","La Victoria","Norte","2046600","Vid","Anual","43,5"
"2022","76400","La Unión","Norte","2042900","Guanábana","Anual","60"
"2022","76306","Ginebra","Sur","2043700","Lulo","Anual","75"
"2022","76563","Pradera","Sur","2044700","Mora","Anual","20"
"2022","76563","Pradera","Sur","2046300","Tomate de Árbol","Anual","100"
"2022","76616","Riofrío","Centro","2044700","Mora","Anual","15"
"2022","76001","Cali","Sur","2044201","Mango","Anual","30"
"2022","76243","El Aguila","Norte","2045700","Pitaya","Anual","70"
"2021","76403","La Victoria","Norte","2042900","Guanábana","Anual","70"
"2021","76400","La Unión","Norte","2042900","Guanábana","Anual","60"
"2021","76606","Restrepo","Centro","2042800","Granadilla","Anual","40"
"2021","76606","Restrepo","Centro","2040201","Aguacate Hass","Anual","45"
"2021","76563","Pradera","Sur","2046300","Tomate de Árbol","Anual","40"
"2021","76616","Riofrío","Centro","2044700","Mora","Anual","15"
"2021","76001","Cali","Sur","2044201","Mango","Anual","30"
"2021","76243","El Aguila","Norte","2045700","Pitaya","Anual","70"
"2021","76275","Florida","Sur","2042900","Guanábana","Anual","100"
"2020","76606","Restrepo","Centro","2040201","Aguacate Hass","Anual","45"
"2020","76563","Pradera","Sur","2046300","Tomate de Árbol","Anual","40"
"2020","76400","La Unión","Norte","2042900","Guanábana","Anual","70"
"2020","76275","Florida","Sur","2042900","Guanábana","Anual","50"
"2020","76243","El Aguila","Norte","2045700","Pitaya","Anual","40"
"2019","76563","Pradera","Sur","2046300","Tomate de Árbol","Anual","30"
"2019","76020","Alcalá","Norte","2044500","Maracuyá","Anual","90"
"2019","76041","Ansermanuevo","Norte","2043000","Guayaba","Anual","55"
"2019","76275","Florida","Sur","2042900","Guanábana","Anual","50"
"2019","76126","Calima Darién","Centro","2043000","Guayaba","Anual","50"
"2019","76243","El Aguila","Norte","2045700","Pitaya","Anual","40"
"2018","76563","Pradera","Sur","2046300","Tomate de Árbol","Anual","30"
"2018","76377","La Cumbre","Sur","2045301","Papaya","Anual","200"
"2018","76364","Jamundí","Sur","2046300","Tomate de Árbol","Anual","75"
"2018","76834","Tuluá","Centro","2044201","Mango","Anual","50"
"2018","76622","Roldanillo","Norte","2044700","Mora","Anual","75"
"2018","76111","Buga","Centro","2043700","Lulo","Anual","100"
"2018","76111","Buga","Centro","2046300","Tomate de Árbol","Anual","70"
"2018","76001","Cali","Sur","2040202","Aguacate","Anual","20"
"2018","76041","Ansermanuevo","Norte","2043000","Guayaba","Anual","55"
"2018","76126","Calima Darién","Centro","2043000","Guayaba","Anual","50"
"2018","76243","El Aguila","Norte","2045700","Pitaya","Anual","40"
"2017","76563","Pradera","Sur","2046300","Tomate de Árbol","Anual","30"
"2017","76364","Jamundí","Sur","2043700","Lulo","Anual","55"
"2017","76403","La Victoria","Norte","2046600","Vid","Anual","60"
"2017","76834","Tuluá","Centro","2044201","Mango","Anual","50"
"2017","76622","Roldanillo","Norte","2044700","Mora","Anual","30"
"2017","76111","Buga","Centro","2044201","Mango","Anual","40"
"2017","76001","Cali","Sur","2040202","Aguacate","Anual","25"
"2017","76248","El Cerrito","Sur","2046300","Tomate de Árbol","Anual","70"
"2017","76126","Calima Darién","Centro","2043000","Guayaba","Anual","50"
"2017","76243","El Aguila","Norte","2046300","Tomate de Árbol","Anual","60"
"2017","76100","Bolivar","Norte","2042400","Durazno","Anual","90"
"2016","76563","Pradera","Sur","2046300","Tomate de Árbol","Anual","30"
"2016","76364","Jamundí","Sur","2040202","Aguacate","Anual","40"
"2016","76823","Toro","Norte","2043700","Lulo","Anual","75"
"2016","76834","Tuluá","Centro","2044201","Mango","Anual","50"
"2016","76622","Roldanillo","Norte","2044700","Mora","Anual","15"
"2016","76616","Riofrío","Centro","2045700","Pitaya","Anual","40"
"2016","76111","Buga","Centro","2044201","Mango","Anual","40"
"2016","76020","Alcalá","Norte","2043000","Guayaba","Anual","50"
"2016","76275","Florida","Sur","2044201","Mango","Anual","80"
"2016","76248","El Cerrito","Sur","2046300","Tomate de Árbol","Anual","100"
"2016","76126","Calima Darién","Centro","2043000","Guayaba","Anual","50"
"2016","76243","El Aguila","Norte","2046300","Tomate de Árbol","Anual","60"
"2016","76243","El Aguila","Norte","2044700","Mora","Anual","15"
"2016","76890","Yotoco","Centro","2043700","Lulo","Anual","88"
"2016","76892","Yumbo","Sur","2042900","Guanábana","Anual","70"
"2015","76563","Pradera","Sur","2046300","Tomate de Árbol","Anual","30"
"2015","76834","Tuluá","Centro","2044201","Mango","Anual","20"
"2015","76616","Riofrío","Centro","2045700","Pitaya","Anual","100"
"2015","76111","Buga","Centro","2044201","Mango","Anual","25"
"2015","76126","Calima Darién","Centro","2043000","Guayaba","Anual","50"
"2015","76275","Florida","Sur","2046300","Tomate de Árbol","Anual","50"
"2015","76233","Dagua","Sur","2043000","Guayaba","Anual","45"
"2015","76243","El Aguila","Norte","2046300","Tomate de Árbol","Anual","20"
"2015","76126","Calima Darién","Centro","2042400","Durazno","Anual","30"
"2015","76890","Yotoco","Centro","2043700","Lulo","Anual","52"
"2015","76892","Yumbo","Sur","2045601","Piña","Anual","75"
"2014","76563","Pradera","Sur","2046300","Tomate de Árbol","Anual","30"
"2014","76111","Buga","Centro","2044201","Mango","Anual","25"
"2014","76111","Buga","Centro","2043700","Lulo","Anual","20"
"2014","76001","Cali","Sur","2040202","Aguacate","Anual","30"
"2014","76275","Florida","Sur","2045601","Piña","Anual","225"
"2014","76275","Florida","Sur","2046300","Tomate de Árbol","Anual","60"
"2014","76126","Calima Darién","Centro","2043000","Guayaba","Anual","50"
"2014","76243","El Aguila","Norte","2046300","Tomate de Árbol","Anual","60"
"2014","76233","Dagua","Sur","2043000","Guayaba","Anual","45"
"2014","76126","Calima Darién","Centro","2042400","Durazno","Anual","30"
"2014","76892","Yumbo","Sur","2045601","Piña","Anual","190"
"2013","76563","Pradera","Sur","2046300","Tomate de Árbol","Anual","30"
"2013","76111","Buga","Centro","2044201","Mango","Anual","10"
"2013","76275","Florida","Sur","2045601","Piña","Anual","350"
"2013","76275","Florida","Sur","2044500","Maracuyá","Anual","100"
"2013","76126","Calima Darién","Centro","2043000","Guayaba","Anual","50"
"2013","76233","Dagua","Sur","2043000","Guayaba","Anual","45"
"2013","76892","Yumbo","Sur","2045601","Piña","Anual","190"
"2012","76563","Pradera","Sur","2044700","Mora","Anual","20"
"2012","76563","Pradera","Sur","2046300","Tomate de Árbol","Anual","30"
"2012","76364","Jamundí","Sur","2042900","Guanábana","Anual","33"
"2012","76126","Calima Darién","Centro","2043000","Guayaba","Anual","50"
"2011","76520","Palmira","Sur","2045601","Piña","Anual","263"
"2011","76563","Pradera","Sur","2044700","Mora","Anual","20"
"2011","76563","Pradera","Sur","2046300","Tomate de Árbol","Anual","30"
"2011","76364","Jamundí","Sur","2042900","Guanábana","Anual","33"
"2011","76041","Ansermanuevo","Norte","2042800","Granadilla","Anual","30"
"2011","76126","Calima Darién","Centro","2043000","Guayaba","Anual","50"
"2011","76126","Calima Darién","Centro","2046300","Tomate de Árbol","Anual","40"
"2010","76563","Pradera","Sur","2044700","Mora","Anual","20"
"2010","76563","Pradera","Sur","2046300","Tomate de Árbol","Anual","30"
"2010","76520","Palmira","Sur","2045601","Piña","Anual","263"
"2010","76306","Ginebra","Sur","2042800","Granadilla","Anual","35"
"2010","76364","Jamundí","Sur","2045301","Papaya","Anual","200"
"2009","76520","Palmira","Sur","2045601","Piña","Anual","263"
"2009","76497","Obando","Norte","2044201","Mango","Anual","25"
"2009","76563","Pradera","Sur","2044700","Mora","Anual","20"
"2009","76563","Pradera","Sur","2046300","Tomate de Árbol","Anual","30"
"2009","76823","Toro","Norte","2042800","Granadilla","Anual","56"
"2009","76306","Ginebra","Sur","2042800","Granadilla","Anual","35"
"2008","76497","Obando","Norte","2044201","Mango","Anual","25"
"2008","76563","Pradera","Sur","2043700","Lulo","Anual","15"
"2008","76563","Pradera","Sur","2044700","Mora","Anual","20"
"2008","76520","Palmira","Sur","2045601","Piña","Anual","200"
"2008","76563","Pradera","Sur","2046300","Tomate de Árbol","Anual","30"
"2008","76823","Toro","Norte","2042800","Granadilla","Anual","56"
"2008","76670","San Pedro","Centro","2045301","Papaya","Anual","70"
"2008","76306","Ginebra","Sur","2042800","Granadilla","Anual","35"
"2008","76147","Cartago","Norte","2044500","Maracuyá","Anual","51"
"2007","76563","Pradera","Sur","2043700","Lulo","Anual","15"
"2007","76563","Pradera","Sur","2044700","Mora","Anual","20"
"2007","76563","Pradera","Sur","2046300","Tomate de Árbol","Anual","30"
"2007","76520","Palmira","Sur","2045601","Piña","Anual","200"
"2007","76823","Toro","Norte","2042800","Granadilla","Anual","48"
"2007","76606","Restrepo","Centro","2044700","Mora","Anual","40"
"2007","76670","San Pedro","Centro","2045301","Papaya","Anual","70"
"2007","76306","Ginebra","Sur","2042800","Granadilla","Anual","35"
"2007","76275","Florida","Sur","2042200","Curuba","Anual","30"
"2007","76233","Dagua","Sur","2046300","Tomate de Árbol","Anual","55"
"2006","76563","Pradera","Sur","2043700","Lulo","Anual","15"
"2006","76563","Pradera","Sur","2044700","Mora","Anual","20"
"2006","76563","Pradera","Sur","2046300","Tomate de Árbol","Anual","30"
"2006","76364","Jamundí","Sur","2046300","Tomate de Árbol","Anual","25"
"2006","76041","Ansermanuevo","Norte","2044201","Mango","Anual","50"
"2006","76306","Ginebra","Sur","2042800","Granadilla","Anual","35"
"2006","76233","Dagua","Sur","2041100","Brevo","Anual","75"
"2006","76233","Dagua","Sur","2041100","Brevo","Anual","75"
"2005","76563","Pradera","Sur","2044700","Mora","Anual","20"
"2005","76563","Pradera","Sur","2043700","Lulo","Anual","15"
"2005","76563","Pradera","Sur","2046300","Tomate de Árbol","Anual","30"
"2005","76364","Jamundí","Sur","2042900","Guanábana","Anual","41"
"2005","76364","Jamundí","Sur","2046300","Tomate de Árbol","Anual","16"
"2005","76606","Restrepo","Centro","2042800","Granadilla","Anual","50"
"2005","76622","Roldanillo","Norte","2046300","Tomate de Árbol","Anual","15"
"2005","76041","Ansermanuevo","Norte","2044201","Mango","Anual","50"
"2005","76306","Ginebra","Sur","2042800","Granadilla","Anual","35"
"2005","76233","Dagua","Sur","2041100","Brevo","Anual","70"
"2004","76606","Restrepo","Centro","2042800","Granadilla","Anual","50"
"2004","76100","Bolivar","Norte","2042900","Guanábana","Anual","50"
"2004","76041","Ansermanuevo","Norte","2044201","Mango","Anual","50"
"2004","76233","Dagua","Sur","2041100","Brevo","Anual","70"
"2004","76834","Tuluá","Centro","2044800","Morera","Anual","95"
"2003","76100","Bolivar","Norte","2042900","Guanábana","Anual","50"
"2003","76250","El Dovio","Norte","2043000","Guayaba","Anual","15"
"2003","76233","Dagua","Sur","2041100","Brevo","Anual","70"
"2003","76890","Yotoco","Centro","2044800","Morera","Anual","90"
"2002","76113","Bugalagrande","Centro","2042800","Granadilla","Anual","38"
"2002","76100","Bolivar","Norte","2042900","Guanábana","Anual","50"
"2002","76041","Ansermanuevo","Norte","2044201","Mango","Anual","50"
"2002","76275","Florida","Sur","2045301","Papaya","Anual","12"
"2002","76890","Yotoco","Centro","2044800","Morera","Anual","92"
"2002","76890","Yotoco","Centro","2045700","Pitaya","Anual","23"
"2001","76111","Buga","Centro","2040202","Aguacate","Anual","50"
"2001","76100","Bolivar","Norte","2042900","Guanábana","Anual","50"
"2001","76041","Ansermanuevo","Norte","2044201","Mango","Anual","10"
"2001","76318","Guacarí","Centro","2044800","Morera","Anual","40"
"2001","76890","Yotoco","Centro","2045700","Pitaya","Anual","23"
"2000","76364","Jamundí","Sur","2042900","Guanábana","Anual","45"
"2000","76828","Trujillo","Centro","2045700","Pitaya","Anual","40"
"2000","76100","Bolivar","Norte","2042900","Guanábana","Anual","50"
"2000","76041","Ansermanuevo","Norte","2044201","Mango","Anual","10"
"2000","76275","Florida","Sur","2040202","Aguacate","Anual","55"
"2000","76275","Florida","Sur","2044500","Maracuyá","Anual","80"
"2000","76834","Tuluá","Centro","2042700","Fresa","Anual","18"
"2000","76616","Riofrío","Centro","2044800","Morera","Anual","125"
"2000","76890","Yotoco","Centro","2042900","Guanábana","Anual","40"
"2022","76100","Bolivar","Norte","2045601","Piña","Anual","160"
"2022","76895","Zarzal","Norte","2044500","Maracuyá","Anual","32"
"2021","76100","Bolivar","Norte","2045601","Piña","Anual","160"
"2021","76111","Buga","Centro","2042700","Fresa","Anual","30"
"2020","76606","Restrepo","Centro","2042800","Granadilla","Anual","16"
"2020","76606","Restrepo","Centro","2044700","Mora","Anual","16"
"2020","76111","Buga","Centro","2040202","Aguacate","Anual","20"
"2020","76100","Bolivar","Norte","2045601","Piña","Anual","160"
"2020","76111","Buga","Centro","2045301","Papaya","Anual","72"
"2020","76863","Versalles","Norte","2044500","Maracuyá","Anual","40"
"2019","76364","Jamundí","Sur","2045301","Papaya","Anual","70"
"2019","76100","Bolivar","Norte","2045601","Piña","Anual","160"
"2019","76306","Ginebra","Sur","2043700","Lulo","Anual","10"
"2018","76563","Pradera","Sur","2040202","Aguacate","Anual","20"
"2018","76111","Buga","Centro","2040202","Aguacate","Anual","14"
"2017","76364","Jamundí","Sur","2045301","Papaya","Anual","60"
"2017","76403","La Victoria","Norte","2042900","Guanábana","Anual","28"
"2017","76109","Buenaventura","Pacifico","2045601","Piña","Anual","18"
"2017","76111","Buga","Centro","2043000","Guayaba","Anual","16"
"2017","76248","El Cerrito","Sur","2044700","Mora","Anual","8"
"2017","76243","El Aguila","Norte","2045601","Piña","Anual","50"
"2017","76246","El Cairo","Norte","2042700","Fresa","Anual","5"
"2017","76834","Tuluá","Centro","2042200","Curuba","Anual","18"
"2017","76892","Yumbo","Sur","2042800","Granadilla","Anual","24"
"2016","76111","Buga","Centro","2043000","Guayaba","Anual","16"
"2016","76111","Buga","Centro","2042200","Curuba","Anual","20"
"2016","76246","El Cairo","Norte","2044500","Maracuyá","Anual","52"
"2016","76246","El Cairo","Norte","2042800","Granadilla","Anual","20"
"2016","76243","El Aguila","Norte","2042800","Granadilla","Anual","14"
"2016","76892","Yumbo","Sur","2045601","Piña","Anual","30"
"2015","76001","Cali","Sur","2040202","Aguacate","Anual","10"
"2014","76364","Jamundí","Sur","2045301","Papaya","Anual","83"
"2014","76890","Yotoco","Centro","2045700","Pitaya","Anual","10"
"2014","76892","Yumbo","Sur","2044700","Mora","Anual","9"
"2013","76828","Trujillo","Centro","2045700","Pitaya","Anual","50"
"2013","76616","Riofrío","Centro","2044201","Mango","Anual","10"
"2013","76616","Riofrío","Centro","2045700","Pitaya","Anual","50"
"2013","76111","Buga","Centro","2043700","Lulo","Anual","5"
"2013","76275","Florida","Sur","2042200","Curuba","Anual","40"
"2013","76892","Yumbo","Sur","2044700","Mora","Anual","9"
"2012","76828","Trujillo","Centro","2043000","Guayaba","Anual","37"
"2012","76622","Roldanillo","Norte","2044700","Mora","Anual","6"
"2012","76616","Riofrío","Centro","2044700","Mora","Anual","11"
"2012","76622","Roldanillo","Norte","2046600","Vid","Anual","30"
"2012","76250","El Dovio","Norte","2042800","Granadilla","Anual","10"
"2012","76250","El Dovio","Norte","2040202","Aguacate","Anual","16"
"2012","76250","El Dovio","Norte","2044500","Maracuyá","Anual","10"
"2012","76275","Florida","Sur","2040202","Aguacate","Anual","36"
"2012","76250","El Dovio","Norte","2045700","Pitaya","Anual","14"
"2012","76306","Ginebra","Sur","2042800","Granadilla","Anual","19"
"2012","76306","Ginebra","Sur","2046800","Zapote","Anual","17"
"2012","76863","Versalles","Norte","2045301","Papaya","Anual","80"
"2012","76863","Versalles","Norte","2044500","Maracuyá","Anual","40"
"2012","76892","Yumbo","Sur","2044500","Maracuyá","Anual","60"
"2012","76890","Yotoco","Centro","2045601","Piña","Anual","10"
"2011","76364","Jamundí","Sur","2045301","Papaya","Anual","70"
"2011","76828","Trujillo","Centro","2044500","Maracuyá","Anual","16"
"2011","76616","Riofrío","Centro","2044700","Mora","Anual","11"
"2011","76054","Argelia","Norte","2044700","Mora","Anual","8"
"2011","76306","Ginebra","Sur","2042800","Granadilla","Anual","27"
"2011","76250","El Dovio","Norte","2045700","Pitaya","Anual","14"
"2011","76275","Florida","Sur","2040202","Aguacate","Anual","36"
"2011","76147","Cartago","Norte","2040202","Aguacate","Anual","26"
"2011","76306","Ginebra","Sur","2046800","Zapote","Anual","17"
"2010","76246","El Cairo","Norte","2046300","Tomate de Árbol","Anual","11"
"2010","76250","El Dovio","Norte","2044500","Maracuyá","Anual","10"
"2010","76275","Florida","Sur","2040202","Aguacate","Anual","36"
"2010","76892","Yumbo","Sur","2044700","Mora","Anual","4"
"2009","76364","Jamundí","Sur","2042800","Granadilla","Anual","18"
"2009","76111","Buga","Centro","2042800","Granadilla","Anual","20"
"2009","76250","El Dovio","Norte","2044500","Maracuyá","Anual","10"
"2009","76250","El Dovio","Norte","2044700","Mora","Anual","6"
"2009","76275","Florida","Sur","2040202","Aguacate","Anual","12"
"2009","76377","La Cumbre","Sur","2044400","Manzana","Anual","50"
"2008","76001","Cali","Sur","2044700","Mora","Anual","15"
"2008","76243","El Aguila","Norte","2046300","Tomate de Árbol","Anual","11"
"2007","76001","Cali","Sur","2044700","Mora","Anual","15"
"2007","76250","El Dovio","Norte","2044700","Mora","Anual","6"
"2007","76246","El Cairo","Norte","2042800","Granadilla","Anual","18"
"2006","76246","El Cairo","Norte","2042800","Granadilla","Anual","18"
"2005","76828","Trujillo","Centro","2045601","Piña","Anual","24"
"2005","76606","Restrepo","Centro","2044700","Mora","Anual","12"
"2005","76020","Alcalá","Norte","2045601","Piña","Anual","160"
"2005","76845","Ulloa","Norte","2045601","Piña","Anual","160"
"2005","76890","Yotoco","Centro","2044500","Maracuyá","Anual","44"
"2004","76606","Restrepo","Centro","2040901","Bananito","Anual","12"
"2004","76606","Restrepo","Centro","2044500","Maracuyá","Anual","30"
"2004","76670","San Pedro","Centro","2044500","Maracuyá","Anual","28"
"2004","76020","Alcalá","Norte","2040901","Bananito","Anual","21"
"2004","76890","Yotoco","Centro","2045301","Papaya","Anual","50"
"2003","76364","Jamundí","Sur","2046300","Tomate de Árbol","Anual","11"
"2003","76020","Alcalá","Norte","2045601","Piña","Anual","140"
"2003","76041","Ansermanuevo","Norte","2044201","Mango","Anual","20"
"2002","76616","Riofrío","Centro","2045700","Pitaya","Anual","8"
"2002","76246","El Cairo","Norte","2045700","Pitaya","Anual","12"
"2002","76863","Versalles","Norte","2043000","Guayaba","Anual","12"
"2002","76892","Yumbo","Sur","2043000","Guayaba","Anual","20"
"2001","76113","Bugalagrande","Centro","2044800","Morera","Anual","60"
"2001","76890","Yotoco","Centro","2042800","Granadilla","Anual","20"
"2001","76863","Versalles","Norte","2044700","Mora","Anual","4"
"2001","76892","Yumbo","Sur","2043000","Guayaba","Anual","20"
"2000","76520","Palmira","Sur","2043700","Lulo","Anual","8"
"2000","76400","La Unión","Norte","2041100","Brevo","Anual","6"
"2000","76306","Ginebra","Sur","2042800","Granadilla","Anual","30"
"2000","76243","El Aguila","Norte","2043700","Lulo","Anual","14"
"2022","76520","Palmira","Sur","2046600","Vid","Anual","16"
"2022","76364","Jamundí","Sur","2043700","Lulo","Anual","22"
"2022","76736","Sevilla","Centro","2046600","Vid","Anual","36"
"2022","76111","Buga","Centro","2043601","Limón","Anual","40"
"2022","76243","El Aguila","Norte","2046300","Tomate de Árbol","Anual","16"
"2022","76248","El Cerrito","Sur","2044700","Mora","Anual","8"
"2022","76113","Bugalagrande","Centro","2042800","Granadilla","Anual","24"
"2022","76736","Sevilla","Centro","2042700","Fresa","Anual","40"
"2022","76890","Yotoco","Centro","2045700","Pitaya","Anual","18"
"2022","76895","Zarzal","Norte","2043000","Guayaba","Anual","20"
"2022","76100","Bolivar","Norte","2042400","Durazno","Anual","36"
"2021","76364","Jamundí","Sur","2043700","Lulo","Anual","20"
"2021","76622","Roldanillo","Norte","2045700","Pitaya","Anual","18"
"2021","76736","Sevilla","Centro","2046600","Vid","Anual","40"
"2021","76520","Palmira","Sur","2046600","Vid","Anual","16"
"2021","76113","Bugalagrande","Centro","2042800","Granadilla","Anual","24"
"2021","76243","El Aguila","Norte","2046300","Tomate de Árbol","Anual","16"
"2021","76248","El Cerrito","Sur","2044700","Mora","Anual","8"
"2021","76890","Yotoco","Centro","2045700","Pitaya","Anual","18"
"2020","76520","Palmira","Sur","2046600","Vid","Anual","28"
"2020","76364","Jamundí","Sur","2043700","Lulo","Anual","18"
"2020","76736","Sevilla","Centro","2046600","Vid","Anual","40"
"2020","76113","Bugalagrande","Centro","2042800","Granadilla","Anual","24"
"2020","76246","El Cairo","Norte","2044500","Maracuyá","Anual","15"
"2020","76248","El Cerrito","Sur","2044700","Mora","Anual","8"
"2020","76243","El Aguila","Norte","2046300","Tomate de Árbol","Anual","20"
"2020","76111","Buga","Centro","2042700","Fresa","Anual","66"
"2020","76100","Bolivar","Norte","2042400","Durazno","Anual","36"
"2020","76890","Yotoco","Centro","2045700","Pitaya","Anual","18"
"2019","76520","Palmira","Sur","2046600","Vid","Anual","28"
"2019","76606","Restrepo","Centro","2044700","Mora","Anual","16"
"2019","76403","La Victoria","Norte","2045301","Papaya","Anual","50"
"2019","76111","Buga","Centro","2040202","Aguacate","Anual","10"
"2019","76111","Buga","Centro","2046600","Vid","Anual","24"
"2019","76248","El Cerrito","Sur","2044700","Mora","Anual","8"
"2019","76246","El Cairo","Norte","2044500","Maracuyá","Anual","20"
"2019","76246","El Cairo","Norte","2042700","Fresa","Anual","40"
"2019","76243","El Aguila","Norte","2042400","Durazno","Anual","10"
"2019","76100","Bolivar","Norte","2042400","Durazno","Anual","36"
"2018","76520","Palmira","Sur","2046600","Vid","Anual","28"
"2018","76606","Restrepo","Centro","2044700","Mora","Anual","16"
"2018","76606","Restrepo","Centro","2044201","Mango","Anual","0"
"2018","76111","Buga","Centro","2045301","Papaya","Anual","100"
"2018","76111","Buga","Centro","2044500","Maracuyá","Anual","42"
"2018","76111","Buga","Centro","2046600","Vid","Anual","24"
"2018","76246","El Cairo","Norte","2044500","Maracuyá","Anual","20"
"2018","76306","Ginebra","Sur","2046800","Zapote","Anual","16"
"2018","76275","Florida","Sur","2042700","Fresa","Anual","70"
"2018","76246","El Cairo","Norte","2042700","Fresa","Anual","4"
"2018","76111","Buga","Centro","2041100","Brevo","Anual","14"
"2018","76100","Bolivar","Norte","2042400","Durazno","Anual","36"
"2018","76111","Buga","Centro","2042200","Curuba","Anual","16"
"2017","76520","Palmira","Sur","2046600","Vid","Anual","40"
"2017","76563","Pradera","Sur","2040202","Aguacate","Anual","20"
"2017","76111","Buga","Centro","2046600","Vid","Anual","22"
"2017","76275","Florida","Sur","2042700","Fresa","Anual","24"
"2017","76111","Buga","Centro","2041100","Brevo","Anual","2"
"2016","76563","Pradera","Sur","2040202","Aguacate","Anual","20"
"2016","76111","Buga","Centro","2046600","Vid","Anual","22"
"2016","76020","Alcalá","Norte","2045301","Papaya","Anual","100"
"2016","76041","Ansermanuevo","Norte","2043700","Lulo","Anual","10"
"2016","76041","Ansermanuevo","Norte","2044700","Mora","Anual","4"
"2016","76248","El Cerrito","Sur","2044700","Mora","Anual","14"
"2016","76147","Cartago","Norte","2045601","Piña","Anual","75"
"2016","76246","El Cairo","Norte","2046300","Tomate de Árbol","Anual","11"
"2016","76111","Buga","Centro","2041100","Brevo","Anual","2"
"2016","76892","Yumbo","Sur","2044700","Mora","Anual","8"
"2016","76892","Yumbo","Sur","2045700","Pitaya","Anual","12"
"2015","76563","Pradera","Sur","2040202","Aguacate","Anual","20"
"2015","76606","Restrepo","Centro","2044201","Mango","Anual","10"
"2015","76497","Obando","Norte","2045301","Papaya","Anual","220"
"2015","76111","Buga","Centro","2043000","Guayaba","Anual","14"
"2015","76111","Buga","Centro","2046600","Vid","Anual","25"
"2015","76020","Alcalá","Norte","2045301","Papaya","Anual","120"
"2015","76250","El Dovio","Norte","2045700","Pitaya","Anual","8"
"2015","76147","Cartago","Norte","2045601","Piña","Anual","90"
"2015","76275","Florida","Sur","2042700","Fresa","Anual","40"
"2015","76111","Buga","Centro","2041100","Brevo","Anual","1"
"2015","76892","Yumbo","Sur","2045700","Pitaya","Anual","20"
"2015","76895","Zarzal","Norte","2041600","Chontaduro","Anual","16"
"2014","76563","Pradera","Sur","2040202","Aguacate","Anual","20"
"2014","76111","Buga","Centro","2043000","Guayaba","Anual","14"
"2014","76111","Buga","Centro","2046600","Vid","Anual","5"
"2014","76020","Alcalá","Norte","2045301","Papaya","Anual","140"
"2014","76250","El Dovio","Norte","2045700","Pitaya","Anual","8"
"2014","76147","Cartago","Norte","2045601","Piña","Anual","90"
"2014","76275","Florida","Sur","2042700","Fresa","Anual","60"
"2014","76111","Buga","Centro","2041100","Brevo","Anual","1"
"2014","76895","Zarzal","Norte","2041600","Chontaduro","Anual","16"
"2014","76892","Yumbo","Sur","2045700","Pitaya","Anual","8"
"2013","76563","Pradera","Sur","2040202","Aguacate","Anual","20"
"2013","76606","Restrepo","Centro","2046300","Tomate de Árbol","Anual","36"
"2013","76111","Buga","Centro","2046600","Vid","Anual","5"
"2013","76111","Buga","Centro","2044500","Maracuyá","Anual","20"
"2013","76250","El Dovio","Norte","2045700","Pitaya","Anual","8"
"2013","76111","Buga","Centro","2041100","Brevo","Anual","1"
"2013","76892","Yumbo","Sur","2045700","Pitaya","Anual","8"
"2012","76041","Ansermanuevo","Norte","2044500","Maracuyá","Anual","24"
"2012","76246","El Cairo","Norte","2044700","Mora","Anual","14"
"2012","76275","Florida","Sur","2042200","Curuba","Anual","40"
"2011","76246","El Cairo","Norte","2044700","Mora","Anual","14"
"2011","76275","Florida","Sur","2042200","Curuba","Anual","40"
"2011","76892","Yumbo","Sur","2046300","Tomate de Árbol","Anual","12"
"2010","76403","La Victoria","Norte","2046600","Vid","Anual","10"
"2010","76054","Argelia","Norte","2044700","Mora","Anual","0"
"2010","76275","Florida","Sur","2042200","Curuba","Anual","40"
"2010","76147","Cartago","Norte","2045601","Piña","Anual","70"
"2010","76306","Ginebra","Sur","2046800","Zapote","Anual","16"
"2010","76892","Yumbo","Sur","2046300","Tomate de Árbol","Anual","12"
"2009","76403","La Victoria","Norte","2046600","Vid","Anual","10"
"2009","76606","Restrepo","Centro","2042800","Granadilla","Anual","16"
"2009","76111","Buga","Centro","2041100","Brevo","Anual","2"
"2009","76246","El Cairo","Norte","2043700","Lulo","Anual","32"
"2009","76246","El Cairo","Norte","2044700","Mora","Anual","24"
"2009","76306","Ginebra","Sur","2046800","Zapote","Anual","16"
"2009","76233","Dagua","Sur","2041100","Brevo","Anual","30"
"2009","76895","Zarzal","Norte","2044201","Mango","Anual","80"
"2008","76403","La Victoria","Norte","2046600","Vid","Anual","10"
"2008","76606","Restrepo","Centro","2042800","Granadilla","Anual","16"
"2008","76111","Buga","Centro","2042800","Granadilla","Anual","16"
"2008","76111","Buga","Centro","2041100","Brevo","Anual","2"
"2008","76246","El Cairo","Norte","2043700","Lulo","Anual","31"
"2008","76246","El Cairo","Norte","2044700","Mora","Anual","24"
"2008","76275","Florida","Sur","2040202","Aguacate","Anual","12"
"2008","76233","Dagua","Sur","2041100","Brevo","Anual","30"
"2008","76306","Ginebra","Sur","2046800","Zapote","Anual","16"
"2008","76233","Dagua","Sur","2041100","Brevo","Anual","30"
"2008","76895","Zarzal","Norte","2044201","Mango","Anual","80"
"2007","76497","Obando","Norte","2041600","Chontaduro","Anual","20"
"2007","76497","Obando","Norte","2042900","Guanábana","Anual","5"
"2007","76403","La Victoria","Norte","2046600","Vid","Anual","10"
"2007","76250","El Dovio","Norte","2044500","Maracuyá","Anual","10"
"2007","76147","Cartago","Norte","2044500","Maracuyá","Anual","20"
"2007","76233","Dagua","Sur","2041100","Brevo","Anual","30"
"2007","76233","Dagua","Sur","2041100","Brevo","Anual","30"
"2007","76306","Ginebra","Sur","2046800","Zapote","Anual","16"
"2006","76403","La Victoria","Norte","2046600","Vid","Anual","10"
"2006","76828","Trujillo","Centro","2045601","Piña","Anual","24"
"2006","76606","Restrepo","Centro","2045301","Papaya","Anual","30"
"2006","76250","El Dovio","Norte","2044500","Maracuyá","Anual","10"
"2006","76250","El Dovio","Norte","2044700","Mora","Anual","6"
"2006","76147","Cartago","Norte","2044500","Maracuyá","Anual","20"
"2006","76126","Calima Darién","Centro","2041100","Brevo","Anual","16"
"2006","76126","Calima Darién","Centro","2041100","Brevo","Anual","16"
"2006","76306","Ginebra","Sur","2046800","Zapote","Anual","16"
"2005","76403","La Victoria","Norte","2046600","Vid","Anual","24"
"2005","76364","Jamundí","Sur","2041600","Chontaduro","Anual","16"
"2005","76377","La Cumbre","Sur","2040202","Aguacate","Anual","25"
"2005","76616","Riofrío","Centro","2042900","Guanábana","Anual","26"
"2005","76622","Roldanillo","Norte","2044700","Mora","Anual","13"
"2005","76126","Calima Darién","Centro","2041100","Brevo","Anual","16"
"2005","76306","Ginebra","Sur","2046800","Zapote","Anual","16"
"2005","76126","Calima Darién","Centro","2041100","Brevo","Anual","16"
"2005","76892","Yumbo","Sur","2045301","Papaya","Anual","40"
"2005","76863","Versalles","Norte","2043000","Guayaba","Anual","12"
"2005","76869","Vijes","Sur","2046300","Tomate de Árbol","Anual","9"
"2004","76377","La Cumbre","Sur","2040202","Aguacate","Anual","25"
"2004","76616","Riofrío","Centro","2042900","Guanábana","Anual","22"
"2004","76606","Restrepo","Centro","2044700","Mora","Anual","10"
"2004","76306","Ginebra","Sur","2046800","Zapote","Anual","14"
"2004","76863","Versalles","Norte","2043000","Guayaba","Anual","12"
"2004","76890","Yotoco","Centro","2043700","Lulo","Anual","9"
"2003","76616","Riofrío","Centro","2042900","Guanábana","Anual","22"
"2003","76306","Ginebra","Sur","2046800","Zapote","Anual","14"
"2002","76403","La Victoria","Norte","2046600","Vid","Anual","18"
"2002","76364","Jamundí","Sur","2046300","Tomate de Árbol","Anual","6"
"2002","76834","Tuluá","Centro","2040202","Aguacate","Anual","10"
"2002","76616","Riofrío","Centro","2042900","Guanábana","Anual","22"
"2002","76111","Buga","Centro","2041100","Brevo","Anual","2"
"2002","76020","Alcalá","Norte","2045601","Piña","Anual","160"
"2002","76890","Yotoco","Centro","2042800","Granadilla","Anual","20"
"2001","76318","Guacarí","Centro","2046300","Tomate de Árbol","Anual","14"
"2001","76364","Jamundí","Sur","2046300","Tomate de Árbol","Anual","6"
"2001","76834","Tuluá","Centro","2040202","Aguacate","Anual","16"
"2001","76616","Riofrío","Centro","2042900","Guanábana","Anual","22"
"2001","76111","Buga","Centro","2041100","Brevo","Anual","3"
"2001","76113","Bugalagrande","Centro","2042800","Granadilla","Anual","15"
"2001","76054","Argelia","Norte","2044700","Mora","Anual","8"
"2001","76250","El Dovio","Norte","2045601","Piña","Anual","120"
"2000","76318","Guacarí","Centro","2045301","Papaya","Anual","50"
"2000","76834","Tuluá","Centro","2040202","Aguacate","Anual","16"
"2000","76616","Riofrío","Centro","2042900","Guanábana","Anual","22"
"2000","76111","Buga","Centro","2041100","Brevo","Anual","4"
"2000","76054","Argelia","Norte","2044700","Mora","Anual","8"
"2000","76250","El Dovio","Norte","2045601","Piña","Anual","100"
"2000","76275","Florida","Sur","2045301","Papaya","Anual","24"
"2000","76243","El Aguila","Norte","2044800","Morera","Anual","5"
"2000","76111","Buga","Centro","2046500","Uchuva","Anual","7"
"2000","76113","Bugalagrande","Centro","2044800","Morera","Anual","80"
"2000","76890","Yotoco","Centro","2042800","Granadilla","Anual","20"
"2004","76834","Tuluá","Centro","2044800","Morera","Semestre 1","95"
"2007","76828","Trujillo","Centro","1052000","Melón","Semestre 1","100"
"2014","76828","Trujillo","Centro","1052000","Melón","Semestre 1","100"
"2014","76892","Yumbo","Sur","50304610","Sandía","Semestre 1","125"
"2015","76828","Trujillo","Centro","1052000","Melón","Semestre 1","125"
"2016","76892","Yumbo","Sur","50304610","Sandía","Semestre 1","125"
"2017","76622","Roldanillo","Norte","50304610","Sandía","Semestre 1","175"
"2022","76823","Toro","Norte","1052000","Melón","Semestre 1","100"
"2006","76892","Yumbo","Sur","1052000","Melón","Semestre 1","33"
"2000","76403","La Victoria","Norte","1052000","Melón","Semestre 1","160"
"2000","76403","La Victoria","Norte","1052000","Melón","Semestre 1","160"
"2013","76828","Trujillo","Centro","1052000","Melón","Semestre 1","60"
"2018","76895","Zarzal","Norte","1052000","Melón","Semestre 1","56"
"2019","76622","Roldanillo","Norte","50304610","Sandía","Semestre 1","108"
"2008","76828","Trujillo","Centro","1052000","Melón","Semestre 1","60"
"2016","76400","La Unión","Norte","50304610","Sandía","Semestre 1","108"
"2004","76113","Bugalagrande","Centro","2044800","Morera","Semestre 1","81,7"
"2004","76233","Dagua","Sur","2046500","Uchuva","Semestre 1","45,2"
"2004","76250","El Dovio","Norte","2042700","Fresa","Semestre 1","9"
"2004","76318","Guacarí","Centro","2044800","Morera","Semestre 1","48"
"2004","76364","Jamundí","Sur","2046800","Zapote","Semestre 1","0"
"2004","76403","La Victoria","Norte","2041800","Ciruela","Semestre 1","81"
"2004","76563","Pradera","Sur","2043800","Macadamia","Semestre 1","160"
"2004","76670","San Pedro","Centro","2044800","Morera","Semestre 1","283,5"
"2014","76400","La Unión","Norte","50304610","Sandía","Semestre 1","129,6"
"2014","76622","Roldanillo","Norte","50304610","Sandía","Semestre 1","52,5"
"2015","76400","La Unión","Norte","50304610","Sandía","Semestre 1","126,9"
"2015","76622","Roldanillo","Norte","50304610","Sandía","Semestre 1","52,5"
"2016","76622","Roldanillo","Norte","50304610","Sandía","Semestre 1","378"
"2017","76892","Yumbo","Sur","50304610","Sandía","Semestre 1","162,5"
"2018","76622","Roldanillo","Norte","50304610","Sandía","Semestre 1","168"
"2020","76400","La Unión","Norte","50304610","Sandía","Semestre 1","300"
"2020","76403","La Victoria","Norte","50304610","Sandía","Semestre 1","18"
"2020","76622","Roldanillo","Norte","50304610","Sandía","Semestre 1","315"
"2021","76100","Bolivar","Norte","50304610","Sandía","Semestre 1","320"
"2021","76400","La Unión","Norte","50304610","Sandía","Semestre 1","30"
"2021","76403","La Victoria","Norte","50304610","Sandía","Semestre 1","15"
"2021","76622","Roldanillo","Norte","50304610","Sandía","Semestre 1","268"
"2022","76100","Bolivar","Norte","50304610","Sandía","Semestre 1","200"
"2022","76400","La Unión","Norte","50304610","Sandía","Semestre 1","96"
"2022","76403","La Victoria","Norte","50304610","Sandía","Semestre 1","15"
"2022","76622","Roldanillo","Norte","50304610","Sandía","Semestre 1","322,5"
"2000","76100","Bolivar","Norte","1052000","Melón","Semestre 1","1.139,4"
"2000","76400","La Unión","Norte","1052000","Melón","Semestre 1","1.557"
"2000","76622","Roldanillo","Norte","1052000","Melón","Semestre 1","706"
"2000","76823","Toro","Norte","1052000","Melón","Semestre 1","1.120"
"2000","76100","Bolivar","Norte","1052000","Melón","Semestre 1","1.139"
"2000","76400","La Unión","Norte","1052000","Melón","Semestre 1","1.557"
"2000","76622","Roldanillo","Norte","1052000","Melón","Semestre 1","706"
"2000","76823","Toro","Norte","1052000","Melón","Semestre 1","1.120"
"2001","76100","Bolivar","Norte","1052000","Melón","Semestre 1","42"
"2001","76400","La Unión","Norte","1052000","Melón","Semestre 1","35"
"2001","76622","Roldanillo","Norte","1052000","Melón","Semestre 1","20"
"2001","76823","Toro","Norte","1052000","Melón","Semestre 1","40"
"2001","76828","Trujillo","Centro","1052000","Melón","Semestre 1","40"
"2001","76100","Bolivar","Norte","1052000","Melón","Semestre 1","1.266"
"2001","76400","La Unión","Norte","1052000","Melón","Semestre 1","4.432,05"
"2001","76622","Roldanillo","Norte","1052000","Melón","Semestre 1","700"
"2001","76823","Toro","Norte","1052000","Melón","Semestre 1","1.260"
"2001","76828","Trujillo","Centro","1052000","Melón","Semestre 1","360"
"2002","76100","Bolivar","Norte","1052000","Melón","Semestre 1","1.710"
"2002","76400","La Unión","Norte","1052000","Melón","Semestre 1","7.173"
"2002","76622","Roldanillo","Norte","1052000","Melón","Semestre 1","800"
"2002","76823","Toro","Norte","1052000","Melón","Semestre 1","2.480"
"2002","76828","Trujillo","Centro","1052000","Melón","Semestre 1","162"
"2002","76100","Bolivar","Norte","1052000","Melón","Semestre 1","1.710"
"2002","76400","La Unión","Norte","1052000","Melón","Semestre 1","7.172,6"
"2002","76622","Roldanillo","Norte","1052000","Melón","Semestre 1","800"
"2002","76823","Toro","Norte","1052000","Melón","Semestre 1","2.480"
"2002","76828","Trujillo","Centro","1052000","Melón","Semestre 1","162"
"2003","76100","Bolivar","Norte","1052000","Melón","Semestre 1","1.899"
"2003","76400","La Unión","Norte","1052000","Melón","Semestre 1","6.521"
"2003","76622","Roldanillo","Norte","1052000","Melón","Semestre 1","800"
"2003","76823","Toro","Norte","1052000","Melón","Semestre 1","2.480"
"2003","76828","Trujillo","Centro","1052000","Melón","Semestre 1","162"
"2003","76100","Bolivar","Norte","1052000","Melón","Semestre 1","1.899"
"2003","76400","La Unión","Norte","1052000","Melón","Semestre 1","6.520,5"
"2003","76622","Roldanillo","Norte","1052000","Melón","Semestre 1","800"
"2003","76823","Toro","Norte","1052000","Melón","Semestre 1","2.480"
"2003","76828","Trujillo","Centro","1052000","Melón","Semestre 1","162"
"2004","76100","Bolivar","Norte","1052000","Melón","Semestre 1","2.532"
"2004","76400","La Unión","Norte","1052000","Melón","Semestre 1","3.658"
"2004","76622","Roldanillo","Norte","1052000","Melón","Semestre 1","1.080"
"2004","76823","Toro","Norte","1052000","Melón","Semestre 1","1.146"
"2004","76828","Trujillo","Centro","1052000","Melón","Semestre 1","152"
"2005","76100","Bolivar","Norte","1052000","Melón","Semestre 1","3.780"
"2005","76248","El Cerrito","Sur","1052000","Melón","Semestre 1","152"
"2005","76400","La Unión","Norte","1052000","Melón","Semestre 1","3.249"
"2005","76622","Roldanillo","Norte","1052000","Melón","Semestre 1","2.520"
"2005","76823","Toro","Norte","1052000","Melón","Semestre 1","1.600"
"2005","76828","Trujillo","Centro","1052000","Melón","Semestre 1","152"
"2006","76100","Bolivar","Norte","1052000","Melón","Semestre 1","3.780"
"2006","76400","La Unión","Norte","1052000","Melón","Semestre 1","3.040"
"2006","76622","Roldanillo","Norte","1052000","Melón","Semestre 1","2.600"
"2006","76823","Toro","Norte","1052000","Melón","Semestre 1","2.720"
"2007","76100","Bolivar","Norte","1052000","Melón","Semestre 1","2.310"
"2007","76400","La Unión","Norte","1052000","Melón","Semestre 1","4.940"
"2007","76622","Roldanillo","Norte","1052000","Melón","Semestre 1","2.000"
"2008","76100","Bolivar","Norte","1052000","Melón","Semestre 1","1.344"
"2008","76400","La Unión","Norte","1052000","Melón","Semestre 1","4.940"
"2008","76622","Roldanillo","Norte","1052000","Melón","Semestre 1","2.600"
"2008","76895","Zarzal","Norte","1052000","Melón","Semestre 1","225"
"2009","76100","Bolivar","Norte","1052000","Melón","Semestre 1","189"
"2009","76400","La Unión","Norte","1052000","Melón","Semestre 1","1.920"
"2009","76622","Roldanillo","Norte","1052000","Melón","Semestre 1","407"
"2009","76823","Toro","Norte","1052000","Melón","Semestre 1","1.568"
"2009","76828","Trujillo","Centro","1052000","Melón","Semestre 1","105"
"2009","76895","Zarzal","Norte","1052000","Melón","Semestre 1","4.050"
"2010","76041","Ansermanuevo","Norte","1052000","Melón","Semestre 1","1.320"
"2010","76100","Bolivar","Norte","1052000","Melón","Semestre 1","2.268"
"2010","76400","La Unión","Norte","1052000","Melón","Semestre 1","3.600"
"2010","76622","Roldanillo","Norte","1052000","Melón","Semestre 1","3.648"
"2010","76823","Toro","Norte","1052000","Melón","Semestre 1","1.260"
"2010","76895","Zarzal","Norte","1052000","Melón","Semestre 1","2.700"
"2011","76100","Bolivar","Norte","1052000","Melón","Semestre 1","1.512"
"2011","76400","La Unión","Norte","1052000","Melón","Semestre 1","3.950"
"2011","76622","Roldanillo","Norte","1052000","Melón","Semestre 1","4.095"
"2011","76823","Toro","Norte","1052000","Melón","Semestre 1","1.260"
"2011","76895","Zarzal","Norte","1052000","Melón","Semestre 1","1.463"
"2012","76100","Bolivar","Norte","1052000","Melón","Semestre 1","1.260"
"2012","76400","La Unión","Norte","1052000","Melón","Semestre 1","2.709"
"2012","76622","Roldanillo","Norte","1052000","Melón","Semestre 1","875"
"2012","76823","Toro","Norte","1052000","Melón","Semestre 1","1.456"
"2012","76828","Trujillo","Centro","1052000","Melón","Semestre 1","90"
"2012","76892","Yumbo","Sur","1052000","Melón","Semestre 1","150"
"2012","76895","Zarzal","Norte","1052000","Melón","Semestre 1","750"
"2013","76100","Bolivar","Norte","1052000","Melón","Semestre 1","1.680"
"2013","76400","La Unión","Norte","1052000","Melón","Semestre 1","1.132"
"2013","76622","Roldanillo","Norte","1052000","Melón","Semestre 1","1.858"
"2013","76823","Toro","Norte","1052000","Melón","Semestre 1","963"
"2013","76892","Yumbo","Sur","1052000","Melón","Semestre 1","120"
"2013","76895","Zarzal","Norte","1052000","Melón","Semestre 1","270"
"2014","76100","Bolivar","Norte","1052000","Melón","Semestre 1","1.890"
"2014","76400","La Unión","Norte","1052000","Melón","Semestre 1","2.131"
"2014","76622","Roldanillo","Norte","1052000","Melón","Semestre 1","2.086"
"2014","76823","Toro","Norte","1052000","Melón","Semestre 1","950"
"2014","76892","Yumbo","Sur","1052000","Melón","Semestre 1","120"
"2014","76895","Zarzal","Norte","1052000","Melón","Semestre 1","768"
"2015","76100","Bolivar","Norte","1052000","Melón","Semestre 1","1.974"
"2015","76400","La Unión","Norte","1052000","Melón","Semestre 1","1.728"
"2015","76622","Roldanillo","Norte","1052000","Melón","Semestre 1","669"
"2015","76823","Toro","Norte","1052000","Melón","Semestre 1","700"
"2015","76892","Yumbo","Sur","1052000","Melón","Semestre 1","100"
"2015","76895","Zarzal","Norte","1052000","Melón","Semestre 1","630"
"2016","76100","Bolivar","Norte","1052000","Melón","Semestre 1","2.310"
"2016","76400","La Unión","Norte","1052000","Melón","Semestre 1","1.620"
"2016","76622","Roldanillo","Norte","1052000","Melón","Semestre 1","1.854"
"2016","76823","Toro","Norte","1052000","Melón","Semestre 1","675"
"2016","76892","Yumbo","Sur","1052000","Melón","Semestre 1","200"
"2016","76895","Zarzal","Norte","1052000","Melón","Semestre 1","600"
"2017","76100","Bolivar","Norte","1052000","Melón","Semestre 1","1.470"
"2017","76400","La Unión","Norte","1052000","Melón","Semestre 1","440"
"2017","76622","Roldanillo","Norte","1052000","Melón","Semestre 1","900"
"2017","76823","Toro","Norte","1052000","Melón","Semestre 1","700"
"2018","76100","Bolivar","Norte","1052000","Melón","Semestre 1","1.050"
"2018","76400","La Unión","Norte","1052000","Melón","Semestre 1","555,5"
"2018","76622","Roldanillo","Norte","1052000","Melón","Semestre 1","255"
"2018","76823","Toro","Norte","1052000","Melón","Semestre 1","560"
"2019","76100","Bolivar","Norte","1052000","Melón","Semestre 1","1.050"
"2019","76400","La Unión","Norte","1052000","Melón","Semestre 1","462"
"2019","76622","Roldanillo","Norte","1052000","Melón","Semestre 1","458,1"
"2019","76823","Toro","Norte","1052000","Melón","Semestre 1","560"
"2020","76100","Bolivar","Norte","1052000","Melón","Semestre 1","882"
"2020","76400","La Unión","Norte","1052000","Melón","Semestre 1","374"
"2020","76403","La Victoria","Norte","1052000","Melón","Semestre 1","3,6"
"2020","76622","Roldanillo","Norte","1052000","Melón","Semestre 1","506"
"2020","76823","Toro","Norte","1052000","Melón","Semestre 1","300"
"2021","76100","Bolivar","Norte","1052000","Melón","Semestre 1","1.680"
"2021","76400","La Unión","Norte","1052000","Melón","Semestre 1","84"
"2021","76622","Roldanillo","Norte","1052000","Melón","Semestre 1","405"
"2021","76823","Toro","Norte","1052000","Melón","Semestre 1","200"
"2022","76100","Bolivar","Norte","1052000","Melón","Semestre 1","1.050"
"2022","76400","La Unión","Norte","1052000","Melón","Semestre 1","84"
"2022","76622","Roldanillo","Norte","1052000","Melón","Semestre 1","153"
"2004","76616","Riofrío","Centro","2044800","Morera","Semestre 1","75"
"2009","76892","Yumbo","Sur","1052000","Melón","Semestre 1","180"
"2017","76895","Zarzal","Norte","1052000","Melón","Semestre 1","45"
"2004","76306","Ginebra","Sur","2046800","Zapote","Semestre 1","14"
"2016","76828","Trujillo","Centro","1052000","Melón","Semestre 1","30"
"2017","76403","La Victoria","Norte","1052000","Melón","Semestre 1","30"
"2017","76892","Yumbo","Sur","1052000","Melón","Semestre 1","40"
"2020","76100","Bolivar","Norte","50304610","Sandía","Semestre 1","60"
"2004","76377","La Cumbre","Sur","2044400","Manzana","Semestre 1","245"
"2014","76400","La Unión","Norte","50304610","Sandía","Semestre 2","99,9"
"2014","76622","Roldanillo","Norte","50304610","Sandía","Semestre 2","52,5"
"2015","76400","La Unión","Norte","50304610","Sandía","Semestre 2","108"
"2015","76622","Roldanillo","Norte","50304610","Sandía","Semestre 2","52,5"
"2016","76400","La Unión","Norte","50304610","Sandía","Semestre 2","108"
"2016","76622","Roldanillo","Norte","50304610","Sandía","Semestre 2","175"
"2016","76892","Yumbo","Sur","50304610","Sandía","Semestre 2","150"
"2017","76622","Roldanillo","Norte","50304610","Sandía","Semestre 2","175"
"2018","76622","Roldanillo","Norte","50304610","Sandía","Semestre 2","85,05"
"2019","76622","Roldanillo","Norte","50304610","Sandía","Semestre 2","147"
"2020","76100","Bolivar","Norte","50304610","Sandía","Semestre 2","90"
"2020","76400","La Unión","Norte","50304610","Sandía","Semestre 2","125"
"2020","76403","La Victoria","Norte","50304610","Sandía","Semestre 2","15"
"2020","76622","Roldanillo","Norte","50304610","Sandía","Semestre 2","140"
"2021","76100","Bolivar","Norte","50304610","Sandía","Semestre 2","320"
"2021","76400","La Unión","Norte","50304610","Sandía","Semestre 2","40"
"2021","76622","Roldanillo","Norte","50304610","Sandía","Semestre 2","200"
"2022","76100","Bolivar","Norte","50304610","Sandía","Semestre 2","200"
"2022","76400","La Unión","Norte","50304610","Sandía","Semestre 2","96"
"2022","76622","Roldanillo","Norte","50304610","Sandía","Semestre 2","488,7"
"2000","76100","Bolivar","Norte","1052000","Melón","Semestre 2","1.266"
"2000","76400","La Unión","Norte","1052000","Melón","Semestre 2","1.788,6"
"2000","76403","La Victoria","Norte","1052000","Melón","Semestre 2","160"
"2000","76622","Roldanillo","Norte","1052000","Melón","Semestre 2","720"
"2000","76823","Toro","Norte","1052000","Melón","Semestre 2","1.012"
"2000","76100","Bolivar","Norte","1052000","Melón","Semestre 2","1.266"
"2000","76400","La Unión","Norte","1052000","Melón","Semestre 2","1.789"
"2000","76403","La Victoria","Norte","1052000","Melón","Semestre 2","160"
"2000","76622","Roldanillo","Norte","1052000","Melón","Semestre 2","720"
"2000","76823","Toro","Norte","1052000","Melón","Semestre 2","1.012"
"2001","76100","Bolivar","Norte","1052000","Melón","Semestre 2","42"
"2001","76400","La Unión","Norte","1052000","Melón","Semestre 2","30"
"2001","76622","Roldanillo","Norte","1052000","Melón","Semestre 2","20"
"2001","76823","Toro","Norte","1052000","Melón","Semestre 2","40"
"2001","76828","Trujillo","Centro","1052000","Melón","Semestre 2","30"
"2001","76100","Bolivar","Norte","1052000","Melón","Semestre 2","1.561,4"
"2001","76400","La Unión","Norte","1052000","Melón","Semestre 2","3.829,5"
"2001","76622","Roldanillo","Norte","1052000","Melón","Semestre 2","1.300"
"2001","76823","Toro","Norte","1052000","Melón","Semestre 2","1.744"
"2001","76828","Trujillo","Centro","1052000","Melón","Semestre 2","270"
"2002","76100","Bolivar","Norte","1052000","Melón","Semestre 2","2.363"
"2002","76400","La Unión","Norte","1052000","Melón","Semestre 2","4.408"
"2002","76622","Roldanillo","Norte","1052000","Melón","Semestre 2","1.340"
"2002","76823","Toro","Norte","1052000","Melón","Semestre 2","2.400"
"2002","76828","Trujillo","Centro","1052000","Melón","Semestre 2","162"
"2002","76100","Bolivar","Norte","1052000","Melón","Semestre 2","2.363,2"
"2002","76400","La Unión","Norte","1052000","Melón","Semestre 2","4.408,3"
"2002","76622","Roldanillo","Norte","1052000","Melón","Semestre 2","1.340"
"2002","76823","Toro","Norte","1052000","Melón","Semestre 2","2.400"
"2002","76828","Trujillo","Centro","1052000","Melón","Semestre 2","162"
"2003","76100","Bolivar","Norte","1052000","Melón","Semestre 2","2.114"
"2003","76400","La Unión","Norte","1052000","Melón","Semestre 2","3.939"
"2003","76622","Roldanillo","Norte","1052000","Melón","Semestre 2","1.273"
"2003","76823","Toro","Norte","1052000","Melón","Semestre 2","2.070"
"2003","76828","Trujillo","Centro","1052000","Melón","Semestre 2","167"
"2003","76100","Bolivar","Norte","1052000","Melón","Semestre 2","2.114"
"2003","76400","La Unión","Norte","1052000","Melón","Semestre 2","3.938,8"
"2003","76622","Roldanillo","Norte","1052000","Melón","Semestre 2","1.273"
"2003","76823","Toro","Norte","1052000","Melón","Semestre 2","2.070"
"2003","76828","Trujillo","Centro","1052000","Melón","Semestre 2","167,4"
"2004","76100","Bolivar","Norte","1052000","Melón","Semestre 2","3.020"
"2004","76400","La Unión","Norte","1052000","Melón","Semestre 2","2.534"
"2004","76622","Roldanillo","Norte","1052000","Melón","Semestre 2","1.000"
"2004","76823","Toro","Norte","1052000","Melón","Semestre 2","1.587"
"2004","76828","Trujillo","Centro","1052000","Melón","Semestre 2","171"
"2005","76100","Bolivar","Norte","1052000","Melón","Semestre 2","3.780"
"2005","76248","El Cerrito","Sur","1052000","Melón","Semestre 2","152"
"2005","76400","La Unión","Norte","1052000","Melón","Semestre 2","3.515"
"2005","76622","Roldanillo","Norte","1052000","Melón","Semestre 2","2.400"
"2005","76823","Toro","Norte","1052000","Melón","Semestre 2","2.080"
"2005","76828","Trujillo","Centro","1052000","Melón","Semestre 2","152"
"2005","76895","Zarzal","Norte","1052000","Melón","Semestre 2","360"
"2006","76100","Bolivar","Norte","1052000","Melón","Semestre 2","1.890"
"2006","76400","La Unión","Norte","1052000","Melón","Semestre 2","3.800"
"2006","76622","Roldanillo","Norte","1052000","Melón","Semestre 2","700"
"2006","76823","Toro","Norte","1052000","Melón","Semestre 2","2.240"
"2006","76828","Trujillo","Centro","1052000","Melón","Semestre 2","114"
"2007","76100","Bolivar","Norte","1052000","Melón","Semestre 2","2.100"
"2007","76400","La Unión","Norte","1052000","Melón","Semestre 2","3.800"
"2007","76622","Roldanillo","Norte","1052000","Melón","Semestre 2","2.600"
"2007","76823","Toro","Norte","1052000","Melón","Semestre 2","1.984"
"2007","76828","Trujillo","Centro","1052000","Melón","Semestre 2","114"
"2007","76895","Zarzal","Norte","1052000","Melón","Semestre 2","510"
"2008","76100","Bolivar","Norte","1052000","Melón","Semestre 2","840"
"2008","76400","La Unión","Norte","1052000","Melón","Semestre 2","3.800"
"2008","76622","Roldanillo","Norte","1052000","Melón","Semestre 2","2.800"
"2008","76823","Toro","Norte","1052000","Melón","Semestre 2","1.736"
"2008","76895","Zarzal","Norte","1052000","Melón","Semestre 2","75"
"2009","76100","Bolivar","Norte","1052000","Melón","Semestre 2","147"
"2009","76400","La Unión","Norte","1052000","Melón","Semestre 2","1.520"
"2009","76622","Roldanillo","Norte","1052000","Melón","Semestre 2","2.038"
"2009","76823","Toro","Norte","1052000","Melón","Semestre 2","1.400"
"2009","76892","Yumbo","Sur","1052000","Melón","Semestre 2","228"
"2009","76895","Zarzal","Norte","1052000","Melón","Semestre 2","2.250"
"2010","76041","Ansermanuevo","Norte","1052000","Melón","Semestre 2","1.152"
"2010","76100","Bolivar","Norte","1052000","Melón","Semestre 2","1.890"
"2010","76400","La Unión","Norte","1052000","Melón","Semestre 2","560"
"2010","76403","La Victoria","Norte","1052000","Melón","Semestre 2","515"
"2010","76622","Roldanillo","Norte","1052000","Melón","Semestre 2","1.880"
"2010","76823","Toro","Norte","1052000","Melón","Semestre 2","1.120"
"2010","76895","Zarzal","Norte","1052000","Melón","Semestre 2","1.800"
"2011","76100","Bolivar","Norte","1052000","Melón","Semestre 2","1.428"
"2011","76400","La Unión","Norte","1052000","Melón","Semestre 2","4.900"
"2011","76622","Roldanillo","Norte","1052000","Melón","Semestre 2","2.042"
"2011","76823","Toro","Norte","1052000","Melón","Semestre 2","1.232"
"2011","76895","Zarzal","Norte","1052000","Melón","Semestre 2","1.500"
"2012","76100","Bolivar","Norte","1052000","Melón","Semestre 2","840"
"2012","76400","La Unión","Norte","1052000","Melón","Semestre 2","3.003"
"2012","76622","Roldanillo","Norte","1052000","Melón","Semestre 2","1.211"
"2012","76823","Toro","Norte","1052000","Melón","Semestre 2","1.568"
"2012","76892","Yumbo","Sur","1052000","Melón","Semestre 2","320"
"2012","76895","Zarzal","Norte","1052000","Melón","Semestre 2","17"
"2013","76100","Bolivar","Norte","1052000","Melón","Semestre 2","1.764"
"2013","76400","La Unión","Norte","1052000","Melón","Semestre 2","1.158"
"2013","76622","Roldanillo","Norte","1052000","Melón","Semestre 2","1.645"
"2013","76823","Toro","Norte","1052000","Melón","Semestre 2","963"
"2013","76892","Yumbo","Sur","1052000","Melón","Semestre 2","200"
"2013","76895","Zarzal","Norte","1052000","Melón","Semestre 2","180"
"2014","76100","Bolivar","Norte","1052000","Melón","Semestre 2","1.680"
"2014","76400","La Unión","Norte","1052000","Melón","Semestre 2","2.088"
"2014","76622","Roldanillo","Norte","1052000","Melón","Semestre 2","1.225"
"2014","76823","Toro","Norte","1052000","Melón","Semestre 2","950"
"2014","76892","Yumbo","Sur","1052000","Melón","Semestre 2","200"
"2014","76895","Zarzal","Norte","1052000","Melón","Semestre 2","450"
"2015","76100","Bolivar","Norte","1052000","Melón","Semestre 2","1.680"
"2015","76400","La Unión","Norte","1052000","Melón","Semestre 2","1.692"
"2015","76403","La Victoria","Norte","1052000","Melón","Semestre 2","150"
"2015","76622","Roldanillo","Norte","1052000","Melón","Semestre 2","669"
"2015","76823","Toro","Norte","1052000","Melón","Semestre 2","750"
"2015","76892","Yumbo","Sur","1052000","Melón","Semestre 2","100"
"2015","76895","Zarzal","Norte","1052000","Melón","Semestre 2","420"
"2016","76100","Bolivar","Norte","1052000","Melón","Semestre 2","1.890"
"2016","76400","La Unión","Norte","1052000","Melón","Semestre 2","1.692"
"2016","76622","Roldanillo","Norte","1052000","Melón","Semestre 2","1.158"
"2016","76823","Toro","Norte","1052000","Melón","Semestre 2","750"
"2016","76892","Yumbo","Sur","1052000","Melón","Semestre 2","160"
"2016","76895","Zarzal","Norte","1052000","Melón","Semestre 2","875"
"2017","76100","Bolivar","Norte","1052000","Melón","Semestre 2","1.470"
"2017","76400","La Unión","Norte","1052000","Melón","Semestre 2","440"
"2017","76622","Roldanillo","Norte","1052000","Melón","Semestre 2","510"
"2017","76823","Toro","Norte","1052000","Melón","Semestre 2","575"
"2017","76892","Yumbo","Sur","1052000","Melón","Semestre 2","60"
"2017","76895","Zarzal","Norte","1052000","Melón","Semestre 2","75"
"2018","76100","Bolivar","Norte","1052000","Melón","Semestre 2","1.134"
"2018","76400","La Unión","Norte","1052000","Melón","Semestre 2","396"
"2018","76622","Roldanillo","Norte","1052000","Melón","Semestre 2","219,9"
"2018","76823","Toro","Norte","1052000","Melón","Semestre 2","560"
"2018","76895","Zarzal","Norte","1052000","Melón","Semestre 2","56"
"2019","76100","Bolivar","Norte","1052000","Melón","Semestre 2","1.134"
"2019","76622","Roldanillo","Norte","1052000","Melón","Semestre 2","324"
"2019","76823","Toro","Norte","1052000","Melón","Semestre 2","560"
"2020","76100","Bolivar","Norte","1052000","Melón","Semestre 2","966"
"2020","76400","La Unión","Norte","1052000","Melón","Semestre 2","440"
"2020","76403","La Victoria","Norte","1052000","Melón","Semestre 2","3"
"2020","76622","Roldanillo","Norte","1052000","Melón","Semestre 2","267"
"2020","76823","Toro","Norte","1052000","Melón","Semestre 2","300"
"2021","76100","Bolivar","Norte","1052000","Melón","Semestre 2","1.469"
"2021","76400","La Unión","Norte","1052000","Melón","Semestre 2","102"
"2021","76622","Roldanillo","Norte","1052000","Melón","Semestre 2","202,5"
"2021","76823","Toro","Norte","1052000","Melón","Semestre 2","200"
"2021","76895","Zarzal","Norte","1052000","Melón","Semestre 2","9,6"
"2022","76100","Bolivar","Norte","1052000","Melón","Semestre 2","1.260"
"2022","76400","La Unión","Norte","1052000","Melón","Semestre 2","84"
"2022","76403","La Victoria","Norte","1052000","Melón","Semestre 2","5"
"2022","76622","Roldanillo","Norte","1052000","Melón","Semestre 2","259,2"
"2022","76823","Toro","Norte","1052000","Melón","Semestre 2","100"
"2013","76828","Trujillo","Centro","1052000","Melón","Semestre 2","38"
"2001","76895","Zarzal","Norte","1052000","Melón","Semestre 2","35"
"2001","76895","Zarzal","Norte","1052000","Melón","Semestre 2","70"
"2010","76892","Yumbo","Sur","1052000","Melón","Semestre 2","100"
"2011","76892","Yumbo","Sur","1052000","Melón","Semestre 2","100"
"2012","76828","Trujillo","Centro","1052000","Melón","Semestre 2","30"
"2013","76520","Palmira","Sur","1052000","Melón","Semestre 2","40"
"2014","76828","Trujillo","Centro","1052000","Melón","Semestre 2","40"
"2019","76400","La Unión","Norte","1052000","Melón","Semestre 2","44"
